election_date,year,n_harmonized_provinces,coverage_note
19480418,1948,105,1948 has 105 harmonized provinces: Gorizia is missing from the source; Trieste is institutionally absent.
19530607,1953,106,1953 has 106 harmonized provinces: Trieste is institutionally absent.
19580525,1958,107,Full 107-province harmonized target coverage.
19630428,1963,107,Full 107-province harmonized target coverage.
19680519,1968,107,Full 107-province harmonized target coverage.
19720507,1972,107,Full 107-province harmonized target coverage.
19760620,1976,107,Full 107-province harmonized target coverage.
19790603,1979,107,Full 107-province harmonized target coverage.
19830626,1983,107,Full 107-province harmonized target coverage.
19870614,1987,107,Full 107-province harmonized target coverage.
19920405,1992,107,Full 107-province harmonized target coverage.
19940327,1994,107,Full 107-province harmonized target coverage.
19960421,1996,107,Full 107-province harmonized target coverage.
20010513,2001,107,Full 107-province harmonized target coverage.
20060409,2006,107,Full 107-province harmonized target coverage.
20080413,2008,107,Full 107-province harmonized target coverage.
20130224,2013,107,Full 107-province harmonized target coverage.
20180304,2018,107,Full 107-province harmonized target coverage.
20220925,2022,107,Full 107-province harmonized target coverage.
