election_date,municipality_match,province_raw,municipality_situas_manual,actual_resolution_reason
ALL,MASSAFISCAGLIA,FERRARA,Massa Fiscaglia,fuzzy_verified_same_province_alias
ALL,IOLANDA DI SAVOIA,FERRARA,Jolanda di Savoia,fuzzy_verified_same_province_alias
ALL,COSIO DI ARROSCIA,IMPERIA,Cosio d'Arroscia,fuzzy_verified_same_province_alias
ALL,MONTECOMPATRI,ROMA,Monte Compatri,fuzzy_verified_same_province_alias
ALL,BAIARDO,IMPERIA,Bajardo,fuzzy_verified_same_province_alias
ALL,SANTO STINO DI LIVENZA,VENEZIA,San Stino di Livenza,fuzzy_verified_same_province_alias
ALL,NOCERA TIRINESE,CATANZARO,Nocera Terinese,fuzzy_verified_same_province_alias
ALL,CASTRONUOVO DI SICILIA,PALERMO,Castronovo di Sicilia,fuzzy_verified_same_province_alias
ALL,MONTALBANO IONICO,MATERA,Montalbano Jonico,fuzzy_verified_same_province_alias
ALL,AQUILA DI ARROSCIA,IMPERIA,Aquila d'Arroscia,fuzzy_verified_same_province_alias
ALL,CASTEL MOLA,MESSINA,Castelmola,fuzzy_verified_same_province_alias
ALL,POIANA MAGGIORE,VICENZA,Pojana Maggiore,fuzzy_verified_same_province_alias
ALL,REANA DEL ROIALE,UDINE,Reana del Rojale,fuzzy_verified_same_province_alias
ALL,TORELLA DE LOMBARDI,AVELLINO,Torella dei Lombardi,fuzzy_verified_same_province_alias
ALL,SAN REMO,IMPERIA,Sanremo,fuzzy_verified_same_province_alias
ALL,MASSALUBRENSE,NAPOLI,Massa Lubrense,fuzzy_verified_same_province_alias
ALL,CASSANO ALLO IONIO,COSENZA,Cassano all'Ionio,fuzzy_verified_same_province_alias
ALL,PERSICO D OSIMO,CREMONA,Persico Dosimo,fuzzy_verified_same_province_alias
ALL,MONTE CASTELLO,ALESSANDRIA,Montecastello,fuzzy_verified_same_province_alias
ALL,SCALETTA ZANCLEA,MESSINA,Scaletta Zanglea,fuzzy_verified_same_province_alias
ALL,COSTA DI SERINA,BERGAMO,Costa Serina,fuzzy_verified_same_province_alias
ALL,CIVITACASTELLANA,VITERBO,Civita Castellana,fuzzy_verified_same_province_alias
ALL,CHALLAND SAINT ANSELME,AOSTA,Challant Saint Anselme,fuzzy_verified_same_province_alias
ALL,CHALLAND SAINT VICTOR,AOSTA,Challant Saint Victor,fuzzy_verified_same_province_alias
ALL,AYMAVILLES,AOSTA,Aymaville,fuzzy_verified_same_province_alias
ALL,VALTOURNENCHE,AOSTA,Valtournanche,fuzzy_verified_same_province_alias
ALL,VALSAVARENCHE,AOSTA,Valsavaranche,fuzzy_verified_same_province_alias
ALL,VALGRISENCHE,AOSTA,Valgrisanche,fuzzy_verified_same_province_alias
ALL,CREVOLA D OSSOLA,NOVARA,Crevoladossola,fuzzy_verified_same_province_alias
ALL,ROSETO CAPO SPULICO,COSENZA,Rosito Capo Spulico,fuzzy_verified_same_province_alias
ALL,CANTALUPO DEL SANNIO,CAMPOBASSO,Cantalupo nel Sannio,fuzzy_verified_same_province_alias
ALL,CONCORDIA SAGITTARIA,VENEZIA,Concordia Sagitaria,fuzzy_verified_same_province_alias
ALL,MACCHIA VALFORTE,CAMPOBASSO,Macchia Valfortore,fuzzy_verified_same_province_alias
ALL,SAN GIOVINO MONREALE,CAGLIARI,San Gavino Monreale,fuzzy_verified_same_province_alias
ALL,LASPLASSAS,CAGLIARI,Las Plassas,fuzzy_verified_same_province_alias
ALL,MONTEFALCONE DAL SANNIO,CAMPOBASSO,Montefalcone nel Sannio,fuzzy_verified_same_province_alias
ALL,DOMUSDEMARIA,CAGLIARI,Domus de Maria,fuzzy_verified_same_province_alias
ALL,FORNOVO SAN GIOVANNI,BERGAMO,Fornovo di San Giovanni,fuzzy_verified_same_province_alias
ALL,MATHI,TORINO,Mati,fuzzy_verified_same_province_alias
ALL,CASTROCARO TERME E TERRA DEL SOLE,FORLI',Castrocaro e Terra del Sole,fuzzy_verified_same_province_alias
ALL,BORGHETTO D ARROSCIA,IMPERIA,Borghetto di Arroscia,fuzzy_verified_same_province_alias
ALL,CASTELLO LAVAZZO,BELLUNO,Castellavazzo,fuzzy_verified_same_province_alias
ALL,BELFORTE DEL CHIENTI,MACERATA,Belforte del Chiento,fuzzy_verified_same_province_alias
ALL,PRADLEVES,CUNEO,Pradleve,fuzzy_verified_same_province_alias
ALL,SAN PIETRO DI CADORE,BELLUNO,San Pietro Cadore,fuzzy_verified_same_province_alias
ALL,SAMPEYRE,CUNEO,Sampèire,fuzzy_verified_same_province_alias
ALL,MONASTEROLO CASOTTO,CUNEO,Monasterolo Cassoto,fuzzy_verified_same_province_alias
ALL,LOZZO DI CADORE,BELLUNO,Lozzo Cadore,fuzzy_verified_same_province_alias
ALL,FONTANETTO PO,VERCELLI,Fontanetto da Po,fuzzy_verified_same_province_alias
ALL,MONTALBANO ELICONA,MESSINA,Montalbano di Elicona,fuzzy_verified_same_province_alias
ALL,CERRETO LOMELLINO,PAVIA,Cerretto Lomellino,fuzzy_verified_same_province_alias
ALL,BASSANODISUTRI,VITERBO,Bassano di Sutri,fuzzy_verified_same_province_alias
ALL,BASCAP,PAVIA,Bascapè,fuzzy_verified_same_province_alias
ALL,BARRUMINI,CAGLIARI,Barumini,fuzzy_verified_same_province_alias
ALL,BALABIO,COMO,Ballabio,fuzzy_verified_same_province_alias
ALL,CEGLIE MESSAPICA,BRINDISI,Ceglie Messapico,fuzzy_verified_same_province_alias
ALL,CASTELVETERE SUL CALORE,AVELLINO,Castelvetere di Calore,fuzzy_verified_same_province_alias
ALL,CENTRISOLO,BERGAMO,Centrisola,fuzzy_verified_same_province_alias
ALL,CAMINO AL TAGLIAMENTO,UDINE,San Martino al Tagliamento,fuzzy_verified_same_province_alias
ALL,COLLEDANCHISE,CAMPOBASSO,Colle d'Anchise,fuzzy_verified_same_province_alias
ALL,CERETTO LOMELLINA,PAVIA,Cerretto Lomellino,fuzzy_verified_same_province_alias
ALL,CERRETO LANGHE,CUNEO,Cerretto Langhe,fuzzy_verified_same_province_alias
ALL,ORSINI,NUORO,Osini,fuzzy_verified_same_province_alias
ALL,NUGHEDU SAN NICOLO,SASSARI,Nughedu di San Nicolò,fuzzy_verified_same_province_alias
ALL,MONACIILIONI,CAMPOBASSO,Monacilioni,fuzzy_verified_same_province_alias
ALL,GONNASFANADIGA,MEDIO CAMPIDANO,Gonnosfanadiga,fuzzy_verified_same_province_alias
ALL,MAIER,COSENZA,Maierà,fuzzy_verified_same_province_alias
ALL,GAMBOL,PAVIA,Gambolò,fuzzy_verified_same_province_alias
ALL,ESCOLA,NUORO,Escolca,fuzzy_verified_same_province_alias
ALL,MONTEREALE VALCELLINA,UDINE,Montereale Cellina,fuzzy_verified_same_province_alias
ALL,NORAGUS,NUORO,Nuragus,fuzzy_verified_same_province_alias
ALL,MONT BECCARIA,PAVIA,Montù Beccaria,fuzzy_verified_same_province_alias
ALL,SALMOUR,CUNEO,Salmore,fuzzy_verified_same_province_alias
ALL,SAM GIOVANNI IN MARIGNANO,FORLI',San Giovanni in Marignano,fuzzy_verified_same_province_alias
ALL,ROBURENT,CUNEO,Roburento,fuzzy_verified_same_province_alias
ALL,SANT ARCANGELO DI ROMAGNA,FORLI',Santarcangelo di Romagna,fuzzy_verified_same_province_alias
ALL,SANNICANDRO GARGANICO,FOGGIA,San Nicandro Garganico,fuzzy_verified_same_province_alias
ALL,SANFRONT,CUNEO,Sanfronte,fuzzy_verified_same_province_alias
ALL,SAN GIULIANO IN PUGLIA,CAMPOBASSO,San Giuliano di Puglia,fuzzy_verified_same_province_alias
ALL,SAN BERNARDINO VER,NOVARA,San Bernardino Verbano,fuzzy_verified_same_province_alias
ALL,POZZAGLIA SABINO,RIETI,Pozzaglia Sabina,fuzzy_verified_same_province_alias
ALL,SANTA CROCE IN MAGLIANO,CAMPOBASSO,Santa Croce di Magliano,fuzzy_verified_same_province_alias
ALL,SANTA TERESA DI GALLURA,OLBIA-TEMPIO,Santa Teresa Gallura,fuzzy_verified_same_province_alias
ALL,TRAVAC SICCOMARIO,PAVIA,Travacò Siccomario,fuzzy_verified_same_province_alias
ALL,SERRAVALLE LANGHE,CUNEO,Serravalle delle Langhe,fuzzy_verified_same_province_alias
ALL,SERRA S ABBONDIO,PESARO E URBINO,Serra Sant'Abbondio,fuzzy_verified_same_province_alias
ALL,TRAVES,TORINO,Trave,fuzzy_verified_same_province_alias
ALL,VANZANO CON S CARLO,NOVARA,Vanzone con San Carlo,fuzzy_verified_same_province_alias
ALL,VILLA URBANA,CAGLIARI,Villaurbana,fuzzy_verified_same_province_alias
ALL,VILLANOVA D ASTI,ASTI,Villanuova d'Asti,fuzzy_verified_same_province_alias
ALL,ZERBOL,PAVIA,Zerbolò,fuzzy_verified_same_province_alias
19480418,ACQUASANTA TERME,ASCOLI PICENO,Acquasanta,round2_fuzzy_verified_same_election_province_alias
19480418,ALI TERME,MESSINA,Alì,round2_fuzzy_verified_same_election_province_alias
19480418,ANGOLO TERME,BRESCIA,Angolo,round2_fuzzy_verified_same_election_province_alias
19480418,ARTA TERME,UDINE,Arta,round2_fuzzy_verified_same_election_province_alias
19480418,BAIRO,TORINO,Bairo Torre,round2_fuzzy_verified_same_election_province_alias
19480418,BASTIA,PERUGIA,Bastia Umbra,round2_fuzzy_verified_same_election_province_alias
19480418,BORGO TOSSIGNANO,BOLOGNA,Tossignano,round2_fuzzy_verified_same_election_province_alias
19480418,BROCCOSTELLA,FROSINONE,Brocco,round2_fuzzy_verified_same_election_province_alias
19480418,BRUSASCO,TORINO,Brusasco Cavagnolo,round2_fuzzy_verified_same_election_province_alias
19480418,CARAMANICO TERME,PESCARA,Caramanico,round2_fuzzy_verified_same_election_province_alias
19480418,CASAMICCIOLA TERME,NAPOLI,Casamicciola,round2_fuzzy_verified_same_election_province_alias
19480418,CASTELLANA GROTTE,BARI,Castellana,round2_fuzzy_verified_same_election_province_alias
19480418,CASTELNUOVO DEL GARDA,VERONA,Garda,round2_fuzzy_verified_same_election_province_alias
19480418,CASTELSANTANGELO SUL NERA,MACERATA,Castelsantangelo,round2_fuzzy_verified_same_election_province_alias
19480418,CENCENIGHE AGORDINO,BELLUNO,Cencenighe,round2_fuzzy_verified_same_election_province_alias
19480418,CHIANCIANO TERME,SIENA,Chianciano,round2_fuzzy_verified_same_election_province_alias
19480418,CONTURSI TERME,SALERNO,Contursi,round2_fuzzy_verified_same_election_province_alias
19480418,CORTENO GOLGI,BRESCIA,Corteno,round2_fuzzy_verified_same_election_province_alias
19480418,DARFO BOARIO TERME,BRESCIA,Darfo,round2_fuzzy_verified_same_election_province_alias
19480418,DEIVA MARINA,LA SPEZIA,Deiva,round2_fuzzy_verified_same_election_province_alias
19480418,FARINI,PIACENZA,Farini d'Olmo,round2_fuzzy_verified_same_election_province_alias
19480418,GABICCE MARE,PESARO E URBINO,Gabicce,round2_fuzzy_verified_same_election_province_alias
19480418,GALLO MATESE,CASERTA,Gallo,round2_fuzzy_verified_same_election_province_alias
19480418,GALZIGNANO TERME,PADOVA,Galzignano,round2_fuzzy_verified_same_election_province_alias
19480418,GAMBASSI TERME,FIRENZE,Gambassi,round2_fuzzy_verified_same_election_province_alias
19480418,GAVERINA TERME,BERGAMO,Gaverina,round2_fuzzy_verified_same_election_province_alias
19480418,GIARDINI NAXOS,MESSINA,Giardini,round2_fuzzy_verified_same_election_province_alias
19480418,GRIZZANA MORANDI,BOLOGNA,Grizzana,round2_fuzzy_verified_same_election_province_alias
19480418,INVERNO E MONTELEONE,PAVIA,Inverno,round2_fuzzy_verified_same_election_province_alias
19480418,LA VALLE AGORDINA,BELLUNO,La Valle,round2_fuzzy_verified_same_election_province_alias
19480418,LEGGIUNO,VARESE,Leggiuno-Sangiano,round2_fuzzy_verified_same_election_province_alias
19480418,LETOJANNI,MESSINA,Letojanni Gallodoro,round2_fuzzy_verified_same_election_province_alias
19480418,MACCAGNO,VARESE,Maccagno Superiore,round2_fuzzy_verified_same_election_province_alias
19480418,MANERBA DEL GARDA,BRESCIA,Manerba,round2_fuzzy_verified_same_election_province_alias
19480418,MENDATICA,IMPERIA,Mendatica Montegrosso,round2_fuzzy_verified_same_election_province_alias
19480418,MERCATELLO SUL METAURO,PESARO E URBINO,Mercatello,round2_fuzzy_verified_same_election_province_alias
19480418,MONIGA DEL GARDA,BRESCIA,Moniga,round2_fuzzy_verified_same_election_province_alias
19480418,MONSUMMANO TERME,PISTOIA,Monsummano,round2_fuzzy_verified_same_election_province_alias
19480418,MONTEBELLO DELLA BATTAGLIA,PAVIA,Montebello,round2_fuzzy_verified_same_election_province_alias
19480418,MORIAGO DELLA BATTAGLIA,TREVISO,Moriago,round2_fuzzy_verified_same_election_province_alias
19480418,OSMATE,VARESE,Osmate Lentate,round2_fuzzy_verified_same_election_province_alias
19480418,PADENGHE SUL GARDA,BRESCIA,Padenghe,round2_fuzzy_verified_same_election_province_alias
19480418,PAGANICO,RIETI,Paganico Sabino,round2_fuzzy_verified_same_election_province_alias
19480418,PETRURO IRPINO,AVELLINO,Petruro,round2_fuzzy_verified_same_election_province_alias
19480418,POLPENAZZE DEL GARDA,BRESCIA,Polpenazze,round2_fuzzy_verified_same_election_province_alias
19480418,POVE DEL GRAPPA,VICENZA,Pove,round2_fuzzy_verified_same_election_province_alias
19480418,PUEGNAGO SUL GARDA,BRESCIA,Puegnago,round2_fuzzy_verified_same_election_province_alias
19480418,RAPOLANO TERME,SIENA,Rapolano,round2_fuzzy_verified_same_election_province_alias
19480418,RENATE,MILANO,Renate Veduggio,round2_fuzzy_verified_same_election_province_alias
19480418,RIESE PIO X,TREVISO,Riese,round2_fuzzy_verified_same_election_province_alias
19480418,RIVAMONTE AGORDINO,BELLUNO,Rivamonte,round2_fuzzy_verified_same_election_province_alias
19480418,RODI MILICI,MESSINA,Rodi,round2_fuzzy_verified_same_election_province_alias
19480418,SALSOMAGGIORE TERME,PARMA,Salsomaggiore,round2_fuzzy_verified_same_election_province_alias
19480418,SAN DANIELE PO,CREMONA,San Daniele Ripa Po,round2_fuzzy_verified_same_election_province_alias
19480418,SAN PELLEGRINO TERME,BERGAMO,San Pellegrino,round2_fuzzy_verified_same_election_province_alias
19480418,SAN POLO D ENZA,REGGIO NELL'EMILIA,San Polo d'Enza in Caviano,round2_fuzzy_verified_same_election_province_alias
19480418,SAN TOMASO AGORDINO,BELLUNO,San Tomaso,round2_fuzzy_verified_same_election_province_alias
19480418,SCLAFANI BAGNI,PALERMO,Sclafani,round2_fuzzy_verified_same_election_province_alias
19480418,SOLBIATE ARNO,VARESE,Solbiate Arno e Monte,round2_fuzzy_verified_same_election_province_alias
19480418,STAZZONA,COMO,Stazzona Germasino,round2_fuzzy_verified_same_election_province_alias
19480418,TAIBON AGORDINO,BELLUNO,Taibon,round2_fuzzy_verified_same_election_province_alias
19480418,TELESE TERME,BENEVENTO,Telese,round2_fuzzy_verified_same_election_province_alias
19480418,TERRANOVA DEI P,MILANO,Terranova dei Passerini,round2_fuzzy_verified_same_election_province_alias
19480418,TONEZZA DEL CIMONE,VICENZA,Tonezza,round2_fuzzy_verified_same_election_province_alias
19480418,TORLINO VIMERCATI,CREMONA,Torlino,round2_fuzzy_verified_same_election_province_alias
19480418,TRENTOLA DUCENTA,CASERTA,Trentola,round2_fuzzy_verified_same_election_province_alias
19480418,VALLADA AGORDINA,BELLUNO,Vallada,round2_fuzzy_verified_same_election_province_alias
19480418,VALLIO TERME,BRESCIA,Vallio,round2_fuzzy_verified_same_election_province_alias
19480418,VENEGONO SUPERIORE,VARESE,Venegono,round2_fuzzy_verified_same_election_province_alias
19480418,VOLTAGO AGORDINO,BELLUNO,Voltago,round2_fuzzy_verified_same_election_province_alias
19480418,ZAVATTARELLO,PAVIA,Zavattarello Valverde,round2_fuzzy_verified_same_election_province_alias
19530607,ACQUASANTA TERME,ASCOLI PICENO,Acquasanta,round2_fuzzy_verified_same_election_province_alias
19530607,ALI TERME,MESSINA,Alì,round2_fuzzy_verified_same_election_province_alias
19530607,ANGOLO TERME,BRESCIA,Angolo,round2_fuzzy_verified_same_election_province_alias
19530607,BAIRO,TORINO,Bairo Torre,round2_fuzzy_verified_same_election_province_alias
19530607,BORGO TOSSIGNANO,BOLOGNA,Tossignano,round2_fuzzy_verified_same_election_province_alias
19530607,BROCCOSTELLA,FROSINONE,Brocco,round2_fuzzy_verified_same_election_province_alias
19530607,BRUSASCO,TORINO,Brusasco Cavagnolo,round2_fuzzy_verified_same_election_province_alias
19530607,CALCERANICA AL LAGO,TRENTO,Calcerànica,round2_fuzzy_verified_same_election_province_alias
19530607,CALVI,BENEVENTO,Calvi San Nazzaro,round2_fuzzy_verified_same_election_province_alias
19530607,CAMAGNA,ALESSANDRIA,Camagna Monferrato,round2_fuzzy_verified_same_election_province_alias
19530607,CARAMANICO TERME,PESCARA,Caramanico,round2_fuzzy_verified_same_election_province_alias
19530607,CASAMICCIOLA TERME,NAPOLI,Casamicciola,round2_fuzzy_verified_same_election_province_alias
19530607,CASTEL CONDINO,TRENTO,Condino,round2_fuzzy_verified_same_election_province_alias
19530607,CASTELLO MOLINA DI FIEMME,TRENTO,Castello di Fiemme,round2_fuzzy_verified_same_election_province_alias
19530607,CASTELNUOVO DEL GARDA,VERONA,Garda,round2_fuzzy_verified_same_election_province_alias
19530607,CASTELSANTANGELO SUL NERA,MACERATA,Castelsantangelo,round2_fuzzy_verified_same_election_province_alias
19530607,CENCENIGHE AGORDINO,BELLUNO,Cencenighe,round2_fuzzy_verified_same_election_province_alias
19530607,CERRETTO DELLE LANGHE,CUNEO,Cerretto Langhe,round2_fuzzy_verified_same_election_province_alias
19530607,CERRINA,ALESSANDRIA,Cerrina Monferrato,round2_fuzzy_verified_same_election_province_alias
19530607,CHIANCIANO TERME,SIENA,Chianciano,round2_fuzzy_verified_same_election_province_alias
19530607,CONTURSI TERME,SALERNO,Contursi,round2_fuzzy_verified_same_election_province_alias
19530607,CORTENO GOLGI,BRESCIA,Corteno,round2_fuzzy_verified_same_election_province_alias
19530607,DARFO BOARIO TERME,BRESCIA,Darfo,round2_fuzzy_verified_same_election_province_alias
19530607,GALZIGNANO TERME,PADOVA,Galzignano,round2_fuzzy_verified_same_election_province_alias
19530607,GAMBASSI TERME,FIRENZE,Gambassi,round2_fuzzy_verified_same_election_province_alias
19530607,GAVERINA TERME,BERGAMO,Gaverina,round2_fuzzy_verified_same_election_province_alias
19530607,GIARDINI NAXOS,MESSINA,Giardini,round2_fuzzy_verified_same_election_province_alias
19530607,INVERNO E MONTELEONE,PAVIA,Inverno,round2_fuzzy_verified_same_election_province_alias
19530607,LA VALLE AGORDINA,BELLUNO,La Valle,round2_fuzzy_verified_same_election_province_alias
19530607,LEGGIUNO,VARESE,Leggiuno-Sangiano,round2_fuzzy_verified_same_election_province_alias
19530607,LEVICO TERME,TRENTO,Lévico,round2_fuzzy_verified_same_election_province_alias
19530607,MACCAGNO,VARESE,Maccagno Superiore,round2_fuzzy_verified_same_election_province_alias
19530607,MONTEBELLO DELLA BATTAGLIA,PAVIA,Montebello,round2_fuzzy_verified_same_election_province_alias
19530607,MORIAGO DELLA BATTAGLIA,TREVISO,Moriago,round2_fuzzy_verified_same_election_province_alias
19530607,ORINO,VARESE,Orino-Azzio,round2_fuzzy_verified_same_election_province_alias
19530607,OSMATE,VARESE,Osmate Lentate,round2_fuzzy_verified_same_election_province_alias
19530607,OULX,TORINO,Sauze d'Oulx,round2_fuzzy_verified_same_election_province_alias
19530607,PADENGHE SUL GARDA,BRESCIA,Padenghe,round2_fuzzy_verified_same_election_province_alias
19530607,PALU DEL FERSINA,TRENTO,Palù,round2_fuzzy_verified_same_election_province_alias
19530607,POLPENAZZE DEL GARDA,BRESCIA,Polpenazze,round2_fuzzy_verified_same_election_province_alias
19530607,POZZA DI FASSA,TRENTO,Pozza,round2_fuzzy_verified_same_election_province_alias
19530607,PREMOSELLO CHIOVENDA,NOVARA,Premosello,round2_fuzzy_verified_same_election_province_alias
19530607,PUEGNAGO DEL GARDA,BRESCIA,Puegnago,round2_fuzzy_verified_same_election_province_alias
19530607,RENATE,MILANO,Renate Veduggio,round2_fuzzy_verified_same_election_province_alias
19530607,RIVA DEL GARDA,TRENTO,Riva,round2_fuzzy_verified_same_election_province_alias
19530607,RIVAMONTE AGORDINO,BELLUNO,Rivamonte,round2_fuzzy_verified_same_election_province_alias
19530607,RO FERRARESE,FERRARA,Ro,round2_fuzzy_verified_same_election_province_alias
19530607,RONCHI VALSUGANA,TRENTO,Ronchi,round2_fuzzy_verified_same_election_province_alias
19530607,SALSOMAGGIORE TERME,PARMA,Salsomaggiore,round2_fuzzy_verified_same_election_province_alias
19530607,SAN DANIELE PO,CREMONA,San Daniele Ripa Po,round2_fuzzy_verified_same_election_province_alias
19530607,SAN PELLEGRINO TERME,BERGAMO,San Pellegrino,round2_fuzzy_verified_same_election_province_alias
19530607,SAN POLO D ENZA,REGGIO NELL'EMILIA,San Polo d'Enza in Caviano,round2_fuzzy_verified_same_election_province_alias
19530607,SAN TOMASO AGORDINO,BELLUNO,San Tomaso,round2_fuzzy_verified_same_election_province_alias
19530607,SCLAFANI BAGNI,PALERMO,Sclafani,round2_fuzzy_verified_same_election_province_alias
19530607,SOLBIATE ARNO,VARESE,Solbiate Arno e Monte,round2_fuzzy_verified_same_election_province_alias
19530607,STAZZONA,COMO,Stazzona Germasino,round2_fuzzy_verified_same_election_province_alias
19530607,TAIBON AGORDINO,BELLUNO,Taibon,round2_fuzzy_verified_same_election_province_alias
19530607,TONEZZA DEL CIMONE,VICENZA,Tonezza,round2_fuzzy_verified_same_election_province_alias
19530607,TORLINO VIMERCATI,CREMONA,Torlino,round2_fuzzy_verified_same_election_province_alias
19530607,VALLADA AGORDINA,BELLUNO,Vallada,round2_fuzzy_verified_same_election_province_alias
19530607,VALLIO TERME,BRESCIA,Vallio,round2_fuzzy_verified_same_election_province_alias
19530607,VENARIA,TORINO,Venaria Reale,round2_fuzzy_verified_same_election_province_alias
19530607,VENEGONO SUPERIORE,VARESE,Venegono,round2_fuzzy_verified_same_election_province_alias
19530607,VOLTAGO AGORDINO,BELLUNO,Voltago,round2_fuzzy_verified_same_election_province_alias
19530607,ZAVATTARELLO,PAVIA,Zavattarello Valverde,round2_fuzzy_verified_same_election_province_alias
19530607,ZIANO DI FIEMME,TRENTO,Ziano,round2_fuzzy_verified_same_election_province_alias
19580525,ANGOLO TERME,BRESCIA,Angolo,round2_fuzzy_verified_same_election_province_alias
19580525,CALVI,BENEVENTO,Calvi San Nazzaro,round2_fuzzy_verified_same_election_province_alias
19580525,CAMAGNA,ALESSANDRIA,Camagna Monferrato,round2_fuzzy_verified_same_election_province_alias
19580525,CARAMANICO TERME,PESCARA,Caramanico,round2_fuzzy_verified_same_election_province_alias
19580525,CASTELLO MOLINA DI FIEMME,TRENTO,Castello di Fiemme,round2_fuzzy_verified_same_election_province_alias
19580525,CASTELNUOVO DEL GARDA,VERONA,Garda,round2_fuzzy_verified_same_election_province_alias
19580525,CASTELSANTANGELO SUL NERA,MACERATA,Castelsantangelo,round2_fuzzy_verified_same_election_province_alias
19580525,CENCENIGHE AGORDINO,BELLUNO,Cencenighe,round2_fuzzy_verified_same_election_province_alias
19580525,CERRETTO DELLE LANGHE,CUNEO,Cerretto Langhe,round2_fuzzy_verified_same_election_province_alias
19580525,CERRINA,ALESSANDRIA,Cerrina Monferrato,round2_fuzzy_verified_same_election_province_alias
19580525,CONTURSI TERME,SALERNO,Contursi,round2_fuzzy_verified_same_election_province_alias
19580525,DARFO BOARIO TERME,BRESCIA,Darfo,round2_fuzzy_verified_same_election_province_alias
19580525,GALZIGNANO TERME,PADOVA,Galzignano,round2_fuzzy_verified_same_election_province_alias
19580525,GAMBASSI TERME,FIRENZE,Gambassi,round2_fuzzy_verified_same_election_province_alias
19580525,GAVERINA TERME,BERGAMO,Gaverina,round2_fuzzy_verified_same_election_province_alias
19580525,GIARDINI NAXOS,MESSINA,Giardini,round2_fuzzy_verified_same_election_province_alias
19580525,INVERNO E MONTELEONE,PAVIA,Inverno,round2_fuzzy_verified_same_election_province_alias
19580525,LA VALLE AGORDINA,BELLUNO,La Valle,round2_fuzzy_verified_same_election_province_alias
19580525,LEGGIUNO,VARESE,Leggiuno-Sangiano,round2_fuzzy_verified_same_election_province_alias
19580525,LEVICO TERME,TRENTO,Lévico,round2_fuzzy_verified_same_election_province_alias
19580525,MORIAGO DELLA BATTAGLIA,TREVISO,Moriago,round2_fuzzy_verified_same_election_province_alias
19580525,OSMATE,VARESE,Osmate Lentate,round2_fuzzy_verified_same_election_province_alias
19580525,PALU DEL FERSINA,TRENTO,Palù,round2_fuzzy_verified_same_election_province_alias
19580525,POLPENAZZE DEL GARDA,BRESCIA,Polpenazze,round2_fuzzy_verified_same_election_province_alias
19580525,PREMOSELLO CHIOVENDA,NOVARA,Premosello,round2_fuzzy_verified_same_election_province_alias
19580525,PUEGNAGO DEL GARDA,BRESCIA,Puegnago,round2_fuzzy_verified_same_election_province_alias
19580525,RIVA DEL GARDA,TRENTO,Riva,round2_fuzzy_verified_same_election_province_alias
19580525,RIVAMONTE AGORDINO,BELLUNO,Rivamonte,round2_fuzzy_verified_same_election_province_alias
19580525,RO FERRARESE,FERRARA,Ro,round2_fuzzy_verified_same_election_province_alias
19580525,SAN TOMASO AGORDINO,BELLUNO,San Tomaso,round2_fuzzy_verified_same_election_province_alias
19580525,SANTA MARIA DEL CEDRO,COSENZA,Santa Maria,round2_fuzzy_verified_same_election_province_alias
19580525,TAIBON AGORDINO,BELLUNO,Taibon,round2_fuzzy_verified_same_election_province_alias
19580525,TONEZZA DEL CIMONE,VICENZA,Tonezza,round2_fuzzy_verified_same_election_province_alias
19580525,TORLINO VIMERCATI,CREMONA,Torlino,round2_fuzzy_verified_same_election_province_alias
19580525,VALLADA AGORDINA,BELLUNO,Vallada,round2_fuzzy_verified_same_election_province_alias
19580525,VALLIO TERME,BRESCIA,Vallio,round2_fuzzy_verified_same_election_province_alias
19580525,VENEGONO SUPERIORE,VARESE,Venegono,round2_fuzzy_verified_same_election_province_alias
19580525,VOLTAGO AGORDINO,BELLUNO,Voltago,round2_fuzzy_verified_same_election_province_alias
19630428,ALGUA,BERGAMO,Algua di Costa Serina,round2_fuzzy_verified_same_election_province_alias
19630428,ANGOLO TERME,BRESCIA,Angolo,round2_fuzzy_verified_same_election_province_alias
19630428,CAMAGNA,ALESSANDRIA,Camagna Monferrato,round2_fuzzy_verified_same_election_province_alias
19630428,CASTELLO MOLINA DI FIEMME,TRENTO,Castello di Fiemme,round2_fuzzy_verified_same_election_province_alias
19630428,CENCENIGHE AGORDINO,BELLUNO,Cencenighe,round2_fuzzy_verified_same_election_province_alias
19630428,CERRETTO DELLE LANGHE,CUNEO,Cerretto Langhe,round2_fuzzy_verified_same_election_province_alias
19630428,CERRINA,ALESSANDRIA,Cerrina Monferrato,round2_fuzzy_verified_same_election_province_alias
19630428,CONTURSI TERME,SALERNO,Contursi,round2_fuzzy_verified_same_election_province_alias
19630428,DARFO BOARIO TERME,BRESCIA,Darfo,round2_fuzzy_verified_same_election_province_alias
19630428,GALZIGNANO TERME,PADOVA,Galzignano,round2_fuzzy_verified_same_election_province_alias
19630428,GAMBASSI TERME,FIRENZE,Gambassi,round2_fuzzy_verified_same_election_province_alias
19630428,GAVERINA TERME,BERGAMO,Gaverina,round2_fuzzy_verified_same_election_province_alias
19630428,GIARDINI NAXOS,MESSINA,Giardini,round2_fuzzy_verified_same_election_province_alias
19630428,LA VALLE AGORDINA,BELLUNO,La Valle,round2_fuzzy_verified_same_election_province_alias
19630428,LEGGIUNO,VARESE,Leggiuno-Sangiano,round2_fuzzy_verified_same_election_province_alias
19630428,LEVICO TERME,TRENTO,Lévico,round2_fuzzy_verified_same_election_province_alias
19630428,OSMATE,VARESE,Osmate Lentate,round2_fuzzy_verified_same_election_province_alias
19630428,POLPENAZZE DEL GARDA,BRESCIA,Polpenazze,round2_fuzzy_verified_same_election_province_alias
19630428,PUEGNAGO DEL GARDA,BRESCIA,Puegnago,round2_fuzzy_verified_same_election_province_alias
19630428,RIVA DEL GARDA,TRENTO,Riva,round2_fuzzy_verified_same_election_province_alias
19630428,RIVAMONTE AGORDINO,BELLUNO,Rivamonte,round2_fuzzy_verified_same_election_province_alias
19630428,RO FERRARESE,FERRARA,Ro,round2_fuzzy_verified_same_election_province_alias
19630428,SAN TOMASO AGORDINO,BELLUNO,San Tomaso,round2_fuzzy_verified_same_election_province_alias
19630428,SANTA MARIA DEL CEDRO,COSENZA,Santa Maria,round2_fuzzy_verified_same_election_province_alias
19630428,TAIBON AGORDINO,BELLUNO,Taibon,round2_fuzzy_verified_same_election_province_alias
19630428,VALLADA AGORDINA,BELLUNO,Vallada,round2_fuzzy_verified_same_election_province_alias
19630428,VALLIO TERME,BRESCIA,Vallio,round2_fuzzy_verified_same_election_province_alias
19630428,VENARIA,TORINO,Venaria Reale,round2_fuzzy_verified_same_election_province_alias
19630428,VOLTAGO AGORDINO,BELLUNO,Voltago,round2_fuzzy_verified_same_election_province_alias
19680519,CAMAGNA,ALESSANDRIA,Camagna Monferrato,round2_fuzzy_verified_same_election_province_alias
19680519,CASTELLO MOLINA DI FIEMME,TRENTO,Castello di Fiemme,round2_fuzzy_verified_same_election_province_alias
19680519,CASTELNUOVO DEL GARDA,VERONA,Garda,round2_fuzzy_verified_same_election_province_alias
19680519,CERRETTO DELLE LANGHE,CUNEO,Cerretto Langhe,round2_fuzzy_verified_same_election_province_alias
19680519,CERRINA,ALESSANDRIA,Cerrina Monferrato,round2_fuzzy_verified_same_election_province_alias
19680519,CONTURSI TERME,SALERNO,Contursi,round2_fuzzy_verified_same_election_province_alias
19680519,GALZIGNANO TERME,PADOVA,Galzignano,round2_fuzzy_verified_same_election_province_alias
19680519,GAMBASSI TERME,FIRENZE,Gambassi,round2_fuzzy_verified_same_election_province_alias
19680519,GAVERINA TERME,BERGAMO,Gaverina,round2_fuzzy_verified_same_election_province_alias
19680519,GIARDINI NAXOS,MESSINA,Giardini,round2_fuzzy_verified_same_election_province_alias
19680519,LEVICO TERME,TRENTO,Lévico,round2_fuzzy_verified_same_election_province_alias
19680519,OSMATE,VARESE,Osmate Lentate,round2_fuzzy_verified_same_election_province_alias
19680519,PUEGNAGO DEL GARDA,BRESCIA,Puegnago,round2_fuzzy_verified_same_election_province_alias
19680519,RIVA DEL GARDA,TRENTO,Riva,round2_fuzzy_verified_same_election_province_alias
19680519,RO FERRARESE,FERRARA,Ro,round2_fuzzy_verified_same_election_province_alias
19680519,SANTA MARIA DEL CEDRO,COSENZA,Santa Maria,round2_fuzzy_verified_same_election_province_alias
19680519,VALLIO TERME,BRESCIA,Vallio,round2_fuzzy_verified_same_election_province_alias
19680519,VENARIA,TORINO,Venaria Reale,round2_fuzzy_verified_same_election_province_alias
19720507,CAMAGNA,ALESSANDRIA,Camagna Monferrato,round2_fuzzy_verified_same_election_province_alias
19720507,CASTELLO MOLINA DI FIEMME,TRENTO,Castello di Fiemme,round2_fuzzy_verified_same_election_province_alias
19720507,CERRETTO DELLE LANGHE,CUNEO,Cerretto Langhe,round2_fuzzy_verified_same_election_province_alias
19720507,CERRINA,ALESSANDRIA,Cerrina Monferrato,round2_fuzzy_verified_same_election_province_alias
19720507,CONTURSI TERME,SALERNO,Contursi,round2_fuzzy_verified_same_election_province_alias
19720507,GALZIGNANO TERME,PADOVA,Galzignano,round2_fuzzy_verified_same_election_province_alias
19720507,GAMBASSI TERME,FIRENZE,Gambassi,round2_fuzzy_verified_same_election_province_alias
19720507,GIARDINI NAXOS,MESSINA,Giardini,round2_fuzzy_verified_same_election_province_alias
19720507,RO FERRARESE,FERRARA,Ro,round2_fuzzy_verified_same_election_province_alias
19720507,VENARIA,TORINO,Venaria Reale,round2_fuzzy_verified_same_election_province_alias
19760620,CAMAGNA,ALESSANDRIA,Camagna Monferrato,round2_fuzzy_verified_same_election_province_alias
19760620,CERRETTO DELLE LANGHE,CUNEO,Cerretto Langhe,round2_fuzzy_verified_same_election_province_alias
19760620,CERRINA,ALESSANDRIA,Cerrina Monferrato,round2_fuzzy_verified_same_election_province_alias
19760620,GALZIGNANO TERME,PADOVA,Galzignano,round2_fuzzy_verified_same_election_province_alias
19760620,GAMBASSI TERME,FIRENZE,Gambassi,round2_fuzzy_verified_same_election_province_alias
19760620,GIARDINI NAXOS,MESSINA,Giardini,round2_fuzzy_verified_same_election_province_alias
19760620,RO FERRARESE,FERRARA,Ro,round2_fuzzy_verified_same_election_province_alias
19760620,VENARIA,TORINO,Venaria Reale,round2_fuzzy_verified_same_election_province_alias
19790603,CAMAGNA,ALESSANDRIA,Camagna Monferrato,round2_fuzzy_verified_same_election_province_alias
19790603,CERRETTO DELLE LANGHE,CUNEO,Cerretto Langhe,round2_fuzzy_verified_same_election_province_alias
19790603,CERRINA,ALESSANDRIA,Cerrina Monferrato,round2_fuzzy_verified_same_election_province_alias
19790603,GALZIGNANO TERME,PADOVA,Galzignano,round2_fuzzy_verified_same_election_province_alias
19790603,RO FERRARESE,FERRARA,Ro,round2_fuzzy_verified_same_election_province_alias
19790603,VENARIA,TORINO,Venaria Reale,round2_fuzzy_verified_same_election_province_alias
19830626,CAMAGNA,ALESSANDRIA,Camagna Monferrato,round2_fuzzy_verified_same_election_province_alias
19830626,CERRETTO DELLE LANGHE,CUNEO,Cerretto Langhe,round2_fuzzy_verified_same_election_province_alias
19830626,CERRINA,ALESSANDRIA,Cerrina Monferrato,round2_fuzzy_verified_same_election_province_alias
19830626,RO FERRARESE,FERRARA,Ro,round2_fuzzy_verified_same_election_province_alias
19830626,VENARIA,TORINO,Venaria Reale,round2_fuzzy_verified_same_election_province_alias
19870614,CAMAGNA,ALESSANDRIA,Camagna Monferrato,round2_fuzzy_verified_same_election_province_alias
19870614,CERRETTO DELLE LANGHE,CUNEO,Cerretto Langhe,round2_fuzzy_verified_same_election_province_alias
19870614,CERRINA,ALESSANDRIA,Cerrina Monferrato,round2_fuzzy_verified_same_election_province_alias
19870614,DANTA,BELLUNO,Danta di Cadore,round2_fuzzy_verified_same_election_province_alias
19870614,GALLO,CASERTA,Gallo Matese,round2_fuzzy_verified_same_election_province_alias
19870614,GRIZZANA,BOLOGNA,Grizzana Morandi,round2_fuzzy_verified_same_election_province_alias
19870614,RO FERRARESE,FERRARA,Ro,round2_fuzzy_verified_same_election_province_alias
19870614,SANT ORSOLA,TRENTO,Sant'Orsola Terme,round2_fuzzy_verified_same_election_province_alias
19870614,VENARIA,TORINO,Venaria Reale,round2_fuzzy_verified_same_election_province_alias
19920405,BASTIA,PERUGIA,Bastia Umbra,round2_fuzzy_verified_same_election_province_alias
19920405,PAGANICO,RIETI,Paganico Sabino,round2_fuzzy_verified_same_election_province_alias
19920405,TELESE TERME,BENEVENTO,Telese,round2_fuzzy_verified_same_election_province_alias
19940327,ALBISOLA MARINA,,Albissola Marina,round2_fuzzy_verified_same_election_province_alias
19940327,MONTEBELLO IONICO,,Montebello Jonico,round2_fuzzy_verified_same_election_province_alias
19960421,GARNIGA,,Garniga Terme,round2_fuzzy_verified_same_election_province_alias
19960421,MONTEBELLO IONICO,,Montebello Jonico,round2_fuzzy_verified_same_election_province_alias
19960421,OLTRONA SAN MAMETTE,,Oltrona di San Mamette,round2_fuzzy_verified_same_election_province_alias
19960421,PIANELLO LARIO,,Pianello del Lario,round2_fuzzy_verified_same_election_province_alias
19960421,SAN NAZZARO V C,,San Nazzaro,round2_fuzzy_verified_same_election_province_alias
19960421,VALREZZO,,Val Rezzo,round2_fuzzy_verified_same_election_province_alias
20010513,ALBISOLA MARINA,,Albissola Marina,round2_fuzzy_verified_same_election_province_alias
20010513,GARNIGA,,Garniga Terme,round2_fuzzy_verified_same_election_province_alias
20010513,MONTEBELLO IONICO,,Montebello Jonico,round2_fuzzy_verified_same_election_province_alias
20060409,CALLIANO TN,TRENTO,Calliano,round2_fuzzy_verified_same_election_province_alias
20060409,CERRINA,ALESSANDRIA,Cerrina Monferrato,round2_fuzzy_verified_same_election_province_alias
20060409,LIVO TN,TRENTO,Livo,round2_fuzzy_verified_same_election_province_alias
20060409,RONCEGNO,TRENTO,Roncegno Terme,round2_fuzzy_verified_same_election_province_alias
20060409,RUFFRE,TRENTO,Ruffrè-Mendola,round2_fuzzy_verified_same_election_province_alias
20060409,SAMONE TN,TRENTO,Samone,round2_fuzzy_verified_same_election_province_alias
20060409,VALVERDE CT,CATANIA,Valverde,round2_fuzzy_verified_same_election_province_alias
20080413,CERRINA,ALESSANDRIA,Cerrina Monferrato,round2_fuzzy_verified_same_election_province_alias
20080413,LONATO,BRESCIA,Lonato del Garda,round2_fuzzy_verified_same_election_province_alias
20080413,MONTE GRIMANO,PESARO E URBINO,Monte Grimano Terme,round2_fuzzy_verified_same_election_province_alias
20080413,RO FERRARESE,FERRARA,Ro,round2_fuzzy_verified_same_election_province_alias
20080413,RONCEGNO,TRENTO,Roncegno Terme,round2_fuzzy_verified_same_election_province_alias
20080413,TRODENA,BOLZANO,Trodena nel parco naturale/Truden im Naturpark,round2_fuzzy_verified_same_election_province_alias
20130224,CERRINA,ALESSANDRIA,Cerrina Monferrato,round2_fuzzy_verified_same_election_province_alias
20180304,APPIANO SULLA STRADA DEL VINO EPPAN AN DER WEINSTRASSE,,Appiano sulla strada del vino/Eppan an der Weinstraße,round2_fuzzy_verified_same_election_province_alias
20180304,CALDARO SULLA STRADA DEL VINO KALTERN AN DER WEINSTRASSE,,Caldaro sulla strada del vino/Kaltern an der Weinstraße,round2_fuzzy_verified_same_election_province_alias
20180304,CORTACCIA SULLA STRADA DEL VINO KURTATSCH AN DER WEINSTRASSE,,Cortaccia sulla strada del vino/Kurtatsch an der Weinstraße,round2_fuzzy_verified_same_election_province_alias
20180304,CORTINA SULLA STRADA DEL VINO KURTINIG AN DER WEINSTRASSE,,Cortina sulla strada del vino/Kurtinig an der Weinstraße,round2_fuzzy_verified_same_election_province_alias
20180304,FIE ALLO SCILIAR V LS AM SCHLERN,,Fiè allo Sciliar/Völs am Schlern,round2_fuzzy_verified_same_election_province_alias
20180304,MAGRE SULLA STRADA DEL VINO MARGREID AN DER WEINSTRASSE,,Magrè sulla strada del vino/Margreid an der Weinstraße,round2_fuzzy_verified_same_election_province_alias
20180304,PRATO ALLO STELVIO PRAD AM STILFSER JOCH,,Prato allo Stelvio/Prad am Stilfserjoch,round2_fuzzy_verified_same_election_province_alias
20180304,RIO DI PUSTERIA M HLBACH,,Rio di Pusteria/Mühlbach,round2_fuzzy_verified_same_election_province_alias
20180304,SANTA CRISTINA VALGARDENA ST CHRISTINA IN GR DEN,,Santa Cristina Valgardena/St. Christina in Gröden,round2_fuzzy_verified_same_election_province_alias
20180304,SELVA DEI MOLINI M HLWALD,,Selva dei Molini/Mühlwald,round2_fuzzy_verified_same_election_province_alias
20180304,SELVA DI VAL GARDENA WOLKENSTEIN IN GR DEN,,Selva di Val Gardena/Wolkenstein in Gröden,round2_fuzzy_verified_same_election_province_alias
20180304,TERMENO SULLA STRADA DEL VINO TRAMIN AN DER WEINSTRASSE,,Termeno sulla strada del vino/Tramin an der Weinstraße,round2_fuzzy_verified_same_election_province_alias
20180304,TUBRE TAUFERS IM M NSTERTAL,,Tubre/Taufers im Münstertal,round2_fuzzy_verified_same_election_province_alias
20180304,VERANO V RAN,,Verano/Vöran,round2_fuzzy_verified_same_election_province_alias
20220925,APPIANO SULLA STRADA DEL VINO EPPAN AN DER WEINSTRASSE,,Appiano sulla strada del vino/Eppan an der Weinstraße,round2_fuzzy_verified_same_election_province_alias
20220925,CALDARO SULLA STRADA DEL VINO KALTERN AN DER WEINSTRASSE,,Caldaro sulla strada del vino/Kaltern an der Weinstraße,round2_fuzzy_verified_same_election_province_alias
20220925,CORTACCIA SULLA STRADA DEL VINO KURTATSCH AN DER WEINSTRASSE,,Cortaccia sulla strada del vino/Kurtatsch an der Weinstraße,round2_fuzzy_verified_same_election_province_alias
20220925,CORTINA SULLA STRADA DEL VINO KURTINIG AN DER WEINSTRASSE,,Cortina sulla strada del vino/Kurtinig an der Weinstraße,round2_fuzzy_verified_same_election_province_alias
20220925,MAGRE SULLA STRADA DEL VINO MARGREID AN DER WEINSTRASSE,,Magrè sulla strada del vino/Margreid an der Weinstraße,round2_fuzzy_verified_same_election_province_alias
20220925,PRATO ALLO STELVIO PRAD AM STILFSER JOCH,,Prato allo Stelvio/Prad am Stilfserjoch,round2_fuzzy_verified_same_election_province_alias
20220925,SALORNO SULLA STRADA DEL VINO SALURN AN DER WEINSTRASSE,,Salorno sulla strada del vino/Salurn an der Weinstraße,round2_fuzzy_verified_same_election_province_alias
20220925,TERMENO SULLA STRADA DEL VINO TRAMIN AN DER WEINSTRASSE,,Termeno sulla strada del vino/Tramin an der Weinstraße,round2_fuzzy_verified_same_election_province_alias
19480418,ACQUI TERME,,Acqui,istat_denomination_change
19480418,ALLEIN,,Allain,istat_denomination_change
19480418,ARNAD,,Arnaz,istat_denomination_change
19480418,AURONZO DI CADORE,,Auronzo,istat_denomination_change
19480418,BLERA,,Bieda,istat_denomination_change
19480418,BUIA,,Buja,manual_residual_alias_round3
19480418,CALALZO DI CADORE,,Calalzo,istat_denomination_change
19480418,CAPRIANO DEL COLLE,,Capriano Azzano,istat_denomination_change
19480418,CASTEL SAN PIETRO TERME,,Castel San Pietro dell'Emilia,istat_denomination_change
19480418,CASTELLO DEL MATESE,,Castello d'Alife,istat_denomination_change
19480418,CIBIANA DI CADORE,,Cibiana,istat_denomination_change
19480418,COSTA DI MEZZATE,,Costa di Monticelli,istat_denomination_change
19480418,DANTA DI CADORE,,Danta,istat_denomination_change
19480418,DOMEGGE DI CADORE,,Domegge,istat_denomination_change
19480418,DONNAS,,Donnaz,istat_denomination_change
19480418,EXILLES,,Esille,istat_denomination_change
19480418,FILANDERIA,,Filandari,manual_residual_alias_round3
19480418,FRASSINELLO MONFERRATO,,Frassinello-Olivola,istat_denomination_change
19480418,FRIGNANO,,Frignano Maggiore,istat_denomination_change
19480418,GREVE IN CHIANTI,,Greve,istat_denomination_change
19480418,IONADI,,Jonadi,manual_residual_alias_round3
19480418,LAGLIO BRIENNO,,Laglio,istat_denomination_change
19480418,MONTEBELLO IONICO,,Montebello Jonico,manual_residual_alias_round3
19480418,MONTICELLO,,Monte San Vito,istat_denomination_change
19480418,OSPITALE DI CADORE,,Ospitale,istat_denomination_change
19480418,PADERNO PONCHIELLI,,Paderno Ossolaro,istat_denomination_change
19480418,PALAZZUOLO SUL SENIO,,Palazzuolo di Romagna,istat_denomination_change
19480418,PASIANO,,Pasiano di Pordenone,manual_residual_alias_round3
19480418,PEDANEA,,Pedavena,manual_residual_alias_round3_fuzzy
19480418,PERAROLO DI CADORE,,Perarolo,istat_denomination_change
19480418,PIAN CAMUNO,,Pian d'Artogne,istat_denomination_change
19480418,PIANA DI MONTE VERNA,,Piana di Caiazzo,istat_denomination_change
19480418,PIEDIMONTE MATESE,,Piedimonte d'Alife,istat_denomination_change
19480418,PONTBOSET,,Pont Bozet,istat_denomination_change
19480418,PORTO CIVITANOVA,,Civitanova Marche,manual_residual_alias_round3
19480418,RIOLO TERME,,Riolo dei Bagni,istat_denomination_change
19480418,SAINT RHEMY EN BOSSES,,Saint Rhémy,istat_denomination_change
19480418,SAN BARTOLOMEO AL MARE,,San Bartolomeo del Cervo,istat_denomination_change
19480418,SAN COSTANTINO,,San Costantino Calabro,istat_denomination_change
19480418,SAN FELICE DEL MOLISE,,San Felice del Littorio,istat_denomination_change
19480418,SAN GREGORIO MATESE,,San Gregorio,istat_denomination_change
19480418,SAN MAURIZIO D OPAGLIO,,Castelli Cusiani,istat_denomination_change
19480418,SANT AGATA FRIUS,,Sant'Andrea Frius,manual_residual_alias_round3
19480418,SANT ANDREA DEL GARIGLIANO,,Sant'Andrea,istat_denomination_change
19480418,SANTA LUCE,,Santa Luce Orciano,pre_constitution_associated_municipality
19480418,SAVIGNANO IRPINO,,Savignano di Puglia,istat_denomination_change
19480418,SETTIMO VITTONE,,Settimo Tavagnasco,istat_denomination_change
19480418,SOTTO IL MONTE GIOVANNI XXIII,,Sotto il Monte,istat_denomination_change
19480418,SPINONE AL LAGO,,Spinone dei Castelli,istat_denomination_change
19480418,VAGLIO BASILICATA,,Vaglio Lucano,istat_denomination_change
19480418,VAUDA CANAVESE,,Vauda di Front,istat_denomination_change
19480418,VILLAFRANCA PIEMONTE,,Villafranca Sabauda,istat_denomination_change
19480418,ZOPPE DI CADORE,,Zoppè,istat_denomination_change
19530607,ACQUI TERME,,Acqui,istat_denomination_change
19530607,ALLEIN,,Allain,istat_denomination_change
19530607,APPIANO SULLA STRADA DEL VINO,,Appiano/Eppan,manual_residual_alias_round3
19530607,ARNAD,,Arnaz,istat_denomination_change
19530607,BASSANO ROMANO,,Bassano di Sutri,istat_denomination_change
19530607,BOIANO,,Bojano,manual_residual_alias_round3
19530607,BRACCA DI COSTA SERINA,,Algua di Costa Serina,istat_denomination_change
19530607,BUIA,,Buja,manual_residual_alias_round3
19530607,CALALZO DI CADORE,,Calalzo,istat_denomination_change
19530607,CAPRIANO DEL COLLE,,Capriano Azzano,istat_denomination_change
19530607,CAPRIVA DEL FRIULI,,Capriva di Cormons,istat_denomination_change
19530607,CASTEL SAN PIETRO TERME,,Castel San Pietro dell'Emilia,istat_denomination_change
19530607,CASTELLO DEL MATESE,,Castello d'Alife,istat_denomination_change
19530607,CERNUSCO LOMBARDONE,,Cernusco Montevecchia,pre_constitution_associated_municipality
19530607,CIBIANA DI CADORE,,Cibiana,istat_denomination_change
19530607,COLLERETTO GIACOSA,,Colleretto Parella,istat_denomination_change
19530607,CORTACCIA SULLA STRADA DEL VINO,,Cortaccia/Kurtatsch,manual_residual_alias_round3
19530607,CORTINA SULLA STRADA DEL VINO,,Corna Imagna,manual_residual_alias_round3_fuzzy
19530607,COSTA DI MEZZATE,,Costa di Monticelli,istat_denomination_change
19530607,DOMEGGE DI CADORE,,Domegge,istat_denomination_change
19530607,DONNAS,,Donnaz,istat_denomination_change
19530607,EXILLES,,Esille,istat_denomination_change
19530607,FIE ALLO SCILIAR,,Fiè/Völs,manual_residual_alias_round3
19530607,GREVE IN CHIANTI,,Greve,istat_denomination_change
19530607,IONADI,,Jonadi,manual_residual_alias_round3
19530607,MAGRE SULLA STRADA DEL VINO,,Magrè all'Adige/Margreid,manual_residual_alias_round3_fuzzy
19530607,MONTEBELLO IONICO,,Montebello Jonico,manual_residual_alias_round3
19530607,MONTICELLO,,Monte San Vito,istat_denomination_change
19530607,MOSO IN PASSIRIA,,Moso/Moos,manual_residual_alias_round3
19530607,PERAROLO DI CADORE,,Perarolo,istat_denomination_change
19530607,PIAN CAMUNO,,Pian d'Artogne,istat_denomination_change
19530607,PIANA DI MONTE VERNA,,Piana di Caiazzo,istat_denomination_change
19530607,PIEDIMONTE MATESE,,Piedimonte d'Alife,istat_denomination_change
19530607,PONTBOSET,,Pont Bozet,istat_denomination_change
19530607,PRATO ALLO STELVIO,,Prato Venosta/Prad,manual_residual_alias_round3
19530607,RIOLO TERME,,Riolo dei Bagni,istat_denomination_change
19530607,SALBERTRAND,,Salabertano,istat_denomination_change
19530607,SAN BARTOLOMEO AL MARE,,San Bartolomeo del Cervo,istat_denomination_change
19530607,SAN GREGORIO MATESE,,San Gregorio,istat_denomination_change
19530607,SANT ANDREA DEL GARIGLIANO,,Sant'Andrea,istat_denomination_change
19530607,SANTA CRISTINA VALGARDENA,,Santa Cristina/St. Christina,manual_residual_alias_round3
19530607,SANTA LUCE,,Santa Luce Orciano,pre_constitution_associated_municipality
19530607,SAVIGNANO IRPINO,,Savignano di Puglia,istat_denomination_change
19530607,SESSANO DEL MOLISE,,Sessano,istat_denomination_change
19530607,SOTTO IL MONTE GIOVANNI XXIII,,Sotto il Monte,istat_denomination_change
19530607,SPINONE AL LAGO,,Spinone dei Castelli,istat_denomination_change
19530607,TERMENO SULLA STRADA DEL VINO,,Termeno/Tramin,manual_residual_alias_round3
19530607,VAGLIO BASILICATA,,Vaglio Lucano,istat_denomination_change
19530607,VIALE D ASTI,,Viale,manual_residual_alias_round3
19530607,ZEME LOMELLINA,,Zeme,manual_residual_alias_round3
19530607,ZOPPE DI CADORE,,Zoppè,istat_denomination_change
19580525,ALLEIN,,Allain,istat_denomination_change
19580525,APPIANO SULLA STRADA DEL VINO,,Appiano/Eppan,manual_residual_alias_round3
19580525,ARNAD,,Arnaz,istat_denomination_change
19580525,AURONZO DI CADORE,,Auronzo,istat_denomination_change
19580525,BASSANO ROMANO,,Bassano di Sutri,istat_denomination_change
19580525,BOIANO,,Bojano,manual_residual_alias_round3
19580525,BRACCA DI COSTA SERINA,,Algua di Costa Serina,istat_denomination_change
19580525,BUIA,,Buja,manual_residual_alias_round3
19580525,CALALZO DI CADORE,,Calalzo,istat_denomination_change
19580525,CALDARO SULLA STRADA DEL VINO,,Caldaro/Kaltern,manual_residual_alias_round3
19580525,CASTEL SAN PIETRO TERME,,Castel San Pietro dell'Emilia,istat_denomination_change
19580525,CASTELLO DEL MATESE,,Castello d'Alife,istat_denomination_change
19580525,CERNUSCO LOMBARDONE,,Cernusco Montevecchia,pre_constitution_associated_municipality
19580525,CIBIANA DI CADORE,,Cibiana,istat_denomination_change
19580525,CORTACCIA SULLA STRADA DEL VINO,,Cortaccia/Kurtatsch,manual_residual_alias_round3
19580525,CORTINA SULLA STRADA DEL VINO,,Corna Imagna,manual_residual_alias_round3_fuzzy
19580525,COSTA DI MEZZATE,,Costa di Monticelli,istat_denomination_change
19580525,CRANDOLA VALSASSINA,,Crandola,istat_denomination_change
19580525,DONNAS,,Donnaz,istat_denomination_change
19580525,FIE ALLO SCILIAR,,Fiè/Völs,manual_residual_alias_round3
19580525,GREVE IN CHIANTI,,Greve,istat_denomination_change
19580525,IONADI,,Jonadi,manual_residual_alias_round3
19580525,MAGRE SULLA STRADA DEL VINO,,Magrè all'Adige/Margreid,manual_residual_alias_round3_fuzzy
19580525,MONTEBELLO IONICO,,Montebello Jonico,manual_residual_alias_round3
19580525,MONTICELLO,,Monte San Vito,istat_denomination_change
19580525,PIANA DI MONTE VERNA,,Piana di Caiazzo,istat_denomination_change
19580525,PIEDIMONTE MATESE,,Piedimonte d'Alife,istat_denomination_change
19580525,PONTBOSET,,Pont Bozet,istat_denomination_change
19580525,SAN BARTOLOMEO AL MARE,,San Bartolomeo del Cervo,istat_denomination_change
19580525,SANT ANDREA DEL GARIGLIANO,,Sant'Andrea,istat_denomination_change
19580525,SAVIGNANO IRPINO,,Savignano di Puglia,istat_denomination_change
19580525,SESSANO DEL MOLISE,,Sessano,istat_denomination_change
19580525,SOTTO IL MONTE GIOVANNI XXIII,,Sotto il Monte,istat_denomination_change
19580525,SPINONE AL LAGO,,Spinone dei Castelli,istat_denomination_change
19580525,TERMENO SULLA STRADA DEL VINO,,Termeno/Tramin,manual_residual_alias_round3
19580525,VIALE D ASTI,,Viale,manual_residual_alias_round3
19580525,ZEME LOMELLINA,,Zeme,manual_residual_alias_round3
19630428,ALLEIN,,Allain,istat_denomination_change
19630428,ARNAD,,Arnaz,istat_denomination_change
19630428,BASSANO ROMANO,,Bassano di Sutri,istat_denomination_change
19630428,BOIANO,,Bojano,manual_residual_alias_round3
19630428,BUIA,,Buja,manual_residual_alias_round3
19630428,CALDARO SULLA STRADA DEL VINO,,Caldaro/Kaltern,manual_residual_alias_round3
19630428,CASTELLO DEL MATESE,,Castello d'Alife,istat_denomination_change
19630428,CERNUSCO LOMBARDONE,,Cernusco Montevecchia,pre_constitution_associated_municipality
19630428,CIBIANA DI CADORE,,Cibiana,istat_denomination_change
19630428,CORTACCIA SULLA STRADA DEL VINO,,Cortaccia/Kurtatsch,manual_residual_alias_round3
19630428,CORTINA SULLA STRADA DEL VINO,,Corna Imagna,manual_residual_alias_round3_fuzzy
19630428,COSTA DI MEZZATE,,Costa di Monticelli,istat_denomination_change
19630428,DONNAS,,Donnaz,istat_denomination_change
19630428,FIE ALLO SCILIAR,,Fiè/Völs,manual_residual_alias_round3
19630428,GREVE IN CHIANTI,,Greve,istat_denomination_change
19630428,IONADI,,Jonadi,manual_residual_alias_round3
19630428,MAGRE SULLA STRADA DEL VINO,,Magrè all'Adige/Margreid,manual_residual_alias_round3_fuzzy
19630428,MONTEBELLO IONICO,,Montebello Jonico,manual_residual_alias_round3
19630428,MONTICELLO,,Monte San Vito,istat_denomination_change
19630428,PIANA DI MONTE VERNA,,Piana di Caiazzo,istat_denomination_change
19630428,PIEDIMONTE MATESE,,Piedimonte d'Alife,istat_denomination_change
19630428,PONTBOSET,,Pont Bozet,istat_denomination_change
19630428,SAN BARTOLOMEO AL MARE,,San Bartolomeo del Cervo,istat_denomination_change
19630428,SAVIGNANO IRPINO,,Savignano di Puglia,istat_denomination_change
19630428,SESSANO DEL MOLISE,,Sessano,istat_denomination_change
19630428,SOTTO IL MONTE GIOVANNI XXIII,,Sotto il Monte,istat_denomination_change
19630428,TERMENO SULLA STRADA DEL VINO,,Termeno/Tramin,manual_residual_alias_round3
19630428,VIALE D ASTI,,Viale,manual_residual_alias_round3
19630428,ZEME LOMELLINA,,Zeme,manual_residual_alias_round3
19680519,ALLEIN,,Allain,istat_denomination_change
19680519,APPIANO SULLA STRADA DEL VINO,,Appiano/Eppan,manual_residual_alias_round3
19680519,ARNAD,,Arnaz,istat_denomination_change
19680519,BOIANO,,Bojano,manual_residual_alias_round3
19680519,BUIA,,Buja,manual_residual_alias_round3
19680519,CALDARO SULLA STRADA DEL VINO,,Caldaro/Kaltern,manual_residual_alias_round3
19680519,CASTELLO DEL MATESE,,Castello d'Alife,istat_denomination_change
19680519,CIBIANA DI CADORE,,Cibiana,istat_denomination_change
19680519,CORTACCIA SULLA STRADA DEL VINO,,Cortaccia/Kurtatsch,manual_residual_alias_round3
19680519,CORTINA SULLA STRADA DEL VINO,,Corna Imagna,manual_residual_alias_round3_fuzzy
19680519,DARFO BOARIO TERME,,Darfo,istat_denomination_change
19680519,DONNAS,,Donnaz,istat_denomination_change
19680519,FIE ALLO SCILIAR,,Fiè/Völs,manual_residual_alias_round3
19680519,GREVE IN CHIANTI,,Greve,istat_denomination_change
19680519,IONADI,,Jonadi,manual_residual_alias_round3
19680519,MAGRE SULLA STRADA DEL VINO,,Magrè all'Adige/Margreid,manual_residual_alias_round3_fuzzy
19680519,MONTEBELLO IONICO,,Montebello Jonico,manual_residual_alias_round3
19680519,MONTICELLO,,Monte San Vito,istat_denomination_change
19680519,PIANA DI MONTE VERNA,,Piana di Caiazzo,istat_denomination_change
19680519,PIEDIMONTE MATESE,,Piedimonte d'Alife,istat_denomination_change
19680519,PONTBOSET,,Pont Bozet,istat_denomination_change
19680519,SAN BARTOLOMEO AL MARE,,San Bartolomeo del Cervo,istat_denomination_change
19680519,SAN LORENZO ISONTINO,,San Lorenzo di Mossa,istat_denomination_change
19680519,TERMENO SULLA STRADA DEL VINO,,Termeno/Tramin,manual_residual_alias_round3
19680519,VIALE D ASTI,,Viale,manual_residual_alias_round3
19680519,ZEME LOMELLINA,,Zeme,manual_residual_alias_round3
19720507,ALLEIN,,Allain,istat_denomination_change
19720507,ARNAD,,Arnaz,istat_denomination_change
19720507,BOIANO,,Bojano,manual_residual_alias_round3
19720507,BUIA,,Buja,manual_residual_alias_round3
19720507,DONNAS,,Donnaz,istat_denomination_change
19720507,GREVE IN CHIANTI,,Greve,istat_denomination_change
19720507,IONADI,,Jonadi,manual_residual_alias_round3
19720507,MONTEBELLO IONICO,,Montebello Jonico,manual_residual_alias_round3
19720507,MONTICELLO,,Monte San Vito,istat_denomination_change
19720507,PIANA DI MONTE VERNA,,Piana di Caiazzo,istat_denomination_change
19720507,PONTBOSET,,Pont Bozet,istat_denomination_change
19720507,SVELLI,,Suelli,manual_residual_alias_round3
19720507,VALLIO TERME,,Vallio,istat_denomination_change
19720507,VIALE D ASTI,,Viale,manual_residual_alias_round3
19720507,ZEME LOMELLINA,,Zeme,manual_residual_alias_round3
19760620,ALLEIN,,Allain,istat_denomination_change
19760620,ARNAD,,Arnaz,istat_denomination_change
19760620,BOIANO,,Bojano,manual_residual_alias_round3
19760620,BUIA,,Buja,manual_residual_alias_round3
19760620,DONNAS,,Donnaz,istat_denomination_change
19760620,GREVE IN CHIANTI,,Greve,istat_denomination_change
19760620,IONADI,,Jonadi,manual_residual_alias_round3
19760620,MONTEBELLO IONICO,,Montebello Jonico,manual_residual_alias_round3
19760620,MONTICELLO,,Monte San Vito,istat_denomination_change
19760620,PIANA DI MONTE VERNA,,Piana di Caiazzo,istat_denomination_change
19760620,PONTBOSET,,Pont Bozet,istat_denomination_change
19760620,VALLIO TERME,,Vallio,istat_denomination_change
19760620,VIALE D ASTI,,Viale,manual_residual_alias_round3
19760620,ZEME LOMELLINA,,Zeme,manual_residual_alias_round3
19790603,BOIANO,,Bojano,manual_residual_alias_round3
19790603,BUIA,,Buja,manual_residual_alias_round3
19790603,IONADI,,Jonadi,manual_residual_alias_round3
19790603,MANIACE,,Bronte,pre_constitution_associated_municipality
19790603,MONTEBELLO IONICO,,Montebello Jonico,manual_residual_alias_round3
19790603,MONTICELLO,,Monte San Vito,istat_denomination_change
19790603,PETROSINO,,Marsala,pre_constitution_associated_municipality
19790603,QUARTUCCIU,,Cagliari,pre_constitution_associated_municipality
19790603,SANTA MARIA COGHINAS,,Valledoria,pre_constitution_associated_municipality
19790603,TERGU,,Castelsardo,pre_constitution_associated_municipality
19790603,VIALE D ASTI,,Viale,manual_residual_alias_round3
19790603,ZEME LOMELLINA,,Zeme,manual_residual_alias_round3
19830626,BOIANO,,Bojano,manual_residual_alias_round3
19830626,BUIA,,Buja,manual_residual_alias_round3
19830626,FARINI D OLMO,,Farini,istat_denomination_change
19830626,IONADI,,Jonadi,manual_residual_alias_round3
19830626,MONTEBELLO IONICO,,Montebello Jonico,manual_residual_alias_round3
19830626,MONTICELLO,,Monte San Vito,istat_denomination_change
19830626,VIALE D ASTI,,Viale,manual_residual_alias_round3
19830626,ZEME LOMELLINA,,Zeme,manual_residual_alias_round3
19870614,BOIANO,,Bojano,manual_residual_alias_round3
19870614,BUIA,,Buja,manual_residual_alias_round3
19870614,FARINI D OLMO,,Farini,istat_denomination_change
19870614,IONADI,,Jonadi,manual_residual_alias_round3
19870614,MASSA DI SOMMA,,Cercola,istat_denomination_change
19870614,MONTEBELLO IONICO,,Montebello Jonico,manual_residual_alias_round3
19870614,MONTICELLO,,Monte San Vito,istat_denomination_change
19870614,VIALE D ASTI,,Viale,manual_residual_alias_round3
19870614,ZEME LOMELLINA,,Zeme,manual_residual_alias_round3
19920405,BUIA,,Buja,manual_residual_alias_round3
19920405,CERRETO DELLE LANGHE,,Cerretto Langhe,manual_residual_alias_round3
19920405,IONADI,,Jonadi,manual_residual_alias_round3
19920405,MONTEBELLO IONICO,,Montebello Jonico,manual_residual_alias_round3
19920405,PUEGNAGO SUL GARDA,,Puegnago del Garda,manual_residual_alias_round3
19920405,SANTA LUCIA,,Santa Lucia di Piave,istat_denomination_change
19940327,BUIA,,Buja,manual_residual_alias_round3
19940327,CERRINA,,Cerrina Monferrato,manual_residual_alias_round3
19940327,IONADI,,Jonadi,manual_residual_alias_round3
19940327,MONTICELLO,,Monte San Vito,istat_denomination_change
19940327,REGGIO CALABRIA SBARRE,,Reggio di Calabria,manual_residual_alias_round3
19940327,RO FERRARESE,,Ro,manual_residual_alias_round3
19940327,VIALE D ASTI,,Viale,manual_residual_alias_round3
19940327,XXXXX,,Cossato,manual_residual_alias_round3
19940327,ZEME LOMELLINA,,Zeme,manual_residual_alias_round3
19960421,ACQUASANTA,,Acquasanta Terme,istat_denomination_change
19960421,AGLIANO,,Agliano Terme,istat_denomination_change
19960421,BASTIA,,Bastia Mondovì,istat_denomination_change
19960421,BUIA,,Buja,manual_residual_alias_round3
19960421,CERRETO DELLE LANGHE,,Cerretto Langhe,manual_residual_alias_round3
19960421,IONADI,,Jonadi,manual_residual_alias_round3
19960421,PAGANICO,,Civitella Paganico,istat_denomination_change
19960421,PUEGNAGO SUL GARDA,,Puegnago del Garda,manual_residual_alias_round3
19960421,SAN BARTOLOMEO V C,,San Bartolomeo Val Cavargna,manual_residual_alias_round3
19960421,SAN FERMO D BATTAGLIA,,San Fermo della Battaglia,manual_residual_alias_round3
19960421,VILLAGRANDE STR,,Villagrande Strisaili,manual_residual_alias_round3
20010513,BUIA,,Buja,manual_residual_alias_round3
20010513,CALATAFIMI,,Calatafimi-Segesta,istat_denomination_change
20010513,CERRETO DELLE LANGHE,,Cerretto Langhe,manual_residual_alias_round3
20010513,IONADI,,Jonadi,manual_residual_alias_round3
20010513,PAGANICO,,Civitella Paganico,istat_denomination_change
20010513,PUEGNAGO SUL GARDA,,Puegnago del Garda,manual_residual_alias_round3
20010513,REGGIO CALABRIA SBARRE,,Reggio di Calabria,manual_residual_alias_round3
20060409,BOIANO,,Bojano,manual_residual_alias_round3
20060409,BUIA,,Buja,manual_residual_alias_round3
20060409,CERRETO DELLE LANGHE,,Cerretto Langhe,manual_residual_alias_round3
20060409,IONADI,,Jonadi,manual_residual_alias_round3
20060409,MONTEBELLO IONICO,,Montebello Jonico,manual_residual_alias_round3
20060409,MONTEGRIMANO,,Monte Grimano Terme,manual_residual_alias_round3
20060409,PUEGNAGO SUL GARDA,,Puegnago del Garda,manual_residual_alias_round3
20060409,SANTA VITTORIA IN MATEMANO,,Santa Vittoria in Matenano,manual_residual_alias_round3
20060409,TRUGGIO,,Triuggio,manual_residual_alias_round3
20060409,VIALE D ASTI,,Viale,manual_residual_alias_round3
20080413,IONADI,,Jonadi,manual_residual_alias_round3
20080413,MONTEBELLO IONICO,,Montebello Jonico,manual_residual_alias_round3
20080413,MONTICELLO,,Monte San Vito,istat_denomination_change
20080413,VIALE D ASTI,,Viale,manual_residual_alias_round3
20080413,ZEME LOMELLINA,,Zeme,manual_residual_alias_round3
20130224,IONADI,,Jonadi,manual_residual_alias_round3
20130224,MONTEBELLO IONICO,,Montebello Jonico,manual_residual_alias_round3
20130224,VIALE D ASTI,,Viale,manual_residual_alias_round3
20180304,BARBARANO VICENTINO,,Marano Vicentino,manual_residual_alias_round3_fuzzy
20180304,EMAR SE,,Emarèse,manual_residual_alias_round3
20180304,F NIS,,Fénis,manual_residual_alias_round3
20180304,FUNES VILLN SS,,Funes/Villnöß,fuzzy_same_province_alias
20180304,IONADI,,Jonadi,manual_residual_alias_round3
20180304,LUSON L SEN,,Luson/Lüsen,manual_residual_alias_round3
20180304,MEGLIADINO SAN FIDENZIO,,Megliadino San Vitale,manual_residual_alias_round3_fuzzy
20180304,MELTINA M LTEN,,Meltina/Mölten,fuzzy_same_province_alias
20180304,MOSSANO,,Mossa,manual_residual_alias_round3_fuzzy
20180304,S N JAN DI FASSA,,Sèn Jan di Fassa-Sèn Jan,manual_residual_alias_round3
20180304,SALETTO,,Sale,manual_residual_alias_round3_fuzzy
20180304,SANTA MARGHERITA D ADIGE,,Santa Margherita Ligure,manual_residual_alias_round3_fuzzy
20180304,VERR S,,Verrès,manual_residual_alias_round3
20220925,FUNES VILLNOSS,,Funes/Villnöß,manual_residual_alias_round3
20220925,IONADI,,Jonadi,manual_residual_alias_round3
19480418,RIO DI PUSTERLA,BOLZANO,RIO DI PUSTERIA/MÜHLBACH,1948_raw_typo_pusterla_pusteria
19480418,BORGO,TRENTO,BORGO VALSUGANA,1948_trento_bolzano_short_name
19480418,CANALE SAN BOVO,TRENTO,CANAL SAN BOVO,1948_trento_bolzano_name_variant
19480418,GARNICA,TRENTO,GARNIGA,1948_trento_bolzano_name_variant
19480418,VALFIORIANA,TRENTO,VALFLORIANA,1948_trento_bolzano_name_variant
19480418,VALDAGNO,TRENTO,VALDAGNO/ALDEIN,1948_trento_bolzano_historical_italian_name_raw_province_disambiguated
19480418,RUMO(PROVES E LAUREGNO),TRENTO,RUMO,1948_trento_bolzano_composite_unit_assigned_to_raw_province_component
