election_date,municipality_match,province_raw,municipality_target,harmonization_reason
ALL,ABETONE,PISTOIA,Abetone Cutigliano,high_confidence_target_name_contains_historical_name
ALL,ALME CON VILLA,BERGAMO,Almè,high_confidence_target_name_contains_historical_name
ALL,AMBLAR,TRENTO,Amblar-Don,high_confidence_target_name_contains_historical_name
ALL,ARZENE,PORDENONE,Valvasone Arzene,high_confidence_target_name_contains_historical_name
ALL,AUDITORE,PESARO E URBINO,Sassocorvaro Auditore,high_confidence_target_name_contains_historical_name
ALL,BASELGA,TRENTO,Baselga di Pinè,high_confidence_target_name_contains_historical_name
ALL,BIGARELLO,MANTOVA,San Giorgio Bigarello,high_confidence_target_name_contains_historical_name
ALL,BRACCA DI COSTA SERINA,BERGAMO,Bracca,high_confidence_target_name_contains_historical_name
ALL,BREIA,VERCELLI,Cellio con Breia,high_confidence_target_name_contains_historical_name
ALL,BREMBILLA,BERGAMO,Val Brembilla,high_confidence_target_name_contains_historical_name
ALL,CADREZZATE,VARESE,Cadrezzate con Osmate,high_confidence_target_name_contains_historical_name
ALL,CAGNO,COMO,Solbiate con Cagno,high_confidence_target_name_contains_historical_name
ALL,CARPASIO,IMPERIA,Montalto Carpasio,high_confidence_target_name_contains_historical_name
ALL,CASCIANA TERME,PISA,Casciana Terme Lari,high_confidence_target_name_contains_historical_name
ALL,CELLIO,VERCELLI,Cellio con Breia,high_confidence_target_name_contains_historical_name
ALL,CEMBRA,TRENTO,Cembra Lisignago,high_confidence_target_name_contains_historical_name
ALL,CONCO,VICENZA,Lusiana Conco,high_confidence_target_name_contains_historical_name
ALL,CONDINO,TRENTO,Castel Condino,high_confidence_target_name_contains_historical_name
ALL,CORNALE,PAVIA,Cornale e Bastida,high_confidence_target_name_contains_historical_name
ALL,CORTEOLONA,PAVIA,Corteolona e Genzone,high_confidence_target_name_contains_historical_name
ALL,CRESPINA,PISA,Crespina Lorenzana,high_confidence_target_name_contains_historical_name
ALL,CUCCARO MONFERRATO,ALESSANDRIA,Lu e Cuccaro Monferrato,high_confidence_target_name_contains_historical_name
ALL,CUTIGLIANO,PISTOIA,Abetone Cutigliano,high_confidence_target_name_contains_historical_name
ALL,DAONE,TRENTO,Valdaone,high_confidence_target_name_contains_historical_name
ALL,DIMARO,TRENTO,Dimaro Folgarida,high_confidence_target_name_contains_historical_name
ALL,DORSINO,TRENTO,San Lorenzo Dorsino,high_confidence_target_name_contains_historical_name
ALL,DRIZZONA,CREMONA,Piadena Drizzona,high_confidence_target_name_contains_historical_name
ALL,FELONICA,MANTOVA,Sermide e Felonica,high_confidence_target_name_contains_historical_name
ALL,FIUMICELLO,UDINE,Fiumicello Villa Vicentina,high_confidence_target_name_contains_historical_name
ALL,GATTICO,NOVARA,Gattico-Veruno,high_confidence_target_name_contains_historical_name
ALL,GENZONE,PAVIA,Corteolona e Genzone,high_confidence_target_name_contains_historical_name
ALL,GIUNCUGNANO,LUCCA,Sillano Giuncugnano,high_confidence_target_name_contains_historical_name
ALL,GRAVEDONA,COMO,Gravedona ed Uniti,high_confidence_target_name_contains_historical_name
ALL,LARI,PISA,Casciana Terme Lari,high_confidence_target_name_contains_historical_name
ALL,LATERINA,AREZZO,Laterina Pergine Valdarno,high_confidence_target_name_contains_historical_name
ALL,LIGOSULLO,UDINE,Treppo Ligosullo,high_confidence_target_name_contains_historical_name
ALL,LISIGNAGO,TRENTO,Cembra Lisignago,high_confidence_target_name_contains_historical_name
ALL,LONATO,BRESCIA,Lonato del Garda,high_confidence_target_name_contains_historical_name
ALL,LORENZANA,PISA,Crespina Lorenzana,high_confidence_target_name_contains_historical_name
ALL,LUSIANA,VICENZA,Lusiana Conco,high_confidence_target_name_contains_historical_name
ALL,MACCAGNO,VARESE,Maccagno con Pino e Veddasca,high_confidence_target_name_contains_historical_name
ALL,MEZZANI,PARMA,Sorbolo Mezzani,high_confidence_target_name_contains_historical_name
ALL,MONTE COLOMBO,RIMINI,Montescudo-Monte Colombo,high_confidence_target_name_contains_historical_name
ALL,MONTESCUDO,RIMINI,Montescudo-Monte Colombo,high_confidence_target_name_contains_historical_name
ALL,MONTIGLIO,ASTI,Montiglio Monferrato,high_confidence_target_name_contains_historical_name
ALL,MONTORO INFERIORE,AVELLINO,Montoro,high_confidence_target_name_contains_historical_name
ALL,MONTORO SUPERIORE,AVELLINO,Montoro,high_confidence_target_name_contains_historical_name
ALL,MOSSANO,VICENZA,Barbarano Mossano,high_confidence_target_name_contains_historical_name
ALL,OSMATE,VARESE,Cadrezzate con Osmate,high_confidence_target_name_contains_historical_name
ALL,PERGINE VALDARNO,AREZZO,Laterina Pergine Valdarno,high_confidence_target_name_contains_historical_name
ALL,PIADENA,CREMONA,Piadena Drizzona,high_confidence_target_name_contains_historical_name
ALL,PIEVE D ALPAGO,BELLUNO,Alpago,high_confidence_target_name_contains_historical_name
ALL,PIEVE DI BONO,TRENTO,Pieve di Bono-Prezzo,high_confidence_target_name_contains_historical_name
ALL,PIOVERA,ALESSANDRIA,Alluvioni Piovera,high_confidence_target_name_contains_historical_name
ALL,PITEGLIO,PISTOIA,San Marcello Piteglio,high_confidence_target_name_contains_historical_name
ALL,PRATOVECCHIO,AREZZO,Pratovecchio Stia,high_confidence_target_name_contains_historical_name
ALL,PRESICCE,LECCE,Presicce-Acquarica,high_confidence_target_name_contains_historical_name
ALL,PREZZO,TRENTO,Pieve di Bono-Prezzo,high_confidence_target_name_contains_historical_name
ALL,QUAREGNA,BIELLA,Quaregna Cerreto,high_confidence_target_name_contains_historical_name
ALL,QUERO,BELLUNO,Quero Vas,high_confidence_target_name_contains_historical_name
ALL,RIVIGNANO,UDINE,Trivignano Udinese,high_confidence_target_name_contains_historical_name
ALL,ROSSANO,COSENZA,Corigliano-Rossano,high_confidence_target_name_contains_historical_name
ALL,SAN FELICE,BOLZANO,Senale-San Felice/Unsere Liebe Frau im Walde-St. Felix,high_confidence_target_name_contains_historical_name
ALL,SASSOCORVARO,PESARO E URBINO,Sassocorvaro Auditore,high_confidence_target_name_contains_historical_name
ALL,SCARPERIA,FIRENZE,Scarperia e San Piero,high_confidence_target_name_contains_historical_name
ALL,SENALE,BOLZANO,Senales/Schnals,high_confidence_target_name_contains_historical_name
ALL,SILLANO,LUCCA,Sillano Giuncugnano,high_confidence_target_name_contains_historical_name
ALL,SISSA,PARMA,Sissa Trecasali,high_confidence_target_name_contains_historical_name
ALL,SOLBIATE,COMO,Solbiate con Cagno,high_confidence_target_name_contains_historical_name
ALL,SORBOLO,PARMA,Sorbolo Mezzani,high_confidence_target_name_contains_historical_name
ALL,STIA,AREZZO,Pratovecchio Stia,high_confidence_target_name_contains_historical_name
ALL,TAPOGLIANO,UDINE,Campolongo Tapogliano,high_confidence_target_name_contains_historical_name
ALL,TEOR,UDINE,Rivignano Teor,high_confidence_target_name_contains_historical_name
ALL,TORRIANA,RIMINI,Poggio Torriana,high_confidence_target_name_contains_historical_name
ALL,TRECASALI,PARMA,Sissa Trecasali,high_confidence_target_name_contains_historical_name
ALL,VAL MARCHIROLO,VARESE,Marchirolo,high_confidence_target_name_contains_historical_name
ALL,VALDA,TRENTO,Valdaone,high_confidence_target_name_contains_historical_name
ALL,VALVASONE,PORDENONE,Valvasone Arzene,high_confidence_target_name_contains_historical_name
ALL,VEDDASCA,VARESE,Maccagno con Pino e Veddasca,high_confidence_target_name_contains_historical_name
ALL,VERDERIO INFERIORE,LECCO,Verderio,high_confidence_target_name_contains_historical_name
ALL,VERDERIO SUPERIORE,LECCO,Verderio,high_confidence_target_name_contains_historical_name
ALL,VERGEMOLI,LUCCA,Fabbriche di Vergemoli,high_confidence_target_name_contains_historical_name
ALL,VERMEZZO,MILANO,Vermezzo con Zelo,high_confidence_target_name_contains_historical_name
ALL,VERUNO,NOVARA,Gattico-Veruno,high_confidence_target_name_contains_historical_name
ALL,VILLA VICENTINA,UDINE,Fiumicello Villa Vicentina,high_confidence_target_name_contains_historical_name
ALL,VIRGILIO,MANTOVA,Borgo Virgilio,high_confidence_target_name_contains_historical_name
ALL,ZIBELLO,PARMA,Polesine Zibello,high_confidence_target_name_contains_historical_name
ALL,ACQUACANINA,MACERATA,Fiastra,round2_curated_successor_or_incorporating_municipality
ALL,ACQUARICA DEL CAPO,LECCE,Presicce-Acquarica,round2_curated_successor_or_incorporating_municipality
ALL,ALICE SUPERIORE,TORINO,Val di Chy,round2_curated_successor_or_incorporating_municipality
ALL,ALLUVIONI CAMBIO,ALESSANDRIA,Alluvioni Piovera,round2_curated_successor_or_incorporating_municipality
ALL,BARBARANO VICENTINO,VICENZA,Barbarano Mossano,round2_curated_successor_or_incorporating_municipality
ALL,BARBERINO VAL D ELSA,FIRENZE,Barberino Tavarnelle,round2_curated_successor_or_incorporating_municipality
ALL,BARCHI,PESARO E URBINO,Terre Roveresche,round2_curated_successor_or_incorporating_municipality
ALL,BASTIDA DE DOSSI,PAVIA,Cornale e Bastida,round2_curated_successor_or_incorporating_municipality
ALL,BAZZANO,BOLOGNA,Valsamoggia,round2_curated_successor_or_incorporating_municipality
ALL,BERRA,FERRARA,Riva del Po,round2_curated_successor_or_incorporating_municipality
ALL,BORGOFORTE,MANTOVA,Borgo Virgilio,round2_curated_successor_or_incorporating_municipality
ALL,BORGOFRANCO SUL PO,MANTOVA,Borgocarbonara,round2_curated_successor_or_incorporating_municipality
ALL,CA D ANDREA,CREMONA,Torre de' Picenardi,round2_curated_successor_or_incorporating_municipality
ALL,CAMO,CUNEO,Santo Stefano Belbo,round2_curated_successor_or_incorporating_municipality
ALL,CAMPOLONGO SUL BRENTA,VICENZA,Valbrenta,round2_curated_successor_or_incorporating_municipality
ALL,CANEVINO,PAVIA,Colli Verdi,round2_curated_successor_or_incorporating_municipality
ALL,CARBONARA DI PO,MANTOVA,Borgocarbonara,round2_curated_successor_or_incorporating_municipality
ALL,CASASCO D INTELVI,COMO,Centro Valle Intelvi,round2_curated_successor_or_incorporating_municipality
ALL,CASOLE BRUZIO,COSENZA,Casali del Manco,round2_curated_successor_or_incorporating_municipality
ALL,CASTEL COLONNA,ANCONA,Trecastelli,round2_curated_successor_or_incorporating_municipality
ALL,CASTELFRANCO DI SOPRA,AREZZO,Castelfranco Piandiscò,round2_curated_successor_or_incorporating_municipality
ALL,CASTELLAR,CUNEO,Saluzzo,round2_curated_successor_or_incorporating_municipality
ALL,CASTIGLIONE D INTELVI,COMO,Centro Valle Intelvi,round2_curated_successor_or_incorporating_municipality
ALL,CISMON DEL GRAPPA,VICENZA,Valbrenta,round2_curated_successor_or_incorporating_municipality
ALL,CIVENNA,COMO,Bellagio,round2_curated_successor_or_incorporating_municipality
ALL,COLBORDOLO,PESARO E URBINO,Vallefoglia,round2_curated_successor_or_incorporating_municipality
ALL,CORIGLIANO CALABRO,COSENZA,Corigliano-Rossano,round2_curated_successor_or_incorporating_municipality
ALL,CRESPANO DEL GRAPPA,TREVISO,Pieve del Grappa,round2_curated_successor_or_incorporating_municipality
ALL,CRESPELLANO,BOLOGNA,Valsamoggia,round2_curated_successor_or_incorporating_municipality
ALL,FARRA D ALPAGO,BELLUNO,Alpago,round2_curated_successor_or_incorporating_municipality
ALL,FIGLINE VALDARNO,FIRENZE,Figline e Incisa Valdarno,round2_curated_successor_or_incorporating_municipality
ALL,FIORDIMONTE,MACERATA,Valfornace,round2_curated_successor_or_incorporating_municipality
ALL,FORMIGNANA,FERRARA,Tresignana,round2_curated_successor_or_incorporating_municipality
ALL,FORNO DI ZOLDO,BELLUNO,Val di Zoldo,round2_curated_successor_or_incorporating_municipality
ALL,GIRONICO,COMO,Colverde,round2_curated_successor_or_incorporating_municipality
ALL,GRANAGLIONE,BOLOGNA,Alto Reno Terme,round2_curated_successor_or_incorporating_municipality
ALL,GRANCONA,VICENZA,Val Liona,round2_curated_successor_or_incorporating_municipality
ALL,INCISA IN VAL D ARNO,FIRENZE,Figline e Incisa Valdarno,round2_curated_successor_or_incorporating_municipality
ALL,LANZO D INTELVI,COMO,Alta Valle Intelvi,round2_curated_successor_or_incorporating_municipality
ALL,LENNO,COMO,Tremezzina,round2_curated_successor_or_incorporating_municipality
ALL,LENTIAI,BELLUNO,Borgo Valbelluna,round2_curated_successor_or_incorporating_municipality
ALL,LU,ALESSANDRIA,Lu e Cuccaro Monferrato,round2_curated_successor_or_incorporating_municipality
ALL,LUGNACCO,TORINO,Val di Chy,round2_curated_successor_or_incorporating_municipality
ALL,MASON VICENTINO,VICENZA,Colceresa,round2_curated_successor_or_incorporating_municipality
ALL,MASSAFISCAGLIA,FERRARA,Fiscaglia,round2_curated_successor_or_incorporating_municipality
ALL,MEGLIADINO SAN FIDENZIO,PADOVA,Borgo Veneto,round2_curated_successor_or_incorporating_municipality
ALL,MEL,BELLUNO,Borgo Valbelluna,round2_curated_successor_or_incorporating_municipality
ALL,MENAROLA,SONDRIO,Gordona,round2_curated_successor_or_incorporating_municipality
ALL,MEZZEGRA,COMO,Tremezzina,round2_curated_successor_or_incorporating_municipality
ALL,MIGLIARINO,FERRARA,Fiscaglia,round2_curated_successor_or_incorporating_municipality
ALL,MONTALTO LIGURE,IMPERIA,Montalto Carpasio,round2_curated_successor_or_incorporating_municipality
ALL,MONTEMAGGIORE AL METAURO,PESARO E URBINO,Colli al Metauro,round2_curated_successor_or_incorporating_municipality
ALL,MONTERADO,ANCONA,Trecastelli,round2_curated_successor_or_incorporating_municipality
ALL,MONTEVEGLIO,BOLOGNA,Valsamoggia,round2_curated_successor_or_incorporating_municipality
ALL,NIBBIANO,PIACENZA,Alta Val Tidone,round2_curated_successor_or_incorporating_municipality
ALL,ORCIANO DI PESARO,PESARO E URBINO,Terre Roveresche,round2_curated_successor_or_incorporating_municipality
ALL,PECORARA,PIACENZA,Alta Val Tidone,round2_curated_successor_or_incorporating_municipality
ALL,PEDACE,COSENZA,Casali del Manco,round2_curated_successor_or_incorporating_municipality
ALL,PELLIO INTELVI,COMO,Alta Valle Intelvi,round2_curated_successor_or_incorporating_municipality
ALL,PIAGGE,PESARO E URBINO,Terre Roveresche,round2_curated_successor_or_incorporating_municipality
ALL,PIAN DI SCO,AREZZO,Castelfranco Piandiscò,round2_curated_successor_or_incorporating_municipality
ALL,PIEVEBOVIGLIANA,MACERATA,Valfornace,round2_curated_successor_or_incorporating_municipality
ALL,PINO SULLA SPONDA DEL LAGO MAGGIORE,VARESE,Maccagno con Pino e Veddasca,round2_curated_successor_or_incorporating_municipality
ALL,POLESINE PARMENSE,PARMA,Polesine Zibello,round2_curated_successor_or_incorporating_municipality
ALL,PORRETTA TERME,BOLOGNA,Alto Reno Terme,round2_curated_successor_or_incorporating_municipality
ALL,PRESTINE,BRESCIA,Bienno,round2_curated_successor_or_incorporating_municipality
ALL,PUOS D ALPAGO,BELLUNO,Alpago,round2_curated_successor_or_incorporating_municipality
ALL,REVERE,MANTOVA,Borgo Mantovano,round2_curated_successor_or_incorporating_municipality
ALL,RIMASCO,VERCELLI,Alto Sermenza,round2_curated_successor_or_incorporating_municipality
ALL,RIO MARINA,LIVORNO,Rio,round2_curated_successor_or_incorporating_municipality
ALL,RIO NELL ELBA,LIVORNO,Rio,round2_curated_successor_or_incorporating_municipality
ALL,RIPE,ANCONA,Trecastelli,round2_curated_successor_or_incorporating_municipality
ALL,SABBIA,VERCELLI,Varallo,round2_curated_successor_or_incorporating_municipality
ALL,SALETTO,PADOVA,Borgo Veneto,round2_curated_successor_or_incorporating_municipality
ALL,SALTARA,PESARO E URBINO,Colli al Metauro,round2_curated_successor_or_incorporating_municipality
ALL,SAN FEDELE INTELVI,COMO,Centro Valle Intelvi,round2_curated_successor_or_incorporating_municipality
ALL,SAN GERMANO DEI BERICI,VICENZA,Val Liona,round2_curated_successor_or_incorporating_municipality
ALL,SAN GIORGIO DI PESARO,PESARO E URBINO,Terre Roveresche,round2_curated_successor_or_incorporating_municipality
ALL,SAN GIOVANNI D ASSO,SIENA,Montalcino,round2_curated_successor_or_incorporating_municipality
ALL,SAN MARCELLO PISTOIESE,PISTOIA,San Marcello Piteglio,round2_curated_successor_or_incorporating_municipality
ALL,SAN PIERO A SIEVE,FIRENZE,Scarperia e San Piero,round2_curated_successor_or_incorporating_municipality
ALL,SANT AGOSTINO,FERRARA,Terre del Reno,round2_curated_successor_or_incorporating_municipality
ALL,SANT ANGELO IN LIZZOLA,PESARO E URBINO,Vallefoglia,round2_curated_successor_or_incorporating_municipality
ALL,SANTA MARGHERITA D ADIGE,PADOVA,Borgo Veneto,round2_curated_successor_or_incorporating_municipality
ALL,SAVIGNO,BOLOGNA,Valsamoggia,round2_curated_successor_or_incorporating_municipality
ALL,SERRA PEDACE,COSENZA,Casali del Manco,round2_curated_successor_or_incorporating_municipality
ALL,SERRUNGARINA,PESARO E URBINO,Colli al Metauro,round2_curated_successor_or_incorporating_municipality
ALL,SPEZZANO PICCOLO,COSENZA,Casali del Manco,round2_curated_successor_or_incorporating_municipality
ALL,TREMEZZO,COMO,Tremezzina,round2_curated_successor_or_incorporating_municipality
ALL,TRENTA,COSENZA,Casali del Manco,round2_curated_successor_or_incorporating_municipality
ALL,TREPPO CARNICO,UDINE,Treppo Ligosullo,round2_curated_successor_or_incorporating_municipality
ALL,VAS,BELLUNO,Quero Vas,round2_curated_successor_or_incorporating_municipality
ALL,VILLA POMA,MANTOVA,Borgo Mantovano,round2_curated_successor_or_incorporating_municipality
ALL,ZOLDO ALTO,BELLUNO,Val di Zoldo,round2_curated_successor_or_incorporating_municipality
ALL,BOLBENO,TRENTO,Borgo Lares,round2_curated_successor_or_incorporating_municipality
ALL,BONDO,TRENTO,Sella Giudicarie,round2_curated_successor_or_incorporating_municipality
ALL,BREGUZZO,TRENTO,Sella Giudicarie,round2_curated_successor_or_incorporating_municipality
ALL,BREZ,TRENTO,Novella,round2_curated_successor_or_incorporating_municipality
ALL,CAGNO,TRENTO,Novella,round2_curated_successor_or_incorporating_municipality
ALL,CARANO,TRENTO,Ville di Fiemme,round2_curated_successor_or_incorporating_municipality
ALL,CIMEGO,TRENTO,Borgo Chiese,round2_curated_successor_or_incorporating_municipality
ALL,CLOZ,TRENTO,Novella,round2_curated_successor_or_incorporating_municipality
ALL,CUNEVO,TRENTO,Contà,round2_curated_successor_or_incorporating_municipality
ALL,DAIANO,TRENTO,Ville di Fiemme,round2_curated_successor_or_incorporating_municipality
ALL,DON,TRENTO,Amblar-Don,round2_curated_successor_or_incorporating_municipality
ALL,FAEDO,TRENTO,San Michele all'Adige,round2_curated_successor_or_incorporating_municipality
ALL,FONDO,TRENTO,Borgo d'Anaunia,round2_curated_successor_or_incorporating_municipality
ALL,MALOSCO,TRENTO,Borgo d'Anaunia,round2_curated_successor_or_incorporating_municipality
ALL,MONTAGNE,TRENTO,Tre Ville,round2_curated_successor_or_incorporating_municipality
ALL,NANNO,TRENTO,Ville d'Anaunia,round2_curated_successor_or_incorporating_municipality
ALL,NAVE SAN ROCCO,TRENTO,Terre d'Adige,round2_curated_successor_or_incorporating_municipality
ALL,OSSUCCIO,COMO,Tremezzina,round2_curated_successor_or_incorporating_municipality
ALL,PADERGNONE,TRENTO,Vallelaghi,round2_curated_successor_or_incorporating_municipality
ALL,PIEVE DI CORIANO,MANTOVA,Borgo Mantovano,round2_curated_successor_or_incorporating_municipality
ALL,PRASO,TRENTO,Valdaone,round2_curated_successor_or_incorporating_municipality
ALL,PREORE,TRENTO,Tre Ville,round2_curated_successor_or_incorporating_municipality
ALL,RAGOLI,TRENTO,Tre Ville,round2_curated_successor_or_incorporating_municipality
ALL,REVO,TRENTO,Novella,round2_curated_successor_or_incorporating_municipality
ALL,RIMA SAN GIUSEPPE,VERCELLI,Alto Sermenza,round2_curated_successor_or_incorporating_municipality
ALL,ROMALLO,TRENTO,Novella,round2_curated_successor_or_incorporating_municipality
ALL,RONCONE,TRENTO,Sella Giudicarie,round2_curated_successor_or_incorporating_municipality
ALL,SAN LORENZO IN BANALE,TRENTO,San Lorenzo Dorsino,round2_curated_successor_or_incorporating_municipality
ALL,SIROR,TRENTO,Primiero San Martino di Castrozza,round2_curated_successor_or_incorporating_municipality
ALL,SPERA,TRENTO,Castel Ivano,round2_curated_successor_or_incorporating_municipality
ALL,TAIO,TRENTO,Predaia,round2_curated_successor_or_incorporating_municipality
ALL,TASSULLO,TRENTO,Ville d'Anaunia,round2_curated_successor_or_incorporating_municipality
ALL,TERLAGO,TRENTO,Vallelaghi,round2_curated_successor_or_incorporating_municipality
ALL,TERRES,TRENTO,Contà,round2_curated_successor_or_incorporating_municipality
ALL,TONADICO,TRENTO,Primiero San Martino di Castrozza,round2_curated_successor_or_incorporating_municipality
ALL,TRANSACQUA,TRENTO,Primiero San Martino di Castrozza,round2_curated_successor_or_incorporating_municipality
ALL,TRES,TRENTO,Predaia,round2_curated_successor_or_incorporating_municipality
ALL,TUENNO,TRENTO,Ville d'Anaunia,round2_curated_successor_or_incorporating_municipality
ALL,VALSECCA,BERGAMO,Sant'Omobono Terme,round2_curated_successor_or_incorporating_municipality
ALL,VARENA,TRENTO,Ville di Fiemme,round2_curated_successor_or_incorporating_municipality
ALL,VATTARO,TRENTO,Altopiano della Vigolana,round2_curated_successor_or_incorporating_municipality
ALL,VERVO,TRENTO,Predaia,round2_curated_successor_or_incorporating_municipality
ALL,VEZZANO,TRENTO,Vallelaghi,round2_curated_successor_or_incorporating_municipality
ALL,VIGO DI FASSA,TRENTO,San Giovanni di Fassa-Sèn Jan,round2_curated_successor_or_incorporating_municipality
ALL,VIGO RENDENA,TRENTO,Porte di Rendena,round2_curated_successor_or_incorporating_municipality
ALL,VIGOLO VATTARO,TRENTO,Altopiano della Vigolana,round2_curated_successor_or_incorporating_municipality
ALL,VILLA AGNEDO,TRENTO,Castel Ivano,round2_curated_successor_or_incorporating_municipality
ALL,VILLA RENDENA,TRENTO,Porte di Rendena,round2_curated_successor_or_incorporating_municipality
ALL,ZAMBANA,TRENTO,Terre d'Adige,round2_curated_successor_or_incorporating_municipality
ALL,ZUCLO,TRENTO,Borgo Lares,round2_curated_successor_or_incorporating_municipality
ALL,BERSONE,TRENTO,Valdaone,round2_curated_successor_or_incorporating_municipality
ALL,BUSANA,REGGIO NELL'EMILIA,Ventasso,round2_curated_successor_or_incorporating_municipality
ALL,CALAVINO,TRENTO,Madruzzo,round2_curated_successor_or_incorporating_municipality
ALL,CASTELFONDO,TRENTO,Borgo d'Anaunia,round2_curated_successor_or_incorporating_municipality
ALL,CASTELLAVAZZO,BELLUNO,Longarone,round2_curated_successor_or_incorporating_municipality
ALL,COLLAGNA,REGGIO NELL'EMILIA,Ventasso,round2_curated_successor_or_incorporating_municipality
ALL,DARE,TRENTO,Porte di Rendena,round2_curated_successor_or_incorporating_municipality
ALL,LARDARO,TRENTO,Sella Giudicarie,round2_curated_successor_or_incorporating_municipality
ALL,LASINO,TRENTO,Madruzzo,round2_curated_successor_or_incorporating_municipality
ALL,LIGONCHIO,REGGIO NELL'EMILIA,Ventasso,round2_curated_successor_or_incorporating_municipality
ALL,MOLINA DI LEDRO,TRENTO,Ledro,round2_curated_successor_or_incorporating_municipality
ALL,MONCLASSICO,TRENTO,Dimaro Folgarida,round2_curated_successor_or_incorporating_municipality
ALL,PARE,COMO,Colverde,round2_curated_successor_or_incorporating_municipality
ALL,PIEVE DI LEDRO,TRENTO,Ledro,round2_curated_successor_or_incorporating_municipality
ALL,POZZA DI FASSA,TRENTO,San Giovanni di Fassa-Sèn Jan,round2_curated_successor_or_incorporating_municipality
ALL,RAMISETO,REGGIO NELL'EMILIA,Ventasso,round2_curated_successor_or_incorporating_municipality
ALL,SMARANO,TRENTO,Predaia,round2_curated_successor_or_incorporating_municipality
ALL,STRIGNO,TRENTO,Castel Ivano,round2_curated_successor_or_incorporating_municipality
ALL,TIARNO DI SOPRA,TRENTO,Ledro,round2_curated_successor_or_incorporating_municipality
ALL,TIARNO DI SOTTO,TRENTO,Ledro,round2_curated_successor_or_incorporating_municipality
ALL,CAMAIRAGO,MILANO,Castelgerundo,round2_curated_successor_or_incorporating_municipality
ALL,CARRARA SAN GIORGIO,PADOVA,Due Carrare,round2_curated_successor_or_incorporating_municipality
ALL,CARRARA SANTO STEFANO,PADOVA,Due Carrare,round2_curated_successor_or_incorporating_municipality
ALL,CAVACURTA,MILANO,Castelgerundo,round2_curated_successor_or_incorporating_municipality
ALL,CERRETO CASTELLO,VERCELLI,Quaregna Cerreto,round2_curated_successor_or_incorporating_municipality
ALL,CONTARINA,ROVIGO,Porto Viro,round2_curated_successor_or_incorporating_municipality
ALL,CROSA,VERCELLI,Lessona,round2_curated_successor_or_incorporating_municipality
ALL,FALMENTA,NOVARA,Valle Cannobina,round2_curated_successor_or_incorporating_municipality
ALL,INTROZZO,COMO,Valvarrone,round2_curated_successor_or_incorporating_municipality
ALL,MIRABELLO,FERRARA,Terre del Reno,round2_curated_successor_or_incorporating_municipality
ALL,MOSSO SANTA MARIA,VERCELLI,Valdilana,round2_curated_successor_or_incorporating_municipality
ALL,PISTOLESA,VERCELLI,Valdilana,round2_curated_successor_or_incorporating_municipality
ALL,POGGIO BERNI,FORLI',Poggio Torriana,round2_curated_successor_or_incorporating_municipality
ALL,QUITTENGO,VERCELLI,Campiglia Cervo,round2_curated_successor_or_incorporating_municipality
ALL,SAN PAOLO CERVO,VERCELLI,Campiglia Cervo,round2_curated_successor_or_incorporating_municipality
ALL,SANT OMOBONO IMAGNA,BERGAMO,Sant'Omobono Terme,round2_curated_successor_or_incorporating_municipality
ALL,SANTA MARIA REZZONICO,COMO,San Siro,round2_curated_successor_or_incorporating_municipality
ALL,SCANDELUZZA,ASTI,Montiglio Monferrato,round2_curated_successor_or_incorporating_municipality
ALL,SOPRANA,VERCELLI,Valdilana,round2_curated_successor_or_incorporating_municipality
ALL,TREMENICO,COMO,Valvarrone,round2_curated_successor_or_incorporating_municipality
ALL,TRIVERO,VERCELLI,Valdilana,round2_curated_successor_or_incorporating_municipality
ALL,VALLE MOSSO,VERCELLI,Valdilana,round2_curated_successor_or_incorporating_municipality
ALL,VENDROGNO,COMO,Bellano,round2_curated_successor_or_incorporating_municipality
ALL,VESTRENO,COMO,Valvarrone,round2_curated_successor_or_incorporating_municipality
ALL,CAVAGLIO SPOCCIA,NOVARA,Valle Cannobina,round2_curated_successor_or_incorporating_municipality
ALL,COLCAVAGNO,ASTI,Montiglio Monferrato,round2_curated_successor_or_incorporating_municipality
ALL,CURSOLO ORASSO,NOVARA,Valle Cannobina,round2_curated_successor_or_incorporating_municipality
ALL,GERMASINO,COMO,Gravedona ed Uniti,round2_curated_successor_or_incorporating_municipality
ALL,MIGLIARO,FERRARA,Fiscaglia,round2_curated_successor_or_incorporating_municipality
ALL,SELVE MARCONE,VERCELLI,Pettinengo,round2_curated_successor_or_incorporating_municipality
ALL,PEREGO,COMO,La Valletta Brianza,round2_curated_successor_or_incorporating_municipality
ALL,ROVAGNATE,COMO,La Valletta Brianza,round2_curated_successor_or_incorporating_municipality
ALL,SANT ABBONDIO,COMO,Tremezzina,round2_curated_successor_or_incorporating_municipality
ALL,SEPPIANA,NOVARA,Borgomezzavalle,round2_curated_successor_or_incorporating_municipality
ALL,VIGANELLA,NOVARA,Borgomezzavalle,round2_curated_successor_or_incorporating_municipality
ALL,RAMPONIO VERNA,COMO,Alta Valle Intelvi,round2_curated_successor_or_incorporating_municipality
ALL,SIAMANNA SIAPICCIA,CAGLIARI,Siamanna,round2_curated_successor_or_incorporating_municipality
ALL,ACQUARICA DEL CAPO,,Presicce-Acquarica,round2_curated_successor_or_incorporating_municipality
ALL,ALICE SUPERIORE,,Val di Chy,round2_curated_successor_or_incorporating_municipality
ALL,BARBERINO VAL D ELSA,,Barberino Tavarnelle,round2_curated_successor_or_incorporating_municipality
ALL,BERRA,,Riva del Po,round2_curated_successor_or_incorporating_municipality
ALL,BORGOFRANCO SUL PO,,Borgocarbonara,round2_curated_successor_or_incorporating_municipality
ALL,BREZ,,Novella,round2_curated_successor_or_incorporating_municipality
ALL,CA D ANDREA,,Torre de' Picenardi,round2_curated_successor_or_incorporating_municipality
ALL,CAMO,,Santo Stefano Belbo,round2_curated_successor_or_incorporating_municipality
ALL,CAMPOLONGO SUL BRENTA,,Valbrenta,round2_curated_successor_or_incorporating_municipality
ALL,CANEVINO,,Colli Verdi,round2_curated_successor_or_incorporating_municipality
ALL,CARANO,,Ville di Fiemme,round2_curated_successor_or_incorporating_municipality
ALL,CARBONARA DI PO,,Borgocarbonara,round2_curated_successor_or_incorporating_municipality
ALL,CASTELFONDO,,Borgo d'Anaunia,round2_curated_successor_or_incorporating_municipality
ALL,CASTELLAR,,Saluzzo,round2_curated_successor_or_incorporating_municipality
ALL,CISMON DEL GRAPPA,,Valbrenta,round2_curated_successor_or_incorporating_municipality
ALL,CLOZ,,Novella,round2_curated_successor_or_incorporating_municipality
ALL,CORIGLIANO CALABRO,,Corigliano-Rossano,round2_curated_successor_or_incorporating_municipality
ALL,CRESPANO DEL GRAPPA,,Pieve del Grappa,round2_curated_successor_or_incorporating_municipality
ALL,DAIANO,,Ville di Fiemme,round2_curated_successor_or_incorporating_municipality
ALL,FAEDO,,San Michele all'Adige,round2_curated_successor_or_incorporating_municipality
ALL,FONDO,,Borgo d'Anaunia,round2_curated_successor_or_incorporating_municipality
ALL,FORMIGNANA,,Tresignana,round2_curated_successor_or_incorporating_municipality
ALL,LENTIAI,,Borgo Valbelluna,round2_curated_successor_or_incorporating_municipality
ALL,LU,,Lu e Cuccaro Monferrato,round2_curated_successor_or_incorporating_municipality
ALL,LUGNACCO,,Val di Chy,round2_curated_successor_or_incorporating_municipality
ALL,MALOSCO,,Borgo d'Anaunia,round2_curated_successor_or_incorporating_municipality
ALL,MASON VICENTINO,,Colceresa,round2_curated_successor_or_incorporating_municipality
ALL,MEL,,Borgo Valbelluna,round2_curated_successor_or_incorporating_municipality
ALL,NAVE SAN ROCCO,,Terre d'Adige,round2_curated_successor_or_incorporating_municipality
ALL,REVO,,Novella,round2_curated_successor_or_incorporating_municipality
ALL,RO,FERRARA,Riva del Po,round2_curated_successor_or_incorporating_municipality
ALL,ROMALLO,,Novella,round2_curated_successor_or_incorporating_municipality
ALL,SANT EUFEMIA LAMEZIA,CATANZARO,Lamezia Terme,round2_curated_successor_or_incorporating_municipality
ALL,VARENA,,Ville di Fiemme,round2_curated_successor_or_incorporating_municipality
ALL,ZAMBANA,,Terre d'Adige,round2_curated_successor_or_incorporating_municipality
ALL,ACQUACANINA,,Fiastra,round2_curated_successor_or_incorporating_municipality
ALL,ALLUVIONI CAMBIO,,Alluvioni Piovera,round2_curated_successor_or_incorporating_municipality
ALL,BARBARANO VICENTINO,,Barbarano Mossano,round2_curated_successor_or_incorporating_municipality
ALL,BARCHI,,Terre Roveresche,round2_curated_successor_or_incorporating_municipality
ALL,BASTIDA DE DOSSI,,Cornale e Bastida,round2_curated_successor_or_incorporating_municipality
ALL,BAZZANO,,Valsamoggia,round2_curated_successor_or_incorporating_municipality
ALL,BERSONE,,Valdaone,round2_curated_successor_or_incorporating_municipality
ALL,BOLBENO,,Borgo Lares,round2_curated_successor_or_incorporating_municipality
ALL,BONDO,,Sella Giudicarie,round2_curated_successor_or_incorporating_municipality
ALL,BORGOFORTE,,Borgo Virgilio,round2_curated_successor_or_incorporating_municipality
ALL,BREGUZZO,,Sella Giudicarie,round2_curated_successor_or_incorporating_municipality
ALL,BUSANA,,Ventasso,round2_curated_successor_or_incorporating_municipality
ALL,CALAVINO,,Madruzzo,round2_curated_successor_or_incorporating_municipality
ALL,CAMAIRAGO,LODI,Castelgerundo,round2_curated_successor_or_incorporating_municipality
ALL,CASASCO D INTELVI,,Centro Valle Intelvi,round2_curated_successor_or_incorporating_municipality
ALL,CASOLE BRUZIO,,Casali del Manco,round2_curated_successor_or_incorporating_municipality
ALL,CASTEL COLONNA,,Trecastelli,round2_curated_successor_or_incorporating_municipality
ALL,CASTELFRANCO DI SOPRA,,Castelfranco Piandiscò,round2_curated_successor_or_incorporating_municipality
ALL,CASTIGLIONE D INTELVI,,Centro Valle Intelvi,round2_curated_successor_or_incorporating_municipality
ALL,CAVACURTA,LODI,Castelgerundo,round2_curated_successor_or_incorporating_municipality
ALL,CAVAGLIO SPOCCIA,VERBANO-CUSIO-OSSOLA,Valle Cannobina,round2_curated_successor_or_incorporating_municipality
ALL,CAVAGLIO SPOCCIA,,Valle Cannobina,round2_curated_successor_or_incorporating_municipality
ALL,CERRETO CASTELLO,BIELLA,Quaregna Cerreto,round2_curated_successor_or_incorporating_municipality
ALL,CERRETO CASTELLO,,Quaregna Cerreto,round2_curated_successor_or_incorporating_municipality
ALL,CIMEGO,,Borgo Chiese,round2_curated_successor_or_incorporating_municipality
ALL,CIVENNA,,Bellagio,round2_curated_successor_or_incorporating_municipality
ALL,COLBORDOLO,,Vallefoglia,round2_curated_successor_or_incorporating_municipality
ALL,COLLAGNA,,Ventasso,round2_curated_successor_or_incorporating_municipality
ALL,CRESPELLANO,,Valsamoggia,round2_curated_successor_or_incorporating_municipality
ALL,CROSA,BIELLA,Lessona,round2_curated_successor_or_incorporating_municipality
ALL,CUNEVO,,Contà,round2_curated_successor_or_incorporating_municipality
ALL,CURSOLO ORASSO,VERBANO-CUSIO-OSSOLA,Valle Cannobina,round2_curated_successor_or_incorporating_municipality
ALL,CURSOLO ORASSO,,Valle Cannobina,round2_curated_successor_or_incorporating_municipality
ALL,DARE,,Porte di Rendena,round2_curated_successor_or_incorporating_municipality
ALL,DON,,Amblar-Don,round2_curated_successor_or_incorporating_municipality
ALL,FALMENTA,VERBANO-CUSIO-OSSOLA,Valle Cannobina,round2_curated_successor_or_incorporating_municipality
ALL,FALMENTA,,Valle Cannobina,round2_curated_successor_or_incorporating_municipality
ALL,FARRA D ALPAGO,,Alpago,round2_curated_successor_or_incorporating_municipality
ALL,FIGLINE VALDARNO,,Figline e Incisa Valdarno,round2_curated_successor_or_incorporating_municipality
ALL,FIORDIMONTE,,Valfornace,round2_curated_successor_or_incorporating_municipality
ALL,FORNO DI ZOLDO,,Val di Zoldo,round2_curated_successor_or_incorporating_municipality
ALL,GERMASINO,,Gravedona ed Uniti,round2_curated_successor_or_incorporating_municipality
ALL,GIRONICO,,Colverde,round2_curated_successor_or_incorporating_municipality
ALL,GRANAGLIONE,,Alto Reno Terme,round2_curated_successor_or_incorporating_municipality
ALL,GRANCONA,,Val Liona,round2_curated_successor_or_incorporating_municipality
ALL,INCISA IN VAL D ARNO,,Figline e Incisa Valdarno,round2_curated_successor_or_incorporating_municipality
ALL,INTROZZO,LECCO,Valvarrone,round2_curated_successor_or_incorporating_municipality
ALL,LANZO D INTELVI,,Alta Valle Intelvi,round2_curated_successor_or_incorporating_municipality
ALL,LARDARO,,Sella Giudicarie,round2_curated_successor_or_incorporating_municipality
ALL,LASINO,,Madruzzo,round2_curated_successor_or_incorporating_municipality
ALL,LENNO,,Tremezzina,round2_curated_successor_or_incorporating_municipality
ALL,LIGONCHIO,,Ventasso,round2_curated_successor_or_incorporating_municipality
ALL,MASSAFISCAGLIA,,Fiscaglia,round2_curated_successor_or_incorporating_municipality
ALL,MEGLIADINO SAN FIDENZIO,,Borgo Veneto,round2_curated_successor_or_incorporating_municipality
ALL,MENAROLA,,Gordona,round2_curated_successor_or_incorporating_municipality
ALL,MEZZEGRA,,Tremezzina,round2_curated_successor_or_incorporating_municipality
ALL,MIGLIARINO,,Fiscaglia,round2_curated_successor_or_incorporating_municipality
ALL,MIGLIARO,,Fiscaglia,round2_curated_successor_or_incorporating_municipality
ALL,MIRABELLO,,Terre del Reno,round2_curated_successor_or_incorporating_municipality
ALL,MOLINA DI LEDRO,,Ledro,round2_curated_successor_or_incorporating_municipality
ALL,MONCLASSICO,,Dimaro Folgarida,round2_curated_successor_or_incorporating_municipality
ALL,MONTAGNE,,Tre Ville,round2_curated_successor_or_incorporating_municipality
ALL,MONTALTO LIGURE,,Montalto Carpasio,round2_curated_successor_or_incorporating_municipality
ALL,MONTEMAGGIORE AL METAURO,,Colli al Metauro,round2_curated_successor_or_incorporating_municipality
ALL,MONTERADO,,Trecastelli,round2_curated_successor_or_incorporating_municipality
ALL,MONTEVEGLIO,,Valsamoggia,round2_curated_successor_or_incorporating_municipality
ALL,MOSSO,BIELLA,Valdilana,round2_curated_successor_or_incorporating_municipality
ALL,NANNO,,Ville d'Anaunia,round2_curated_successor_or_incorporating_municipality
ALL,NIBBIANO,,Alta Val Tidone,round2_curated_successor_or_incorporating_municipality
ALL,ORCIANO DI PESARO,,Terre Roveresche,round2_curated_successor_or_incorporating_municipality
ALL,OSSUCCIO,,Tremezzina,round2_curated_successor_or_incorporating_municipality
ALL,PADERGNONE,,Vallelaghi,round2_curated_successor_or_incorporating_municipality
ALL,PARE,,Colverde,round2_curated_successor_or_incorporating_municipality
ALL,PECORARA,,Alta Val Tidone,round2_curated_successor_or_incorporating_municipality
ALL,PEDACE,,Casali del Manco,round2_curated_successor_or_incorporating_municipality
ALL,PELLIO INTELVI,,Alta Valle Intelvi,round2_curated_successor_or_incorporating_municipality
ALL,PEREGO,LECCO,La Valletta Brianza,round2_curated_successor_or_incorporating_municipality
ALL,PIAGGE,,Terre Roveresche,round2_curated_successor_or_incorporating_municipality
ALL,PIAN DI SCO,,Castelfranco Piandiscò,round2_curated_successor_or_incorporating_municipality
ALL,PIEVE DI CORIANO,,Borgo Mantovano,round2_curated_successor_or_incorporating_municipality
ALL,PIEVE DI LEDRO,,Ledro,round2_curated_successor_or_incorporating_municipality
ALL,PIEVEBOVIGLIANA,,Valfornace,round2_curated_successor_or_incorporating_municipality
ALL,PINO SULLA SPONDA DEL LAGO MAGGIORE,,Maccagno con Pino e Veddasca,round2_curated_successor_or_incorporating_municipality
ALL,POGGIO BERNI,RIMINI,Poggio Torriana,round2_curated_successor_or_incorporating_municipality
ALL,POLESINE PARMENSE,,Polesine Zibello,round2_curated_successor_or_incorporating_municipality
ALL,PORRETTA TERME,,Alto Reno Terme,round2_curated_successor_or_incorporating_municipality
ALL,POZZA DI FASSA,,San Giovanni di Fassa-Sèn Jan,round2_curated_successor_or_incorporating_municipality
ALL,PRASO,,Valdaone,round2_curated_successor_or_incorporating_municipality
ALL,PREORE,,Tre Ville,round2_curated_successor_or_incorporating_municipality
ALL,PRESTINE,,Bienno,round2_curated_successor_or_incorporating_municipality
ALL,PUOS D ALPAGO,,Alpago,round2_curated_successor_or_incorporating_municipality
ALL,QUITTENGO,BIELLA,Campiglia Cervo,round2_curated_successor_or_incorporating_municipality
ALL,RAGOLI,,Tre Ville,round2_curated_successor_or_incorporating_municipality
ALL,RAMISETO,,Ventasso,round2_curated_successor_or_incorporating_municipality
ALL,RAMPONIO VERNA,,Alta Valle Intelvi,round2_curated_successor_or_incorporating_municipality
ALL,REVERE,,Borgo Mantovano,round2_curated_successor_or_incorporating_municipality
ALL,RIMA SAN GIUSEPPE,,Alto Sermenza,round2_curated_successor_or_incorporating_municipality
ALL,RIMASCO,,Alto Sermenza,round2_curated_successor_or_incorporating_municipality
ALL,RIO MARINA,,Rio,round2_curated_successor_or_incorporating_municipality
ALL,RIO NELL ELBA,,Rio,round2_curated_successor_or_incorporating_municipality
ALL,RIPE,,Trecastelli,round2_curated_successor_or_incorporating_municipality
ALL,RO,,Riva del Po,round2_curated_successor_or_incorporating_municipality
ALL,RONCONE,,Sella Giudicarie,round2_curated_successor_or_incorporating_municipality
ALL,ROVAGNATE,LECCO,La Valletta Brianza,round2_curated_successor_or_incorporating_municipality
ALL,SABBIA,,Varallo,round2_curated_successor_or_incorporating_municipality
ALL,SALETTO,,Borgo Veneto,round2_curated_successor_or_incorporating_municipality
ALL,SALTARA,,Colli al Metauro,round2_curated_successor_or_incorporating_municipality
ALL,SAN FEDELE INTELVI,,Centro Valle Intelvi,round2_curated_successor_or_incorporating_municipality
ALL,SAN GERMANO DEI BERICI,,Val Liona,round2_curated_successor_or_incorporating_municipality
ALL,SAN GIORGIO DI PESARO,,Terre Roveresche,round2_curated_successor_or_incorporating_municipality
ALL,SAN GIOVANNI D ASSO,,Montalcino,round2_curated_successor_or_incorporating_municipality
ALL,SAN LORENZO IN BANALE,,San Lorenzo Dorsino,round2_curated_successor_or_incorporating_municipality
ALL,SAN MARCELLO PISTOIESE,,San Marcello Piteglio,round2_curated_successor_or_incorporating_municipality
ALL,SAN PAOLO CERVO,BIELLA,Campiglia Cervo,round2_curated_successor_or_incorporating_municipality
ALL,SAN PIERO A SIEVE,,Scarperia e San Piero,round2_curated_successor_or_incorporating_municipality
ALL,SANT ABBONDIO,,Tremezzina,round2_curated_successor_or_incorporating_municipality
ALL,SANT AGOSTINO,,Terre del Reno,round2_curated_successor_or_incorporating_municipality
ALL,SANT ANGELO IN LIZZOLA,,Vallefoglia,round2_curated_successor_or_incorporating_municipality
ALL,SANT OMOBONO IMAGNA,,Sant'Omobono Terme,round2_curated_successor_or_incorporating_municipality
ALL,SANTA MARGHERITA D ADIGE,,Borgo Veneto,round2_curated_successor_or_incorporating_municipality
ALL,SANTA MARIA REZZONICO,,San Siro,round2_curated_successor_or_incorporating_municipality
ALL,SAVIGNO,,Valsamoggia,round2_curated_successor_or_incorporating_municipality
ALL,SELVE MARCONE,BIELLA,Pettinengo,round2_curated_successor_or_incorporating_municipality
ALL,SEPPIANA,VERBANO-CUSIO-OSSOLA,Borgomezzavalle,round2_curated_successor_or_incorporating_municipality
ALL,SERRA PEDACE,,Casali del Manco,round2_curated_successor_or_incorporating_municipality
ALL,SERRUNGARINA,,Colli al Metauro,round2_curated_successor_or_incorporating_municipality
ALL,SIROR,,Primiero San Martino di Castrozza,round2_curated_successor_or_incorporating_municipality
ALL,SMARANO,,Predaia,round2_curated_successor_or_incorporating_municipality
ALL,SOPRANA,BIELLA,Valdilana,round2_curated_successor_or_incorporating_municipality
ALL,SOPRANA,,Valdilana,round2_curated_successor_or_incorporating_municipality
ALL,SPERA,,Castel Ivano,round2_curated_successor_or_incorporating_municipality
ALL,SPEZZANO PICCOLO,,Casali del Manco,round2_curated_successor_or_incorporating_municipality
ALL,STRIGNO,,Castel Ivano,round2_curated_successor_or_incorporating_municipality
ALL,TAIO,,Predaia,round2_curated_successor_or_incorporating_municipality
ALL,TASSULLO,,Ville d'Anaunia,round2_curated_successor_or_incorporating_municipality
ALL,TERLAGO,,Vallelaghi,round2_curated_successor_or_incorporating_municipality
ALL,TERRES,,Contà,round2_curated_successor_or_incorporating_municipality
ALL,TIARNO DI SOPRA,,Ledro,round2_curated_successor_or_incorporating_municipality
ALL,TIARNO DI SOTTO,,Ledro,round2_curated_successor_or_incorporating_municipality
ALL,TONADICO,,Primiero San Martino di Castrozza,round2_curated_successor_or_incorporating_municipality
ALL,TRANSACQUA,,Primiero San Martino di Castrozza,round2_curated_successor_or_incorporating_municipality
ALL,TREMENICO,LECCO,Valvarrone,round2_curated_successor_or_incorporating_municipality
ALL,TREMEZZO,,Tremezzina,round2_curated_successor_or_incorporating_municipality
ALL,TRENTA,,Casali del Manco,round2_curated_successor_or_incorporating_municipality
ALL,TREPPO CARNICO,,Treppo Ligosullo,round2_curated_successor_or_incorporating_municipality
ALL,TRES,,Predaia,round2_curated_successor_or_incorporating_municipality
ALL,TRIVERO,BIELLA,Valdilana,round2_curated_successor_or_incorporating_municipality
ALL,TRIVERO,,Valdilana,round2_curated_successor_or_incorporating_municipality
ALL,TUENNO,,Ville d'Anaunia,round2_curated_successor_or_incorporating_municipality
ALL,VALLE MOSSO,BIELLA,Valdilana,round2_curated_successor_or_incorporating_municipality
ALL,VALLE MOSSO,,Valdilana,round2_curated_successor_or_incorporating_municipality
ALL,VALSECCA,,Sant'Omobono Terme,round2_curated_successor_or_incorporating_municipality
ALL,VAS,,Quero Vas,round2_curated_successor_or_incorporating_municipality
ALL,VATTARO,,Altopiano della Vigolana,round2_curated_successor_or_incorporating_municipality
ALL,VENDROGNO,LECCO,Bellano,round2_curated_successor_or_incorporating_municipality
ALL,VENDROGNO,,Bellano,round2_curated_successor_or_incorporating_municipality
ALL,VERVO,,Predaia,round2_curated_successor_or_incorporating_municipality
ALL,VESTRENO,LECCO,Valvarrone,round2_curated_successor_or_incorporating_municipality
ALL,VEZZANO,,Vallelaghi,round2_curated_successor_or_incorporating_municipality
ALL,VIGANELLA,VERBANO-CUSIO-OSSOLA,Borgomezzavalle,round2_curated_successor_or_incorporating_municipality
ALL,VIGO DI FASSA,,San Giovanni di Fassa-Sèn Jan,round2_curated_successor_or_incorporating_municipality
ALL,VIGO RENDENA,,Porte di Rendena,round2_curated_successor_or_incorporating_municipality
ALL,VIGOLO VATTARO,,Altopiano della Vigolana,round2_curated_successor_or_incorporating_municipality
ALL,VILLA AGNEDO,,Castel Ivano,round2_curated_successor_or_incorporating_municipality
ALL,VILLA POMA,,Borgo Mantovano,round2_curated_successor_or_incorporating_municipality
ALL,VILLA RENDENA,,Porte di Rendena,round2_curated_successor_or_incorporating_municipality
ALL,ZOLDO ALTO,,Val di Zoldo,round2_curated_successor_or_incorporating_municipality
ALL,ZUCLO,,Borgo Lares,round2_curated_successor_or_incorporating_municipality
ALL,BAGNI DI CASCIANA,PISA,Casciana Terme Lari,round2_curated_successor_or_incorporating_municipality
ALL,BUSANA,REGGIO EMILIA,Ventasso,round2_curated_successor_or_incorporating_municipality
ALL,CAMAIRAGO,,Castelgerundo,round2_curated_successor_or_incorporating_municipality
ALL,CASTELLO LAVAZZO,BELLUNO,Longarone,round2_curated_successor_or_incorporating_municipality
ALL,CASTELLO LAVAZZO,,Longarone,round2_curated_successor_or_incorporating_municipality
ALL,CAVACURTA,,Castelgerundo,round2_curated_successor_or_incorporating_municipality
ALL,COLCAVAGNO,,Montiglio Monferrato,round2_curated_successor_or_incorporating_municipality
ALL,COLLAGNA,REGGIO EMILIA,Ventasso,round2_curated_successor_or_incorporating_municipality
ALL,CROSA,,Lessona,round2_curated_successor_or_incorporating_municipality
ALL,INTROZZO,,Valvarrone,round2_curated_successor_or_incorporating_municipality
ALL,LIGONCHIO,REGGIO EMILIA,Ventasso,round2_curated_successor_or_incorporating_municipality
ALL,MOSSO,,Valdilana,round2_curated_successor_or_incorporating_municipality
ALL,OLGIATE CALCO,COMO,Olgiate Molgora,round2_curated_successor_or_incorporating_municipality
ALL,PEREGO,,La Valletta Brianza,round2_curated_successor_or_incorporating_municipality
ALL,POGGIO BERNI,,Poggio Torriana,round2_curated_successor_or_incorporating_municipality
ALL,PONCARALE FLERO,BRESCIA,Flero,round2_curated_successor_or_incorporating_municipality
ALL,QUITTENGO,,Campiglia Cervo,round2_curated_successor_or_incorporating_municipality
ALL,RAMISETO,REGGIO EMILIA,Ventasso,round2_curated_successor_or_incorporating_municipality
ALL,RIVA SANTO STEFANO,IMPERIA,Riva Ligure,round2_curated_successor_or_incorporating_municipality
ALL,ROCCA DEL COLLE,BERGAMO,Sant'Omobono Terme,round2_curated_successor_or_incorporating_municipality
ALL,ROVAGNATE,,La Valletta Brianza,round2_curated_successor_or_incorporating_municipality
ALL,SAN MARTINO DE CALVI,BERGAMO,Piazza Brembana,round2_curated_successor_or_incorporating_municipality
ALL,SAN PAOLO CERVO,,Campiglia Cervo,round2_curated_successor_or_incorporating_municipality
ALL,SANTA MARIA DI ROVAGNATE,COMO,La Valletta Brianza,round2_curated_successor_or_incorporating_municipality
ALL,SCANDELUZZA,,Montiglio Monferrato,round2_curated_successor_or_incorporating_municipality
ALL,SELVE MARCONE,,Pettinengo,round2_curated_successor_or_incorporating_municipality
ALL,SEPPIANA,,Borgomezzavalle,round2_curated_successor_or_incorporating_municipality
ALL,SEPRIO,COMO,Carnago,round2_curated_successor_or_incorporating_municipality
ALL,TREMENICO,,Valvarrone,round2_curated_successor_or_incorporating_municipality
ALL,VALSAVIORE,BRESCIA,Cevo,round2_curated_successor_or_incorporating_municipality
ALL,VESTRENO,,Valvarrone,round2_curated_successor_or_incorporating_municipality
ALL,VIGANELLA,,Borgomezzavalle,round2_curated_successor_or_incorporating_municipality
ALL,VIGATTO,PARMA,Parma,round2_curated_successor_or_incorporating_municipality
ALL,CARRARA SAN GIORGIO,,Due Carrare,round2_curated_successor_or_incorporating_municipality
ALL,CARRARA SANTO STEFANO,,Due Carrare,round2_curated_successor_or_incorporating_municipality
ALL,CARUGO AROSIO,COMO,Arosio,round2_curated_successor_or_incorporating_municipality
ALL,CASTELLAVAZZO,,Longarone,round2_curated_successor_or_incorporating_municipality
ALL,CENTRISOLO,BERGAMO,Capriate San Gervasio,round2_curated_successor_or_incorporating_municipality
ALL,CERNUSCO MONTEVECCHIA,COMO,Cernusco Lombardone,round2_curated_successor_or_incorporating_municipality
ALL,CONTARINA,,Porto Viro,round2_curated_successor_or_incorporating_municipality
ALL,ISOLA COMACINA,COMO,Tremezzina,round2_curated_successor_or_incorporating_municipality
ALL,MIRABELLO COMASCO,COMO,Cantù,round2_curated_successor_or_incorporating_municipality
ALL,MOSSO SANTA MARIA,,Valdilana,round2_curated_successor_or_incorporating_municipality
ALL,ORINO AZZIO,VARESE,Azzio,round2_curated_successor_or_incorporating_municipality
ALL,PISTOLESA,,Valdilana,round2_curated_successor_or_incorporating_municipality
ALL,TRASSILICO,LUCCA,Gallicano,round2_curated_successor_or_incorporating_municipality
ALL,ZELBIO VELESO,COMO,Zelbio,round2_curated_successor_or_incorporating_municipality
ALL,GAVAZZANA,,Cassano Spinola,istat_suppression_chain_to_2022
ALL,GEROSA,,Val Brembilla,istat_suppression_chain_to_2022
ALL,MEUGLIANO,,Valchiusa,istat_suppression_chain_to_2022
ALL,MOLVENA,,Colceresa,istat_suppression_chain_to_2022
ALL,MONTECICCARDO,,Pesaro,istat_suppression_chain_to_2022
ALL,PADERNO DEL GRAPPA,,Pieve del Grappa,istat_suppression_chain_to_2022
ALL,PECCO,,Val di Chy,istat_suppression_chain_to_2022
ALL,RIVA VALDOBBIA,,Alagna Valsesia,istat_suppression_chain_to_2022
ALL,RUINO,,Colli Verdi,istat_suppression_chain_to_2022
ALL,SAN NAZARIO,,Valbrenta,istat_suppression_chain_to_2022
ALL,TAVARNELLE VAL DI PESA,,Barberino Tavarnelle,istat_suppression_chain_to_2022
ALL,TRAUSELLA,,Valchiusa,istat_suppression_chain_to_2022
ALL,TRICHIANA,,Borgo Valbelluna,istat_suppression_chain_to_2022
ALL,VALMALA,,Busca,istat_suppression_chain_to_2022
ALL,VALSTAGNA,,Valbrenta,istat_suppression_chain_to_2022
ALL,VICO CANAVESE,,Valchiusa,istat_suppression_chain_to_2022
ALL,ZELO SURRIGONE,,Vermezzo con Zelo,istat_suppression_chain_to_2022
ALL,BOSENTINO,,Altopiano della Vigolana,istat_suppression_chain_to_2022
ALL,CAMINATA,,Alta Val Tidone,istat_suppression_chain_to_2022
ALL,CAMPOLONGO AL TORRE,,Campolongo Tapogliano,istat_suppression_chain_to_2022
ALL,CASTELLO DI SERRAVALLE,,Valsamoggia,istat_suppression_chain_to_2022
ALL,CENTA SAN NICOLO,,Altopiano della Vigolana,istat_suppression_chain_to_2022
ALL,COREDO,,Predaia,istat_suppression_chain_to_2022
ALL,FABBRICHE DI VALLICO,,Fabbriche di Vergemoli,istat_suppression_chain_to_2022
ALL,FAVER,,Altavalle,istat_suppression_chain_to_2022
ALL,FIERA DI PRIMIERO,,Primiero San Martino di Castrozza,istat_suppression_chain_to_2022
ALL,FLAVON,,Contà,istat_suppression_chain_to_2022
ALL,GRAUNO,,Altavalle,istat_suppression_chain_to_2022
ALL,GRUMES,,Altavalle,istat_suppression_chain_to_2022
ALL,IVANO FRACENA,,Castel Ivano,istat_suppression_chain_to_2022
ALL,BEZZECCA,,Ledro,istat_suppression_chain_to_2022
ALL,BLEGGIO INFERIORE,,Comano Terme,istat_suppression_chain_to_2022
ALL,CAVALLASCA,,San Fermo della Battaglia,istat_suppression_chain_to_2022
ALL,CONCEI,,Ledro,istat_suppression_chain_to_2022
ALL,CONSIGLIO DI RUMO,,Gravedona ed Uniti,istat_suppression_chain_to_2022
ALL,DREZZO,,Colverde,istat_suppression_chain_to_2022
ALL,LOMASO,,Comano Terme,istat_suppression_chain_to_2022
ALL,DONADA,,Porto Viro,istat_suppression_chain_to_2022
ALL,MONTE COLOMBO,,Montescudo-Monte Colombo,istat_suppression_chain_to_2022
ALL,MONTESCUDO,,Montescudo-Monte Colombo,istat_suppression_chain_to_2022
ALL,QUAREGNA,,Quaregna Cerreto,istat_suppression_chain_to_2022
ALL,TORRIANA,,Poggio Torriana,istat_suppression_chain_to_2022
ALL,TRESIGALLO,,Tresignana,istat_suppression_chain_to_2022
ALL,VERDERIO INFERIORE,,Verderio,istat_suppression_chain_to_2022
ALL,VERDERIO SUPERIORE,,Verderio,istat_suppression_chain_to_2022
ALL,RO FERRARESE,,Riva del Po,istat_suppression_chain_to_2022
ALL,NICASTRO,,Lamezia Terme,istat_suppression_chain_to_2022
ALL,RIVIERA D ADDA,,Solza,istat_suppression_chain_to_2022
ALL,SAMBIASE,,Lamezia Terme,istat_suppression_chain_to_2022
ALL,TRETTO,,Schio,istat_suppression_chain_to_2022
ALL,ARZENE,,Valvasone Arzene,istat_suppression_chain_to_2022
ALL,BANCO,,Sanzeno,istat_suppression_chain_to_2022
ALL,CASEZ,,Sanzeno,istat_suppression_chain_to_2022
ALL,PANNONE,,Ronzo-Chienis,istat_denomination_change_to_2022
ALL,SORBANO,,Sarsina,istat_suppression_chain_to_2022
ALL,VALVASONE,,Valvasone Arzene,istat_suppression_chain_to_2022
ALL,VIGOLO BASELGA,,Trento,istat_suppression_chain_to_2022
ALL,BASELGA DI VEZZANO,,Trento,istat_suppression_chain_to_2022
ALL,CESELLO BRIANZA,,Suello,istat_suppression_chain_to_2022
ALL,LIETO COLLE,,San Fermo della Battaglia,istat_suppression_chain_to_2022
ALL,RASUN VALDAORA,,Rasun-Anterselva/Rasen-Antholz,istat_suppression_chain_to_2022
19480418,SAN FELICE,TRENTO,SENALE-SAN FELICE/UNSERE LIEBE FRAU IM WALDE-ST. FELIX,1948_historical_municipality_now_senale_san_felice
19480418,SENALE,TRENTO,SENALE-SAN FELICE/UNSERE LIEBE FRAU IM WALDE-ST. FELIX,1948_historical_municipality_now_senale_san_felice
19480418,RUMO(PROVES E LAUREGNO),TRENTO,RUMO,1948_composite_raw_unit_assigned_to_rumo_sensitivity_flag
ALL,BRIONE,TRENTO,Borgo Chiese,"blocked homonym: Brione TN maps to Borgo Chiese, not Brione BS"
ALL,VALVERDE,PAVIA,Colli Verdi,"blocked homonym: Valverde PV maps to Colli Verdi, not Valverde CT"
