election_date,year,component,territorial_classification,territorial_subtype,confidence,reason,notes,retained,national_share,national_rank,coverage,zero_share,top_region,top_region_share
19480418,1948,DC,,,,,,TRUE,0.48490425390041725,1,1,0,LOMBARDIA,0.16444784048170386
19480418,1948,FR.DEMOCR.POPOLARE,,,,,,TRUE,0.3102506642985493,2,1,0,LOMBARDIA,0.16286312879005851
19480418,1948,UNITA' SOCIALISTA,,,,,,TRUE,0.07066783684966386,3,1,0,LOMBARDIA,0.20384869423977597
19480418,1948,BLOCCO NAZIONALE,,,,,,TRUE,0.03839360392466118,4,1,0,PUGLIA,0.17662223712465203
19480418,1948,P.NAZ.MON.ALL.D.LAV.,,,,,,TRUE,0.02800557031774554,5,0.9423076923076923,0.057692307692307696,CAMPANIA,0.3591574398392502
19480418,1948,PRI,,,,,,TRUE,0.02492524473244205,6,0.9807692307692307,0.019230769230769232,LAZIO,0.17063077858034228
19480418,1948,MSI,,,,,,TRUE,0.02013254365252811,7,0.9807692307692307,0.019230769230769232,CAMPANIA,0.15564621734835316
19480418,1948,PPST-PPTT,,,,,,FALSE,0.004591272346602345,8,0.019230769230769232,0.9807692307692307,TRENTINO-ALTO ADIGE/SÜDTIROL,1
19480418,1948,P.CONTADINI D'ITALIA,,,,,,FALSE,0.00364618383898652,9,0.47115384615384615,0.5288461538461539,PIEMONTE,0.7512975824268755
19480418,1948,PARTITO CRISTIANO SOCIALE,,,,,,FALSE,0.00275540323133932,10,0.6442307692307693,0.3557692307692308,TOSCANA,0.19431233213965982
19480418,1948,PS D'AZ.,,,,,,FALSE,0.0023869266353846994,11,0.04807692307692308,0.9519230769230769,SARDEGNA,1
19480418,1948,MOV.NAZ.DEM.SOC.,,,,,,FALSE,0.0021583246803003006,12,0.75,0.25,CAMPANIA,0.4676321945818526
19480418,1948,UN.MOV.FEDERALISTI,,,,,,FALSE,0.0019525405227896607,13,0.18269230769230768,0.8173076923076923,SICILIA,0.9285798886651664
19480418,1948,BLOCCO POP.UNIONISTA,,,,,,FALSE,0.001339427843725838,14,0.4807692307692308,0.5192307692307693,VENETO,0.17444102327990563
19480418,1948,ALTRE LISTE,,,,,,FALSE,8.56862259902423e-4,15,0.057692307692307696,0.9423076923076923,CAMPANIA,0.5347037920021591
19480418,1948,PC.INTERNAZIONALISTA,,,,,,FALSE,7.980062178498388e-4,16,0.14423076923076922,0.8557692307692307,LOMBARDIA,0.7757438176197836
19480418,1948,CONC.NAZ.COMBAT.UNIT,,,,,,FALSE,3.8717023079123025e-4,17,0.28846153846153844,0.7115384615384616,SICILIA,0.3130910900945744
19480418,1948,P.DEMOLABURISTA IT.,,,,,,FALSE,3.1243423502177325e-4,18,0.15384615384615385,0.8461538461538461,PIEMONTE,0.41228719467061437
19480418,1948,P.INDIPENDENTE CONTADINI,,,,,,FALSE,2.59513903824525e-4,19,0.028846153846153848,0.9711538461538461,PIEMONTE,1
19480418,1948,P.DEM.IND.PENSIONATI,,,,,,FALSE,2.035100864686606e-4,20,0.08653846153846154,0.9134615384615384,VENETO,0.6278409090909091
19480418,1948,AS.NAZ.CONG.DIS.GUER,,,,,,FALSE,1.424185169510797e-4,21,0.07692307692307693,0.9230769230769231,LIGURIA,0.574830852503383
19480418,1948,P.PATRIA E LIBERTA',,,,,,FALSE,1.2249148765102337e-4,22,0.038461538461538464,0.9615384615384616,SICILIA,1
19480418,1948,FR.DEGLI ITALIANI,,,,,,FALSE,1.1435879290767348e-4,23,0.14423076923076922,0.8557692307692307,UMBRIA,0.3592854735422986
19480418,1948,GR.POL.LA DESTRA,,,,,,FALSE,1.0907832286104347e-4,24,0.1346153846153846,0.8653846153846154,SICILIA,0.7929328621908127
19480418,1948,FR.ANTIBOLSCEVICO IT,,,,,,FALSE,1.062260981643236e-4,25,0.038461538461538464,0.9615384615384616,SICILIA,1
19480418,1948,RAGGRUP.POP.ITALIANO,,,,,,FALSE,8.44489771690976e-5,26,0.038461538461538464,0.9615384615384616,VENETO,1
19480418,1948,MAGLIO,,,,,,FALSE,6.328855340559484e-5,27,0.028846153846153848,0.9711538461538461,PUGLIA,1
19480418,1948,CONF.IT.LIBERI SIND.,,,,,,FALSE,5.9010216360515034e-5,28,0.04807692307692308,0.9519230769230769,CALABRIA,1
19480418,1948,MOV.UNITA'D'IT.,,,,,,FALSE,5.874041132163613e-5,29,0.10576923076923077,0.8942307692307693,SICILIA,0.4763779527559055
19480418,1948,FR.UN.ANTICOM.RIS.N.,,,,,,FALSE,5.565692516302006e-5,30,0.04807692307692308,0.9519230769230769,SICILIA,1
19480418,1948,M.NAZ.SIN.DAN.GUERRA,,,,,,FALSE,4.5442877262604326e-5,31,0.04807692307692308,0.9519230769230769,SICILIA,1
19480418,1948,LEGA SARDA,,,,,,FALSE,4.305317548967688e-5,32,0.04807692307692308,0.9519230769230769,SARDEGNA,1
19480418,1948,M.CAT.IND.PAX JUSTIT,,,,,,FALSE,3.7040377480375535e-5,33,0.04807692307692308,0.9519230769230769,SARDEGNA,1
19480418,1948,P.ESISTENZIALISTA IT,,,,,,FALSE,3.145155881788391e-5,34,0.038461538461538464,0.9615384615384616,VENETO,1
19530607,1953,DC,,,,,,TRUE,0.4015769633817332,1,1,0,LOMBARDIA,0.17593422721190335
19530607,1953,PCI,,,,,,TRUE,0.22619364417027385,2,1,0,EMILIA-ROMAGNA,0.13864882427236652
19530607,1953,PSI,,,,,,TRUE,0.12727703171021165,3,1,0,LOMBARDIA,0.22059367202386732
19530607,1953,P.NAZ.MONARCHICO,,,,,,TRUE,0.06883892949203244,4,1,0,CAMPANIA,0.2535442399992094
19530607,1953,MSI,,,,,,TRUE,0.05850734154144346,5,1,0,SICILIA,0.17206821774330558
19530607,1953,PSDI,,,,,,TRUE,0.045103258621004394,6,0.9809523809523809,0.01904761904761905,LOMBARDIA,0.20002430062385568
19530607,1953,PLI,,,,,,TRUE,0.030193144830787524,7,1,0,PIEMONTE,0.15010533510081
19530607,1953,PRI,,,,,,TRUE,0.01619844897112898,8,1,0,EMILIA-ROMAGNA,0.1938314582098676
19530607,1953,UN.SOCIAL.INDIP.,,,,,,FALSE,0.008306337745110323,9,0.7619047619047619,0.23809523809523808,PIEMONTE,0.13441806922471414
19530607,1953,UNITA'POPOLARE,,,,,,FALSE,0.006310378192213426,10,0.6571428571428571,0.34285714285714286,LOMBARDIA,0.26779104727908676
19530607,1953,ALL.DEMOC.NAZIONALE,,,,,,FALSE,0.004471756686668592,11,0.9619047619047619,0.0380952380952381,SICILIA,0.16740479047989318
19530607,1953,PPST,,,,,,FALSE,0.0037420603906738108,12,0.02857142857142857,0.9714285714285714,TRENTINO-ALTO ADIGE/SÜDTIROL,0.9984850168163133
19530607,1953,PS D'AZ.,,,,,,FALSE,0.001028838896232969,13,0.21904761904761905,0.780952380952381,SARDEGNA,0.9213136433766806
19530607,1953,CENTRO POLITICO IT.,,,,,,FALSE,5.370582879828994e-4,14,0.18095238095238095,0.819047619047619,SICILIA,0.2817733990147783
19530607,1953,P.MONARCHICO NAZ.IT.,,,,,,FALSE,2.986890675530509e-4,15,0.01904761904761905,0.9809523809523809,CAMPANIA,1
19530607,1953,LISTA MONARCHICA,,,,,,FALSE,2.5390271489578593e-4,16,0.02857142857142857,0.9714285714285714,PUGLIA,1
19530607,1953,UN.NAZ.DEM.IMP.PUB.,,,,,,FALSE,2.432446967950697e-4,17,0.18095238095238095,0.819047619047619,LAZIO,0.2851149782473586
19530607,1953,P.NETTISTA ITALIANO,,,,,,FALSE,1.610041032235856e-4,18,0.10476190476190476,0.8952380952380953,LAZIO,0.3901408450704225
19530607,1953,P.RADICAL SOCIALISTA,,,,,,FALSE,1.2230264742524015e-4,19,0.05714285714285714,0.9428571428571428,VENETO,1
19530607,1953,P.NAZIONALI FEDERATI,,,,,,FALSE,1.0760062954872024e-4,20,0.0380952380952381,0.9619047619047619,LAZIO,1
19530607,1953,MOV.SOC.CRISTIANO,,,,,,FALSE,1.0151573268980068e-4,21,0.06666666666666667,0.9333333333333333,LOMBARDIA,0.5405807892777365
19530607,1953,M.FEMMINILE IT.,,,,,,FALSE,6.236074420631836e-5,22,0.0380952380952381,0.9619047619047619,LAZIO,1
19530607,1953,PPTT,,,,,,FALSE,5.759865101238133e-5,23,0.01904761904761905,0.9809523809523809,TRENTINO-ALTO ADIGE/SÜDTIROL,1
19530607,1953,P.CRIST.MILITANTE,,,,,,FALSE,5.548216514840931e-5,24,0.02857142857142857,0.9714285714285714,PUGLIA,1
19530607,1953,MOV.NAZIONALE IT.,,,,,,FALSE,4.644930583610017e-5,25,0.01904761904761905,0.9809523809523809,CAMPANIA,1
19530607,1953,P.UN.SOCIALE IT.,,,,,,FALSE,4.14604462995947e-5,26,0.0380952380952381,0.9619047619047619,LAZIO,1
19530607,1953,P.VOLONTA'NAZIONALE,,,,,,FALSE,3.737865213336295e-5,27,0.047619047619047616,0.9523809523809523,PIEMONTE,1
19530607,1953,P.FEDERALISTA IT.,,,,,,FALSE,3.140713844572761e-5,28,0.0380952380952381,0.9619047619047619,VENETO,1
19530607,1953,M.GARIB.ANTIF.PART.,,,,,,FALSE,2.717416671778358e-5,29,0.01904761904761905,0.9809523809523809,CAMPANIA,1
19530607,1953,P.ESISTENZIALISTA UN,,,,,,FALSE,2.6834017203930935e-5,30,0.0380952380952381,0.9619047619047619,VENETO,1
19530607,1953,P.UNIONE NAZIONALE,,,,,,FALSE,2.0786914735439457e-5,31,0.02857142857142857,0.9714285714285714,PUGLIA,1
19530607,1953,IND,,,,,,FALSE,1.9615288632169232e-5,32,0.01904761904761905,0.9809523809523809,BASILICATA,1
19580525,1958,DC,,,,,,TRUE,0.4238306933748117,1,1,0,LOMBARDIA,0.1608943464175396
19580525,1958,PCI,,,,,,TRUE,0.22832356875435658,2,1,0,EMILIA-ROMAGNA,0.1338537734672561
19580525,1958,PSI,,,,,,TRUE,0.1423082663264985,3,1,0,LOMBARDIA,0.1958464090778547
19580525,1958,MSI,,,,,,TRUE,0.047576478977617645,4,1,0,LAZIO,0.15136608272839938
19580525,1958,PSDI,,,,,,TRUE,0.045268947416559846,5,1,0,LOMBARDIA,0.2013862414462567
19580525,1958,PLI,,,,,,TRUE,0.035529034242500236,6,1,0,LOMBARDIA,0.1869551279545259
19580525,1958,P.MONARCHICO POP.,,,,,,TRUE,0.026387246527625616,7,1,0,CAMPANIA,0.3942464087757992
19580525,1958,P.NAZ.MONARCHICO,,,,,,TRUE,0.022434722375684182,8,0.9811320754716981,0.018867924528301886,SICILIA,0.16080157007933976
19580525,1958,PRI-P.RAD.,,,,,,TRUE,0.013809041406810526,9,1,0,EMILIA-ROMAGNA,0.20464598153778066
19580525,1958,COMUNITA',,,,,,FALSE,0.005890207569848032,10,0.33962264150943394,0.660377358490566,PIEMONTE,0.5545841488433514
19580525,1958,PPST,,,,,,FALSE,0.003749213582215565,11,0.02830188679245283,0.9716981132075472,TRENTINO-ALTO ADIGE/SÜDTIROL,0.9986663085458132
19580525,1958,MOVIM.AUT.REG.-M.A.R.P.,,,,,,FALSE,0.0023142333441418393,12,0.27358490566037735,0.7264150943396226,PIEMONTE,0.7766407586351769
19580525,1958,P.CAT.RIS.NAZ.CPI,,,,,,FALSE,5.404484555445727e-4,13,0.16981132075471697,0.8301886792452831,LAZIO,0.34007967103572345
19580525,1958,FED.AUT.SOCIALDEM.IT,,,,,,FALSE,3.148796321561414e-4,14,0.03773584905660377,0.9622641509433962,LAZIO,1
19580525,1958,P.NAZIONALE LAVORO,,,,,,FALSE,2.4539637852309784e-4,15,0.16037735849056603,0.839622641509434,ABRUZZO,0.4271968303381916
19580525,1958,AUT.PIEMONT-MOV.VIL.,,,,,,FALSE,2.316108454434785e-4,16,0.04716981132075472,0.9528301886792453,PIEMONTE,1
19580525,1958,UNIONE TRIESTINA,,,,,,FALSE,2.2352009177206464e-4,17,0.009433962264150943,0.9905660377358491,FRIULI-VENEZIA GIULIA,1
19580525,1958,FR.DELL'INDIPENDENZA,,,,,,FALSE,2.1476957707165136e-4,18,0.009433962264150943,0.9905660377358491,FRIULI-VENEZIA GIULIA,1
19580525,1958,MOV.PRO PENSIONATI,,,,,,FALSE,1.70253069746533e-4,19,0.04716981132075472,0.9528301886792453,PIEMONTE,1
19580525,1958,CONC.EUROPEA DEMOC.,,,,,,FALSE,1.4212641535234747e-4,20,0.16037735849056603,0.839622641509434,SICILIA,0.5712191546542879
19580525,1958,FR.UNICO SOLDATO IT.,,,,,,FALSE,1.4004295947129668e-4,21,0.08490566037735849,0.9150943396226415,CALABRIA,0.5958343664765683
19580525,1958,MOV.INDIP.DIVORZISTI,,,,,,FALSE,1.3518156241551152e-4,22,0.04716981132075472,0.9528301886792453,PIEMONTE,1
19580525,1958,P.SOC.SICILIANO,,,,,,FALSE,1.0795773890311465e-4,23,0.04716981132075472,0.9528301886792453,SICILIA,1
19580525,1958,MOV.NAZIONALE IT.,,,,,,FALSE,5.0801599232954886e-5,24,0.018867924528301886,0.9811320754716981,CAMPANIA,1
19580525,1958,MOV.AZIONE-RINNOVAM.,,,,,,FALSE,2.6043198513134765e-5,25,0.03773584905660377,0.9622641509433962,ABRUZZO,1
19580525,1958,MOV.ECONOMICO IT.SOC,,,,,,FALSE,1.9167794105667187e-5,26,0.018867924528301886,0.9811320754716981,CAMPANIA,1
19580525,1958,P.IT.MUT.INV.GUERRA,,,,,,FALSE,1.6146783078143556e-5,27,0.02830188679245283,0.9716981132075472,PUGLIA,1
19630428,1963,DC,,,,,,TRUE,0.3825939905722995,1,1,0,LOMBARDIA,0.16859932865425695
19630428,1963,PCI,,,,,,TRUE,0.25462817175884717,2,1,0,EMILIA-ROMAGNA,0.1336912063084752
19630428,1963,PSI,,,,,,TRUE,0.13845748418185844,3,1,0,LOMBARDIA,0.21307251014645406
19630428,1963,PLI,,,,,,TRUE,0.06982766215486362,4,1,0,LOMBARDIA,0.2112219267068572
19630428,1963,PSDI,,,,,,TRUE,0.06064070255057678,5,1,0,LOMBARDIA,0.17585953076715635
19630428,1963,MSI,,,,,,TRUE,0.05118639454678967,6,1,0,LAZIO,0.1582734519438756
19630428,1963,PDIUM,,,,,,TRUE,0.017636382115993884,7,1,0,CAMPANIA,0.2936721319574152
19630428,1963,PRI,,,,,,TRUE,0.013768643638490409,8,1,0,EMILIA-ROMAGNA,0.18051319994256132
19630428,1963,PPST,,,,,,FALSE,0.0033176602651950014,9,0.02830188679245283,0.9716981132075472,TRENTINO-ALTO ADIGE/SÜDTIROL,0.9983939880609678
19630428,1963,CONC.UNITA'RURALE,,,,,,FALSE,0.003048033137797256,10,0.4716981132075472,0.5283018867924528,PUGLIA,0.23537495739745154
19630428,1963,PAPI,,,,,,FALSE,0.0028821886618475368,11,0.5660377358490566,0.4339622641509434,PIEMONTE,0.1433820109757232
19630428,1963,M.COMB.IT-FR.RIN.NAZ,,,,,,FALSE,6.543635243221195e-4,12,0.19811320754716982,0.8018867924528302,LOMBARDIA,0.5026885850361038
19630428,1963,MOV.POL.CATT.IT.,,,,,,FALSE,2.3842866162502587e-4,13,0.1509433962264151,0.8490566037735849,LOMBARDIA,0.44638088545326776
19630428,1963,PART.SOC.CRIST.,,,,,,FALSE,2.2505789057957468e-4,14,0.03773584905660377,0.9622641509433962,LAZIO,1
19630428,1963,PART.MON.NAZ.,,,,,,FALSE,2.1302754770910603e-4,15,0.03773584905660377,0.9622641509433962,LAZIO,1
19630428,1963,L.UNIT.SLOV.,,,,,,FALSE,1.8430887406010432e-4,16,0.009433962264150943,0.9905660377358491,FRIULI-VENEZIA GIULIA,1
19630428,1963,MOV.IND.TLT,,,,,,FALSE,1.4258804711377162e-4,17,0.009433962264150943,0.9905660377358491,FRIULI-VENEZIA GIULIA,1
19630428,1963,UN.NAZ.SAL.PUB.,,,,,,FALSE,9.761668184310617e-5,18,0.018867924528301886,0.9811320754716981,CAMPANIA,1
19630428,1963,MOV.COLT.E SAL.,,,,,,FALSE,8.977517701945809e-5,19,0.03773584905660377,0.9622641509433962,SICILIA,1
19630428,1963,RINN.SOC.,,,,,,FALSE,5.6934686732384955e-5,20,0.09433962264150944,0.9056603773584906,LAZIO,0.468510888758093
19630428,1963,MOV.POP.IT.,,,,,,FALSE,5.368414840805221e-5,21,0.03773584905660377,0.9622641509433962,LAZIO,1
19630428,1963,AV.NAZ.,,,,,,FALSE,3.1701126338337944e-5,22,0.03773584905660377,0.9622641509433962,LAZIO,1
19630428,1963,PART.LAB.IT.,,,,,,FALSE,2.5200049689672447e-5,23,0.03773584905660377,0.9622641509433962,LAZIO,1
19680519,1968,DC,,,,,,TRUE,0.39028473088924365,1,1,0,LOMBARDIA,0.1747454252217756
19680519,1968,PCI,,,,,,TRUE,0.27024973466223257,2,1,0,LOMBARDIA,0.13881495183004378
19680519,1968,PSU,,,,,,TRUE,0.14509433299892197,3,1,0,LOMBARDIA,0.19085675428157783
19680519,1968,PLI,,,,,,TRUE,0.05848716908448914,4,1,0,LOMBARDIA,0.22069991200627329
19680519,1968,MSI,,,,,,TRUE,0.04464921610342048,5,1,0,LAZIO,0.1544882528508017
19680519,1968,PSIUP,,,,,,TRUE,0.044573816796616685,6,1,0,LOMBARDIA,0.18662931762064774
19680519,1968,PRI,,,,,,TRUE,0.019828776417566644,7,1,0,SICILIA,0.17227226616672658
19680519,1968,PDIUM,,,,,,TRUE,0.013118365421960652,8,0.9528301886792453,0.04716981132075472,CAMPANIA,0.3038374849273724
19680519,1968,PPST,,,,,,FALSE,0.004467973865944616,9,0.05660377358490566,0.9433962264150944,TRENTINO-ALTO ADIGE/SÜDTIROL,0.9714704981443357
19680519,1968,SOCIALDEMOCRAZIA,,,,,,FALSE,0.003163429000062923,10,0.2641509433962264,0.7358490566037735,PIEMONTE,0.3562323302445846
19680519,1968,NUOVA REPUBBLICA,,,,,,FALSE,0.00201203798151759,11,0.5377358490566038,0.46226415094339623,SICILIA,0.3420915260135723
19680519,1968,PAPI,,,,,,FALSE,0.0013202039874297992,12,0.1509433962264151,0.8490566037735849,CAMPANIA,0.3446480231436837
19680519,1968,PS D'AZ.,,,,,,FALSE,8.590874163140102e-4,13,0.04716981132075472,0.9528301886792453,SARDEGNA,1
19680519,1968,PART.MON.NAZ.,,,,,,FALSE,5.972427151427238e-4,14,0.1509433962264151,0.8490566037735849,LOMBARDIA,0.3834265920596856
19680519,1968,MOV.SOC.,,,,,,FALSE,2.0815173765166073e-4,15,0.018867924528301886,0.9811320754716981,CAMPANIA,1
19680519,1968,UNIONE SLOVENA,,,,,,FALSE,1.9548439948876152e-4,16,0.009433962264150943,0.9905660377358491,FRIULI-VENEZIA GIULIA,1
19680519,1968,PST.PROG.SOC.,,,,,,FALSE,1.5951934390063052e-4,17,0.02830188679245283,0.9716981132075472,TRENTINO-ALTO ADIGE/SÜDTIROL,0.9924181963288109
19680519,1968,UN.NAZ.SAL.PUB.,,,,,,FALSE,1.1753889405926347e-4,18,0.018867924528301886,0.9811320754716981,CAMPANIA,1
19680519,1968,"RAG.VOL.""T""",,,,,,FALSE,9.984281361059018e-5,19,0.03773584905660377,0.9622641509433962,LOMBARDIA,1
19680519,1968,PART.ORD.ECON.,,,,,,FALSE,9.370010942606868e-5,20,0.03773584905660377,0.9622641509433962,LAZIO,1
19680519,1968,PART.DEM.PROG.,,,,,,FALSE,6.967035989594577e-5,21,0.03773584905660377,0.9622641509433962,LAZIO,1
19680519,1968,PART.AGRICOLTORI,,,,,,FALSE,6.559644209481235e-5,22,0.018867924528301886,0.9811320754716981,MOLISE,1
19680519,1968,RAGGR.ITAL.,,,,,,FALSE,5.713033166433196e-5,23,0.07547169811320754,0.9245283018867925,LAZIO,0.6272980501392758
19680519,1968,P.COM.RIVOL.,,,,,,FALSE,5.6175507179691315e-5,24,0.07547169811320754,0.9245283018867925,LAZIO,0.691784702549575
19680519,1968,P.RAD,,,,,,FALSE,4.888701361360105e-5,25,0.03773584905660377,0.9622641509433962,LOMBARDIA,1
19680519,1968,RIS.POP.,,,,,,FALSE,3.704719000405705e-5,26,0.03773584905660377,0.9622641509433962,LAZIO,1
19680519,1968,SACRO IDEAL.MONDO,,,,,,FALSE,3.481926620656221e-5,27,0.018867924528301886,0.9811320754716981,VENETO,1
19680519,1968,P.PROG.UNSIPO,,,,,,FALSE,3.364164934217208e-5,28,0.03773584905660377,0.9622641509433962,ABRUZZO,1
19680519,1968,PART.NAZ.MUT.COMB.IT,,,,,,FALSE,1.6677600998389943e-5,29,0.018867924528301886,0.9811320754716981,MOLISE,1
19720507,1972,DC,,,,,,TRUE,0.38667295667946416,1,1,0,LOMBARDIA,0.17433325444605985
19720507,1972,PCI,,,,,,TRUE,0.2722712904637923,2,1,0,LOMBARDIA,0.14371169871450992
19720507,1972,PSI,,,,,,TRUE,0.09625330023609646,3,1,0,LOMBARDIA,0.20559599304078288
19720507,1972,MSI,,,,,,TRUE,0.08706344986839316,4,1,0,CAMPANIA,0.1583140565636575
19720507,1972,PSDI,,,,,,TRUE,0.05151160855786028,5,1,0,LOMBARDIA,0.16713503450172595
19720507,1972,PLI,,,,,,TRUE,0.038965860384419515,6,1,0,LOMBARDIA,0.22126874107082511
19720507,1972,PRI,,,,,,TRUE,0.028752530810402098,7,1,0,LOMBARDIA,0.17387468388813904
19720507,1972,PSIUP,,,,,,TRUE,0.019471230259845356,8,1,0,LOMBARDIA,0.17902894810484749
19720507,1972,MANIFESTO,,,,,,FALSE,0.0067356192771173325,9,0.9528301886792453,0.04716981132075472,LOMBARDIA,0.18320322506707654
19720507,1972,PPST,,,,,,FALSE,0.0046156460213767,10,0.018867924528301886,0.9811320754716981,TRENTINO-ALTO ADIGE/SÜDTIROL,1
19720507,1972,MOV.POL.LAV.,,,,,,FALSE,0.0035950123354823774,11,1,0,LOMBARDIA,0.22964154295674433
19720507,1972,PC(MARX-LEN)IT,,,,,,FALSE,0.002583006025328946,12,0.8018867924528302,0.19811320754716982,LOMBARDIA,0.18210903806487905
19720507,1972,PAPI,,,,,,FALSE,4.6233652523027603e-4,13,0.04716981132075472,0.9528301886792453,CAMPANIA,1
19720507,1972,STELLA ROSSA-R.S.,,,,,,FALSE,2.7416891959736856e-4,14,0.11320754716981132,0.8867924528301887,LIGURIA,0.5248978690515623
19720507,1972,AZ.CR.POP.,,,,,,FALSE,2.710812272269444e-4,15,0.08490566037735849,0.9150943396226415,LAZIO,0.8062534896705751
19720507,1972,RINN.DEM.NAZ.,,,,,,FALSE,1.7596819362034928e-4,16,0.04716981132075472,0.9528301886792453,PIEMONTE,1
19720507,1972,PCS (MARX.-LEN.),,,,,,FALSE,8.954307874230056e-5,17,0.04716981132075472,0.9528301886792453,SICILIA,1
19720507,1972,FR.NAZ.SIC.,,,,,,FALSE,8.730298819905167e-5,18,0.03773584905660377,0.9622641509433962,SICILIA,1
19720507,1972,UN.FORZE DEM.,,,,,,FALSE,6.5840499075221e-5,19,0.03773584905660377,0.9622641509433962,LOMBARDIA,1
19720507,1972,PART.AGRICOLTORI,,,,,,FALSE,5.1612896976207726e-5,20,0.018867924528301886,0.9811320754716981,MOLISE,1
19720507,1972,FR.UOMO QUALUNQUE,,,,,,FALSE,3.0634751753620066e-5,21,0.03773584905660377,0.9622641509433962,LAZIO,1
19760620,1976,DC,,,,,,TRUE,0.3875953059350304,1,1,0,LOMBARDIA,0.17499662363291094
19760620,1976,PCI,,,,,,TRUE,0.34533453304594913,2,1,0,LOMBARDIA,0.15116587078666338
19760620,1976,PSI,,,,,,TRUE,0.09645977628149315,3,1,0,LOMBARDIA,0.19923680394198262
19760620,1976,MSI-DN,,,,,,TRUE,0.06133636974795505,4,1,0,CAMPANIA,0.15029343863089079
19760620,1976,PSDI,,,,,,TRUE,0.03357152081032144,5,1,0,LOMBARDIA,0.16029537522823398
19760620,1976,PRI,,,,,,TRUE,0.030964639883923093,6,1,0,LOMBARDIA,0.17850945451193526
19760620,1976,DEM.PROL,,,,,,TRUE,0.015143535989438687,7,1,0,LOMBARDIA,0.2528089065210549
19760620,1976,PLI,,,,,,TRUE,0.013064859301643111,8,1,0,PIEMONTE,0.19884869258310284
19760620,1976,P.RAD,,,,,,TRUE,0.010786439885142388,9,0.9622641509433962,0.03773584905660377,LOMBARDIA,0.19767549403459012
19760620,1976,PPST,,,,,,FALSE,0.004610570957163387,10,0.018867924528301886,0.9811320754716981,TRENTINO-ALTO ADIGE/SÜDTIROL,1
19760620,1976,NPP,,,,,,FALSE,2.971200800744435e-4,11,0.3113207547169811,0.6886792452830188,SICILIA,0.28483491885842194
19760620,1976,UNIONE SLOVENA,,,,,,FALSE,2.089705767432735e-4,12,0.04716981132075472,0.9528301886792453,FRIULI-VENEZIA GIULIA,0.9802413473014189
19760620,1976,TIROL.,,,,,,FALSE,1.9009921183647476e-4,13,0.018867924528301886,0.9811320754716981,TRENTINO-ALTO ADIGE/SÜDTIROL,1
19760620,1976,POE,,,,,,FALSE,1.4894799761239823e-4,14,0.12264150943396226,0.8773584905660378,LOMBARDIA,0.36986046511627907
19760620,1976,MOV.IND.TLT,,,,,,FALSE,1.256705431018095e-4,15,0.009433962264150943,0.9905660377358491,FRIULI-VENEZIA GIULIA,1
19760620,1976,P.DEM.,,,,,,FALSE,7.687102239568237e-5,16,0.04716981132075472,0.9528301886792453,EMILIA-ROMAGNA,1
19760620,1976,PART.SIN.DEM.,,,,,,FALSE,4.8771809450757376e-5,17,0.018867924528301886,0.9811320754716981,CAMPANIA,1
19760620,1976,PART.BEN.CIV.,,,,,,FALSE,3.599692072530331e-5,18,0.03773584905660377,0.9622641509433962,SICILIA,1
19790603,1979,DC,,,,,,TRUE,0.38364610569069324,1,1,0,LOMBARDIA,0.16841257189276057
19790603,1979,PCI,,,,,,TRUE,0.30449164948144275,2,1,0,LOMBARDIA,0.15344209411520102
19790603,1979,PSI,,,,,,TRUE,0.09843511788918885,3,1,0,LOMBARDIA,0.18890999507315595
19790603,1979,MSI-DN,,,,,,TRUE,0.05276632187775082,4,1,0,CAMPANIA,0.14697869149534462
19790603,1979,PSDI,,,,,,TRUE,0.03842767373709075,5,1,0,LOMBARDIA,0.1682216393855236
19790603,1979,P.RAD,,,,,,TRUE,0.03454804280788625,6,1,0,LOMBARDIA,0.1867011842555256
19790603,1979,PRI,,,,,,TRUE,0.03041644497059214,7,1,0,LOMBARDIA,0.15791451589299038
19790603,1979,PLI,,,,,,TRUE,0.019475530743424927,8,1,0,LOMBARDIA,0.22663822366694603
19790603,1979,PDUP,,,,,,TRUE,0.013732553695879184,9,1,0,LOMBARDIA,0.23296343576547987
19790603,1979,NUOVA SIN.UNITA,,,,,,FALSE,0.007896291189994919,10,0.9433962264150944,0.05660377358490566,LOMBARDIA,0.23517007394519357
19790603,1979,DN-CD,,,,,,FALSE,0.006238145602691106,11,1,0,SICILIA,0.17475740984631918
19790603,1979,PPST,,,,,,FALSE,0.005532885555806027,12,0.018867924528301886,0.9811320754716981,TRENTINO-ALTO ADIGE/SÜDTIROL,1
19790603,1979,LISTA PER TRIESTE,,,,,,FALSE,0.0017874812728411987,13,0.07547169811320754,0.9245283018867925,FRIULI-VENEZIA GIULIA,0.9976480715724102
19790603,1979,MOV.FRIULI,,,,,,FALSE,8.97821016557056e-4,14,0.04716981132075472,0.9528301886792453,FRIULI-VENEZIA GIULIA,0.987911247130834
19790603,1979,PS D'AZ.,,,,,,FALSE,4.994824923940065e-4,15,0.04716981132075472,0.9528301886792453,SARDEGNA,1
19790603,1979,POE,,,,,,FALSE,2.059149410276535e-4,16,0.16037735849056603,0.839622641509434,LOMBARDIA,0.526287696824126
19790603,1979,PARTITO POPOLARE ITALIANO,,,,,,FALSE,1.7959168061872742e-4,17,0.1320754716981132,0.8679245283018868,CAMPANIA,0.5824663402692778
19790603,1979,FRONTE GIUST.SIC.,,,,,,FALSE,1.4024417654191933e-4,18,0.04716981132075472,0.9528301886792453,SICILIA,1
19790603,1979,PART.CRIST.AZ.SOC.,,,,,,FALSE,8.498731152902753e-5,19,0.02830188679245283,0.9716981132075472,LOMBARDIA,1
19790603,1979,P.DEM.,,,,,,FALSE,8.482244768513028e-5,20,0.04716981132075472,0.9528301886792453,EMILIA-ROMAGNA,1
19790603,1979,PART.BEN.CIV.,,,,,,FALSE,8.361344616321718e-5,21,0.03773584905660377,0.9622641509433962,SICILIA,1
19790603,1979,PART.POP.CALAB.,,,,,,FALSE,8.061841966575064e-5,22,0.04716981132075472,0.9528301886792453,CALABRIA,1
19790603,1979,FR.NAZ.SIC.,,,,,,FALSE,7.487566243666343e-5,23,0.03773584905660377,0.9622641509433962,SICILIA,1
19790603,1979,NPP,,,,,,FALSE,5.8526664583520406e-5,24,0.03773584905660377,0.9622641509433962,LAZIO,1
19790603,1979,ASS.VAL.IND,,,,,,FALSE,5.7372617676239724e-5,25,0.03773584905660377,0.9622641509433962,LAZIO,1
19790603,1979,FIORE MARGHERITA,,,,,,FALSE,5.671316230065076e-5,26,0.03773584905660377,0.9622641509433962,ABRUZZO,1
19790603,1979,MOV.POP.CRIST.,,,,,,FALSE,5.234427043737388e-5,27,0.04716981132075472,0.9528301886792453,SICILIA,1
19790603,1979,PART.SIN.DEM.,,,,,,FALSE,4.26447809547529e-5,28,0.018867924528301886,0.9811320754716981,CAMPANIA,1
19790603,1979,PART.NAZ.PENS.,,,,,,FALSE,2.9125945755179172e-6,29,0.03773584905660377,0.9622641509433962,SARDEGNA,0.7547169811320755
19790603,1979,DEM.PROL,,,,,,FALSE,2.6378215023558494e-6,30,0.03773584905660377,0.9622641509433962,SARDEGNA,0.6770833333333334
19790603,1979,MOV.ECOL.SARDO,,,,,,FALSE,5.770234536403421e-7,31,0.018867924528301886,0.9811320754716981,SARDEGNA,1
19790603,1979,GIUST. E LIB.,,,,,,FALSE,5.4954614632413527e-8,32,0.009433962264150943,0.9905660377358491,SICILIA,1
19830626,1983,DC,,,,,,TRUE,0.3295575094468453,1,1,0,LOMBARDIA,0.16361520356598866
19830626,1983,PCI,,,,,,TRUE,0.29908354067706133,2,1,0,LOMBARDIA,0.1513468721230647
19830626,1983,PSI,,,,,,TRUE,0.11451637606596633,3,1,0,LOMBARDIA,0.16963862540279645
19830626,1983,MSI-DN,,,,,,TRUE,0.06811307645726378,4,1,0,CAMPANIA,0.1521795457462643
19830626,1983,PRI,,,,,,TRUE,0.05089223622487952,5,1,0,LOMBARDIA,0.2199639455844011
19830626,1983,PSDI,,,,,,TRUE,0.04094728536357142,6,1,0,LOMBARDIA,0.1506513777832003
19830626,1983,PLI,,,,,,TRUE,0.02896809928084428,7,1,0,LOMBARDIA,0.20901181073210418
19830626,1983,P.RAD,,,,,,TRUE,0.021984765961539157,8,1,0,LOMBARDIA,0.20427164753844274
19830626,1983,DEM.PROL,,,,,,TRUE,0.014715447222901835,9,1,0,LOMBARDIA,0.26038695297595105
19830626,1983,PART.NAZ.PENS.,,,,,,TRUE,0.013668707463470067,10,0.8018867924528302,0.19811320754716982,LOMBARDIA,0.13219023252672688
19830626,1983,PPST,,,,,,FALSE,0.005020777724491698,11,0.018867924528301886,0.9811320754716981,TRENTINO-ALTO ADIGE/SÜDTIROL,1
19830626,1983,LIGA VENETA,,,,,,FALSE,0.0034020942777692508,12,0.09433962264150944,0.9056603773584906,VENETO,0.9887151738613419
19830626,1983,LISTA PER TRIESTE,,,,,,FALSE,0.002500397156719005,13,0.8679245283018868,0.1320754716981132,FRIULI-VENEZIA GIULIA,0.46116341444875175
19830626,1983,PS D'AZ.,,,,,,FALSE,0.0024956728176927256,14,0.04716981132075472,0.9528301886792453,SARDEGNA,1
19830626,1983,MOV.FRIULI,,,,,,FALSE,7.110944775762099e-4,15,0.03773584905660377,0.9622641509433962,FRIULI-VENEZIA GIULIA,0.9920580374188621
19830626,1983,PPTT,,,,,,FALSE,5.065088766393355e-4,16,0.018867924528301886,0.9811320754716981,TRENTINO-ALTO ADIGE/SÜDTIROL,1
19830626,1983,UN.DIF.PENS.,,,,,,FALSE,4.1221215572974487e-4,17,0.03773584905660377,0.9622641509433962,LAZIO,1
19830626,1983,PART.MON.NAZ.,,,,,,FALSE,3.684984440498022e-4,18,0.03773584905660377,0.9622641509433962,LAZIO,1
19830626,1983,PART.SUD.TIROL,,,,,,FALSE,3.331473554738486e-4,19,0.018867924528301886,0.9811320754716981,TRENTINO-ALTO ADIGE/SÜDTIROL,1
19830626,1983,UN.PEN.PENS.IT.,,,,,,FALSE,2.699932602145029e-4,20,0.08490566037735849,0.9150943396226415,LAZIO,0.6564762670957361
19830626,1983,UNIONE SLOVENA,,,,,,FALSE,2.561189082465211e-4,21,0.04716981132075472,0.9528301886792453,FRIULI-VENEZIA GIULIA,0.968408777695325
19830626,1983,POE,,,,,,FALSE,2.1911158587399824e-4,22,0.10377358490566038,0.8962264150943396,LOMBARDIA,0.6827757125154895
19830626,1983,LISTA DI LOTTA,,,,,,FALSE,1.8628557505346989e-4,23,0.03773584905660377,0.9622641509433962,LAZIO,1
19830626,1983,PART.CRIST.AZ.SOC.,,,,,,FALSE,1.725198285803451e-4,24,0.02830188679245283,0.9716981132075472,LOMBARDIA,1
19830626,1983,VIV.LIB.,,,,,,FALSE,1.4273477161581274e-4,25,0.03773584905660377,0.9622641509433962,LOMBARDIA,1
19830626,1983,FR.NAZ.SIC.,,,,,,FALSE,1.419473817780995e-4,26,0.03773584905660377,0.9622641509433962,SICILIA,1
19830626,1983,PART.NAZ.INQ.,,,,,,FALSE,1.2945774986954445e-4,27,0.018867924528301886,0.9811320754716981,CAMPANIA,1
19830626,1983,MOV.ECOL.SARDO,,,,,,FALSE,1.1574630614384815e-4,28,0.04716981132075472,0.9528301886792453,SARDEGNA,1
19830626,1983,MOV.IND.TLT,,,,,,FALSE,7.909195162961051e-5,29,0.009433962264150943,0.9905660377358491,FRIULI-VENEZIA GIULIA,1
19830626,1983,GIUST. E LIB.,,,,,,FALSE,4.594012432451115e-5,30,0.04716981132075472,0.9528301886792453,SICILIA,1
19830626,1983,MOV.POP.CRIST.,,,,,,FALSE,4.360510618508565e-5,31,0.04716981132075472,0.9528301886792453,SICILIA,1
19870614,1987,DC,,,,,,TRUE,0.3439198338095804,1,1,0,LOMBARDIA,0.15981135805634875
19870614,1987,PCI,,,,,,TRUE,0.26634851186755554,2,1,0,LOMBARDIA,0.14506264251667883
19870614,1987,PSI,,,,,,TRUE,0.1429671154822279,3,1,0,LOMBARDIA,0.19435252222144042
19870614,1987,MSI-DN,,,,,,TRUE,0.05914929333550888,4,1,0,LOMBARDIA,0.13445963510113806
19870614,1987,PRI,,,,,,TRUE,0.03713797030622966,5,1,0,LOMBARDIA,0.1793251343457862
19870614,1987,PSDI,,,,,,TRUE,0.02960784805813694,6,1,0,CAMPANIA,0.1284929527008412
19870614,1987,P.RAD,,,,,,TRUE,0.025655110471893134,7,1,0,LOMBARDIA,0.18261439302747262
19870614,1987,LISTA VERDE,,,,,,TRUE,0.02515156473800728,8,0.9528301886792453,0.04716981132075472,LOMBARDIA,0.21846560972652943
19870614,1987,PLI,,,,,,TRUE,0.02105327788544775,9,1,0,LOMBARDIA,0.1713601715161403
19870614,1987,DEM.PROL,,,,,,TRUE,0.016678668943229193,10,1,0,LOMBARDIA,0.22701690021125265
19870614,1987,LIGA VENETA-PU,,,,,,FALSE,0.0077493973647946995,11,0.9622641509433962,0.03773584905660377,VENETO,0.32389804915943354
19870614,1987,PPST,,,,,,FALSE,0.0050295154887743726,12,0.018867924528301886,0.9811320754716981,TRENTINO-ALTO ADIGE/SÜDTIROL,1
19870614,1987,LEGA LOMBARDA,,,,,,FALSE,0.004839428407573493,13,0.10377358490566038,0.8962264150943396,LOMBARDIA,0.9994561061508471
19870614,1987,PS D'AZ.,,,,,,FALSE,0.0043902453898084295,14,1,0,SARDEGNA,0.731737721266517
19870614,1987,PIEMONT-AUT.REG.,,,,,,FALSE,0.0018732464212666946,15,0.07547169811320754,0.9245283018867925,PIEMONTE,1
19870614,1987,PIEMONT,,,,,,FALSE,0.0016053419525602168,16,0.07547169811320754,0.9245283018867925,PIEMONTE,1
19870614,1987,CPA,,,,,,FALSE,0.001454554476301882,17,0.18867924528301888,0.8113207547169812,TOSCANA,0.3507363743863547
19870614,1987,ALL.POP.,,,,,,FALSE,6.573301959322459e-4,18,1,0,LOMBARDIA,0.17040003171708362
19870614,1987,MOV.LIB.FISCALE,,,,,,FALSE,6.47609537680542e-4,19,0.1320754716981132,0.8679245283018868,PIEMONTE,0.5303822937625755
19870614,1987,ALL.PENS.,,,,,,FALSE,5.544163100449034e-4,20,0.03773584905660377,0.9622641509433962,LAZIO,1
19870614,1987,P.VERDE I.VER.E.,,,,,,FALSE,5.445392873173008e-4,21,0.0660377358490566,0.9339622641509434,CAMPANIA,0.5230916487197894
19870614,1987,MOV.VEN.REG.AUT,,,,,,FALSE,4.936165896662836e-4,22,0.03773584905660377,0.9622641509433962,VENETO,1
19870614,1987,MOV.NAZ.IT.CACC.,,,,,,FALSE,3.852299471224858e-4,23,0.07547169811320754,0.9245283018867925,LOMBARDIA,0.5104857258828305
19870614,1987,PNI-CACCIA PESCA,,,,,,FALSE,3.713916910054489e-4,24,0.03773584905660377,0.9622641509433962,LAZIO,1
19870614,1987,MOV.FRIULI,,,,,,FALSE,3.2416961928403466e-4,25,0.03773584905660377,0.9622641509433962,FRIULI-VENEZIA GIULIA,0.988503899027253
19870614,1987,PART.SUD.TIROL,,,,,,FALSE,2.771820942764686e-4,26,0.018867924528301886,0.9811320754716981,TRENTINO-ALTO ADIGE/SÜDTIROL,1
19870614,1987,VERDI IT.-P.ECOL,,,,,,FALSE,2.6422990352285776e-4,27,0.04716981132075472,0.9528301886792453,SARDEGNA,1
19870614,1987,PARTIDU INDIP.,,,,,,FALSE,0.00025823593194674005,28,0.08490566037735849,0.9150943396226415,SARDEGNA,0.7017862549197699
19870614,1987,ALL.UM.,,,,,,FALSE,1.459922989974405e-4,29,0.16037735849056603,0.839622641509434,LOMBARDIA,0.32488397001071045
19870614,1987,NPP,,,,,,FALSE,1.3238858959425164e-4,30,0.10377358490566038,0.8962264150943396,LAZIO,0.4828740157480315
19870614,1987,GIUST. E LIB.,,,,,,FALSE,1.2490915549709608e-4,31,0.04716981132075472,0.9528301886792453,SICILIA,1
19870614,1987,PART.NAZ.INQ.,,,,,,FALSE,7.693132214217143e-5,32,0.018867924528301886,0.9811320754716981,CAMPANIA,1
19870614,1987,RINASCITA SIC.,,,,,,FALSE,7.690526139618831e-5,33,0.04716981132075472,0.9528301886792453,SICILIA,1
19870614,1987,MOV.IND.TLT,,,,,,FALSE,5.399786567702548e-5,34,0.009433962264150943,0.9905660377358491,FRIULI-VENEZIA GIULIA,1
19920405,1992,DC,,,,,,TRUE,0.29725899307049813,1,1,0,LOMBARDIA,0.13504227477845168
19920405,1992,PDS,,,,,,TRUE,0.1613946299682811,2,1,0,EMILIA-ROMAGNA,0.15654639041404325
19920405,1992,PSI,,,,,,TRUE,0.13646206969163258,3,1,0,LOMBARDIA,0.15434752890019157
19920405,1992,LEGA LOMBARDA,,,,,,TRUE,0.08668079519074785,4,1,0,LOMBARDIA,0.4413305475029386
19920405,1992,RIFONDAZIONE COMUNISTA,,,,,,TRUE,0.05619602138853765,5,1,0,LOMBARDIA,0.1466021227637766
19920405,1992,MSI-DN,,,,,,TRUE,0.053735276469644204,6,1,0,LAZIO,0.1533579236116131
19920405,1992,PRI,,,,,,TRUE,0.043990632548316894,7,1,0,LOMBARDIA,0.15425337862958693
19920405,1992,PLI,,,,,,TRUE,0.028622808783979246,8,1,0,LOMBARDIA,0.14040494765393563
19920405,1992,FEDERAZIONE DEI VERDI,,,,,,TRUE,0.027807577781843867,9,1,0,LOMBARDIA,0.19326652238442488
19920405,1992,PSDI,,,,,,TRUE,0.027184418382857276,10,1,0,SICILIA,0.16733097691208543
19920405,1992,LA RETE-MOV.DEM.,,,,,,TRUE,0.018649677342195137,11,0.71698113207547165,0.2830188679245283,SICILIA,0.3613475201600471
19920405,1992,LISTA PANNELLA,,,,,,TRUE,0.012401063702555809,12,0.9905660377358491,0.009433962264150943,LOMBARDIA,0.19263954631348798
19920405,1992,LISTA REFERENDUM,,,,,,FALSE,0.008166084182356603,13,1,0,LOMBARDIA,0.1344801579726427
19920405,1992,PARTITO PENSIONATI,,,,,,FALSE,0.005607642384958923,14,0.5377358490566038,0.46226415094339623,LOMBARDIA,0.35550552785803474
19920405,1992,PPST,,,,,,FALSE,0.00507096120644273,15,0.018867924528301886,0.9811320754716981,TRENTINO-ALTO ADIGE/SÜDTIROL,1
19920405,1992,CPA,,,,,,FALSE,0.004923329799924561,16,0.6698113207547169,0.330188679245283,TOSCANA,0.21728884644132548
19920405,1992,FEDERALISMO-PENS.UV.,,,,,,FALSE,0.003948660967554312,17,1,0,SARDEGNA,0.4500698956742344
19920405,1992,LEGA AUT.VENETA,,,,,,FALSE,0.0038915199211678442,18,0.05660377358490566,0.9433962264150944,VENETO,1
19920405,1992,LA LEGA CAS-PENS.,,,,,,FALSE,0.0034117497937709105,19,0.3113207547169811,0.6886792452830188,LOMBARDIA,0.5766707114286999
19920405,1992,LEGA ALPINA LUMBARDA,,,,,,FALSE,0.002320166700569673,20,0.0660377358490566,0.9339622641509434,LOMBARDIA,1
19920405,1992,LEGA ALPINA PIEMONT,,,,,,FALSE,0.001779422272332796,21,0.07547169811320754,0.9245283018867925,PIEMONTE,1
19920405,1992,LEGA D'AZIONE MERIDIONALE,,,,,,FALSE,0.0013731228552941333,22,0.1792452830188679,0.8207547169811321,PUGLIA,0.7193664855207326
19920405,1992,MOV.VEN.REG.AUT,,,,,,FALSE,0.001252988660722226,23,0.05660377358490566,0.9433962264150944,VENETO,1
19920405,1992,UNION VENETO,,,,,,FALSE,0.0012472132240123237,24,0.05660377358490566,0.9433962264150944,VENETO,1
19920405,1992,VERDI FEDERALISTI,,,,,,FALSE,0.0010868554127086184,25,0.14150943396226415,0.8584905660377359,VENETO,0.4607100869974136
19920405,1992,LG.LOMB.EUR.T.LIB.,,,,,,FALSE,8.575501313017426e-4,26,0.02830188679245283,0.9716981132075472,LOMBARDIA,1
19920405,1992,LEGA DELLE LEGHE,,,,,,FALSE,7.120397922478306e-4,27,0.18867924528301888,0.8113207547169812,BASILICATA,0.2914976851021067
19920405,1992,VERDI-VERDI,,,,,,FALSE,6.605464074228161e-4,28,0.04716981132075472,0.9528301886792453,PIEMONTE,1
19920405,1992,PART.AMORE,,,,,,FALSE,5.721260046959922e-4,29,0.03773584905660377,0.9622641509433962,LAZIO,1
19920405,1992,ALLEANZA LOMBARDA AUTONOMIA,,,,,,FALSE,3.8475652701013306e-4,30,0.03773584905660377,0.9622641509433962,LOMBARDIA,1
19920405,1992,PARTIDU INDIP.,,,,,,FALSE,3.8473097198044325e-4,31,0.04716981132075472,0.9528301886792453,SARDEGNA,1
19920405,1992,PIEMONT LIBER,,,,,,FALSE,2.8744297395124713e-4,32,0.04716981132075472,0.9528301886792453,PIEMONTE,1
19920405,1992,MOV.POL.DIF.AUTOMOB.,,,,,,FALSE,2.569813785609656e-4,33,0.14150943396226415,0.8584905660377359,LAZIO,0.41607000795544946
19920405,1992,LEGA MARCHE,,,,,,FALSE,2.051046682906036e-4,34,0.05660377358490566,0.9433962264150944,MARCHE,0.9887864440568154
19920405,1992,LEGA LAZIO,,,,,,FALSE,1.511580006153651e-4,35,0.03773584905660377,0.9622641509433962,LAZIO,1
19920405,1992,E.ROMAGNA-LG PADANA,,,,,,FALSE,1.4913915326986827e-4,36,0.03773584905660377,0.9622641509433962,EMILIA-ROMAGNA,1
19920405,1992,C.S.T.,,,,,,FALSE,1.4609810473677808e-4,37,0.05660377358490566,0.9433962264150944,MARCHE,0.9961518278817562
19920405,1992,P.CRIST.DEMOCRAZIA,,,,,,FALSE,1.2877179460707097e-4,38,0.03773584905660377,0.9622641509433962,LAZIO,1
19920405,1992,MOV.AUT.TOSCANO,,,,,,FALSE,1.123143554868182e-4,39,0.02830188679245283,0.9716981132075472,TOSCANA,1
19920405,1992,LEGA MERID.D'IT.,,,,,,FALSE,1.0357453533289515e-4,40,0.03773584905660377,0.9622641509433962,LOMBARDIA,1
19920405,1992,PART.EUROPA 2000,,,,,,FALSE,8.614600508442871e-5,41,0.07547169811320754,0.9245283018867925,LIGURIA,0.5912192227825571
19920405,1992,VIVERE INSIEME,,,,,,FALSE,7.262739437850679e-5,42,0.03773584905660377,0.9622641509433962,LAZIO,1
19920405,1992,PART.GIUSTIZIALISTA,,,,,,FALSE,7.132408786432528e-5,43,0.03773584905660377,0.9622641509433962,LAZIO,1
19920405,1992,MOVIMENTO DELLE LIBERTA',,,,,,FALSE,6.117874107746139e-5,44,0.04716981132075472,0.9528301886792453,CALABRIA,1
19920405,1992,MOV.EUR.AUTOMOB.,,,,,,FALSE,5.351223217051134e-5,45,0.04716981132075472,0.9528301886792453,EMILIA-ROMAGNA,1
19920405,1992,LG.NAZ.PROTESTA,,,,,,FALSE,3.6952572931499235e-5,46,0.03773584905660377,0.9622641509433962,LAZIO,1
19920405,1992,RINNOVAMENTO,,,,,,FALSE,3.0384930301212024e-5,47,0.03773584905660377,0.9622641509433962,FRIULI-VENEZIA GIULIA,0.8107653490328006
19920405,1992,LG.MERID.UN.NAZ.,,,,,,FALSE,1.1857533776082742e-5,48,0.018867924528301886,0.9811320754716981,BASILICATA,1
19940327,1994,FORZA ITALIA,,,,,,TRUE,0.21008744392470544,1,0.9433962264150944,0.05660377358490566,LOMBARDIA,0.2109783901988265
19940327,1994,PDS,,,,,,TRUE,0.20348669836924627,2,1,0,EMILIA-ROMAGNA,0.14327924912116646
19940327,1994,ALLEANZA NAZIONALE,,,,,,TRUE,0.1349932745673535,3,1,0,LAZIO,0.17711851679671098
19940327,1994,P.POPOLARE ITALIANO,,,,,,TRUE,0.11064698370227635,4,1,0,LOMBARDIA,0.17227521348609381
19940327,1994,LEGA NORD,,,,,,TRUE,0.08407161408756489,5,0.5377358490566038,0.46226415094339623,LOMBARDIA,0.44868678484614927
19940327,1994,RIFONDAZIONE COMUNISTA,,,,,,TRUE,0.0605716097359131,6,0.9150943396226415,0.08490566037735849,LOMBARDIA,0.14382774030235496
19940327,1994,PATTO SEGNI,,,,,,TRUE,0.046653400283861994,7,0.6698113207547169,0.330188679245283,LOMBARDIA,0.15192782802636975
19940327,1994,LISTA PANNELLA,,,,,,TRUE,0.0350206990126709,8,0.7735849056603774,0.22641509433962265,LOMBARDIA,0.22170683035971075
19940327,1994,FEDERAZIONE DEI VERDI,,,,,,TRUE,0.02706556963031543,9,0.8773584905660378,0.12264150943396226,LOMBARDIA,0.13655100553051325
19940327,1994,PSI,,,,,,TRUE,0.021775562254717596,10,1,0,CAMPANIA,0.11639882823155473
19940327,1994,LA RETE-MOV.DEM.,,,,,,TRUE,0.018392740525414564,11,0.8207547169811321,0.1792452830188679,SICILIA,0.43739820046504835
19940327,1994,ALLEANZA DEMOCRATICA,,,,,,TRUE,0.011768674248492334,12,0.7547169811320755,0.24528301886792453,LAZIO,0.1408598752671749
19940327,1994,SVP,,,,,,FALSE,0.005987072262651549,13,0.02830188679245283,0.9716981132075472,TRENTINO-ALTO ADIGE/SÜDTIROL,0.9996592257090477
19940327,1994,SOCIALDEMOCRAZIA,,,,,,FALSE,0.004653891439433181,14,0.5094339622641509,0.49056603773584906,PUGLIA,0.21357580062485088
19940327,1994,PROGRAMMA ITALIA,,,,,,FALSE,0.003885004928471628,15,0.0660377358490566,0.9339622641509434,PUGLIA,0.7632402895679747
19940327,1994,LEGA ALPINA LUMBARDA,,,,,,FALSE,0.0035229268388679413,16,0.12264150943396226,0.8773584905660378,LOMBARDIA,0.9991276363343132
19940327,1994,LEGA AUT.VENETA,,,,,,FALSE,0.0027206217082239945,17,0.07547169811320754,0.9245283018867925,VENETO,0.9998196402297214
19940327,1994,LEGA D'AZIONE MERIDIONALE,,,,,,FALSE,0.0015431706196925182,18,0.05660377358490566,0.9433962264150944,PUGLIA,1
19940327,1994,UN.POP.,,,,,,FALSE,9.363153451199479e-4,19,0.03773584905660377,0.9622641509433962,CAMPANIA,1
19940327,1994,VERDI-VERDI,,,,,,FALSE,8.476811080643235e-4,20,0.009433962264150943,0.9905660377358491,PIEMONTE,1
19940327,1994,SOLID.OCCUPAZ.SVILUP,,,,,,FALSE,8.371441707919767e-4,21,0.08490566037735849,0.9150943396226415,SICILIA,1
19940327,1994,PART.LEGGE NATURALE,,,,,,FALSE,6.54710531351146e-4,22,0.11320754716981132,0.8867924528301887,VENETO,0.3404204962328902
19940327,1994,PARTIDU INDIP.,,,,,,FALSE,5.36970587663328e-4,23,0.04716981132075472,0.9528301886792453,SARDEGNA,1
19940327,1994,UNIONE DEM.ITALIANA,,,,,,FALSE,5.187117282232563e-4,24,0.03773584905660377,0.9622641509433962,CAMPANIA,1
19940327,1994,UN.CRIST.RIF.,,,,,,FALSE,4.072216345842322e-4,25,0.009433962264150943,0.9905660377358491,CAMPANIA,1
19940327,1994,PATTO SOLIDARIETA',,,,,,FALSE,4.0228890169448155e-4,26,0.03773584905660377,0.9622641509433962,LIGURIA,1
19940327,1994,LG.ANGELA BOSSI,,,,,,FALSE,3.9410211464709435e-4,27,0.018867924528301886,0.9811320754716981,LOMBARDIA,1
19940327,1994,LEGA PER IL PIEMONTE,,,,,,FALSE,3.889886009708083e-4,28,0.009433962264150943,0.9905660377358491,PIEMONTE,1
19940327,1994,ALL.MERIDIONALE,,,,,,FALSE,3.617165280306162e-4,29,0.04716981132075472,0.9528301886792453,CAMPANIA,1
19940327,1994,ADA,,,,,,FALSE,3.3310151210473284e-4,30,0.02830188679245283,0.9716981132075472,TRENTINO-ALTO ADIGE/SÜDTIROL,0.999922468599783
19940327,1994,ALL.POP.,,,,,,FALSE,3.0805046025626087e-4,31,0.05660377358490566,0.9433962264150944,PUGLIA,1
19940327,1994,INIZIATIVA POP.DEM.,,,,,,FALSE,2.9947628580915506e-4,32,0.03773584905660377,0.9622641509433962,VENETO,1
19940327,1994,L'ARCA,,,,,,FALSE,2.951117211056584e-4,33,0.05660377358490566,0.9433962264150944,CAMPANIA,0.6473265073947668
19940327,1994,RIN.SALENTINA,,,,,,FALSE,2.949051144924751e-4,34,0.05660377358490566,0.9433962264150944,PUGLIA,1
19940327,1994,MOV.CRIST.DEM.,,,,,,FALSE,2.808558647960125e-4,35,0.03773584905660377,0.9622641509433962,LAZIO,1
19940327,1994,INSIEME PER SVILUPPO,,,,,,FALSE,2.647663747943651e-4,36,0.09433962264150944,0.9056603773584906,TOSCANA,1
19940327,1994,SOLID.PROGRESSO,,,,,,FALSE,2.639657741682799e-4,37,0.05660377358490566,0.9433962264150944,PUGLIA,1
19940327,1994,LISTA FRANCO GRECO,,,,,,FALSE,2.6381081920839243e-4,38,0.04716981132075472,0.9528301886792453,SICILIA,1
19940327,1994,RINASCITA SOCIALISTA,,,,,,FALSE,2.534546627225809e-4,39,0.009433962264150943,0.9905660377358491,CAMPANIA,1
19940327,1994,DEM.E SOLIDARIETA',,,,,,FALSE,2.4643003787434955e-4,40,0.05660377358490566,0.9433962264150944,PUGLIA,1
19940327,1994,UNIONE MEDITERRANEA,,,,,,FALSE,2.3723604358769388e-4,41,0.0660377358490566,0.9339622641509434,CALABRIA,0.6666666666666666
19940327,1994,MOV.MERIDIONALE,,,,,,FALSE,2.2977237968644813e-4,42,0.04716981132075472,0.9528301886792453,CALABRIA,1
19940327,1994,DEMOCRAZIA SICILIANA,,,,,,FALSE,2.1711772462897262e-4,43,0.04716981132075472,0.9528301886792453,SICILIA,1
19940327,1994,MOV.CATTOLICO DEM.,,,,,,FALSE,2.1549069755015434e-4,44,0.018867924528301886,0.9811320754716981,MOLISE,1
19940327,1994,RIFORMISTI IRPINI,,,,,,FALSE,2.1337297976502579e-4,45,0.03773584905660377,0.9622641509433962,CAMPANIA,1
19940327,1994,P.DEM.,,,,,,FALSE,1.9754174802985745e-4,46,0.08490566037735849,0.9150943396226415,EMILIA-ROMAGNA,1
19940327,1994,UNIONE POP.,,,,,,FALSE,1.948558620584749e-4,47,0.05660377358490566,0.9433962264150944,PUGLIA,1
19940327,1994,ALL.MUNICIPALITA',,,,,,FALSE,1.9191171782061324e-4,48,0.03773584905660377,0.9622641509433962,ABRUZZO,1
19940327,1994,UTOPIA,,,,,,FALSE,1.78043248910686e-4,49,0.05660377358490566,0.9433962264150944,PUGLIA,1
19940327,1994,MOV.REP.,,,,,,FALSE,1.709927982358068e-4,50,0.04716981132075472,0.9528301886792453,SICILIA,1
19940327,1994,MOV.CRIST.VERITAS,,,,,,FALSE,1.6554354881309795e-4,51,0.04716981132075472,0.9528301886792453,CALABRIA,1
19940327,1994,RINNOVAMENTO,,,,,,FALSE,1.5536817311382172e-4,52,0.02830188679245283,0.9716981132075472,PIEMONTE,0.8470744680851063
19940327,1994,RIN.DEMOCRATICO,,,,,,FALSE,1.440564610420375e-4,53,0.04716981132075472,0.9528301886792453,SICILIA,1
19940327,1994,LIBERAL DEM.EUROPEI,,,,,,FALSE,1.226985024042166e-4,54,0.04716981132075472,0.9528301886792453,CALABRIA,1
19940327,1994,INSIEME PER CAMBIARE,,,,,,FALSE,1.184888926606074e-4,55,0.018867924528301886,0.9811320754716981,BASILICATA,1
19940327,1994,P.POP.PROGRESSISTA,,,,,,FALSE,1.1761081455457849e-4,56,0.018867924528301886,0.9811320754716981,MOLISE,1
19940327,1994,CENTRO DEMOCRATICO,,,,,,FALSE,1.1433093457029401e-4,57,0.04716981132075472,0.9528301886792453,SARDEGNA,1
19940327,1994,MEDITERRANEO,,,,,,FALSE,9.868048362166104e-5,58,0.03773584905660377,0.9622641509433962,SICILIA,1
19940327,1994,MOV.LIBERALDEM.SOC.,,,,,,FALSE,9.033874161438637e-5,59,0.04716981132075472,0.9528301886792453,CALABRIA,1
19940327,1994,ALL.PROGRAMMA,,,,,,FALSE,8.718799076334145e-5,60,0.05660377358490566,0.9433962264150944,PUGLIA,1
19940327,1994,MOV.POP.CRIST.,,,,,,FALSE,8.656817092379163e-5,61,0.04716981132075472,0.9528301886792453,SICILIA,1
19940327,1994,MOV.EUR.LIB.CRIST.,,,,,,FALSE,7.489489727893668e-5,62,0.009433962264150943,0.9905660377358491,LAZIO,1
19940327,1994,IDEA CITTA',,,,,,FALSE,7.238979209408948e-5,63,0.04716981132075472,0.9528301886792453,CALABRIA,1
19940327,1994,AUTONOMIA SOCIALISTA,,,,,,FALSE,7.024624848231302e-5,64,0.018867924528301886,0.9811320754716981,BASILICATA,1
19940327,1994,ALL.PER I CASTELLI,,,,,,FALSE,6.874835053673428e-5,65,0.009433962264150943,0.9905660377358491,LAZIO,1
19940327,1994,CENTRO CRIST.DEM.,,,,,,FALSE,6.833513731036774e-5,66,0.018867924528301886,0.9811320754716981,MOLISE,1
19940327,1994,DEM.E RINNOVAMENTO,,,,,,FALSE,6.143964159537598e-5,67,0.009433962264150943,0.9905660377358491,CAMPANIA,1
19960421,1996,PDS,,,,,,TRUE,0.2105869131252255,1,1,0,EMILIA-ROMAGNA,0.1353012330263774
19960421,1996,FORZA ITALIA,,,,,,TRUE,0.20578169155463247,2,1,0,LOMBARDIA,0.19574475808699507
19960421,1996,ALLEANZA NAZIONALE,,,,,,TRUE,0.1567000218099017,3,1,0,LAZIO,0.17721721136825683
19960421,1996,LEGA NORD,,,,,,TRUE,0.10077212387757375,4,0.6037735849056604,0.39622641509433965,LOMBARDIA,0.43320054674856423
19960421,1996,RIFONDAZIONE COMUNISTA,,,,,,TRUE,0.08575968156209586,5,1,0,LOMBARDIA,0.13591233300814304
19960421,1996,POP-SVP-PRI-UD-PRODI,,,,,,TRUE,0.06813938861576489,6,1,0,LOMBARDIA,0.1557778241526162
19960421,1996,CCD-CDU,,,,,,TRUE,0.05840899768494897,7,1,0,LOMBARDIA,0.13596636068446105
19960421,1996,RINNOVAMENTO IT-DINI,,,,,,TRUE,0.04340589294206236,8,0.9150943396226415,0.08490566037735849,LOMBARDIA,0.16408970720020258
19960421,1996,FEDERAZIONE DEI VERDI,,,,,,TRUE,0.025009540998279886,9,1,0,LOMBARDIA,0.16185067290214117
19960421,1996,PANNELLA-SGARBI,,,,,,TRUE,0.018693766970204473,10,0.8207547169811321,0.1792452830188679,LOMBARDIA,0.18988351615103796
19960421,1996,MOV.SOC.TRICOLORE,,,,,,FALSE,0.009034981881774326,11,0.78301886792452835,0.2169811320754717,LAZIO,0.16852990332429768
19960421,1996,SOCIALISTA,,,,,,FALSE,0.003988770901989503,12,0.3584905660377358,0.6415094339622641,CAMPANIA,0.27554494318143813
19960421,1996,LEGA D'AZIONE MERIDIONALE,,,,,,FALSE,0.0019273550191787072,13,0.05660377358490566,0.9433962264150944,PUGLIA,1
19960421,1996,UNIONE NORD EST,,,,,,FALSE,0.0017061345851016362,14,0.03773584905660377,0.9622641509433962,VENETO,1
19960421,1996,UNION FUR SUD TIROL,,,,,,FALSE,0.001480725582747901,15,0.02830188679245283,0.9716981132075472,TRENTINO-ALTO ADIGE/SÜDTIROL,0.9998738784187957
19960421,1996,MANI PULITE,,,,,,FALSE,0.0011874190882660727,16,0.27358490566037735,0.7264150943396226,PUGLIA,0.3914801833378269
19960421,1996,NOI SICILIANI-FNS,,,,,,FALSE,0.0010896947214035172,17,0.08490566037735849,0.9150943396226415,SICILIA,1
19960421,1996,PS D'AZ.,,,,,,FALSE,0.0010127798020301217,18,0.04716981132075472,0.9528301886792453,SARDEGNA,1
19960421,1996,VERDI-VERDI,,,,,,FALSE,6.879656697473986e-4,19,0.009433962264150943,0.9905660377358491,PIEMONTE,1
19960421,1996,SARDIGNA NATZIONE,,,,,,FALSE,6.222024799258863e-4,20,0.04716981132075472,0.9528301886792453,SARDEGNA,1
19960421,1996,GR.INDIP.LIBERTA',,,,,,FALSE,4.651445089403923e-4,21,0.05660377358490566,0.9433962264150944,PUGLIA,1
19960421,1996,AMBIENTALISTI,,,,,,FALSE,4.1810982185912405e-4,22,0.05660377358490566,0.9433962264150944,PUGLIA,1
19960421,1996,PART.UMANISTA,,,,,,FALSE,3.949526418327254e-4,23,0.1320754716981132,0.8679245283018868,LOMBARDIA,0.40266144285328287
19960421,1996,RINNOVAMENTO,,,,,,FALSE,3.6275135578219176e-4,24,0.10377358490566038,0.8962264150943396,SICILIA,0.6433772155622564
19960421,1996,PATTO PER L'AGRO,,,,,,FALSE,3.282556947520841e-4,25,0.03773584905660377,0.9622641509433962,CAMPANIA,1
19960421,1996,MOV.RIN.IT.,,,,,,FALSE,2.378946708472313e-4,26,0.03773584905660377,0.9622641509433962,CAMPANIA,1
19960421,1996,MOV.AUT.TOSCANO,,,,,,FALSE,2.296242494092318e-4,27,0.09433962264150944,0.9056603773584906,TOSCANA,1
19960421,1996,PART.LEGGE NATURALE,,,,,,FALSE,2.2148722186539355e-4,28,0.02830188679245283,0.9716981132075472,TRENTINO-ALTO ADIGE/SÜDTIROL,0.9996386412912551
19960421,1996,NUOVA DEMOCRAZIA,,,,,,FALSE,2.177255140500454e-4,29,0.08490566037735849,0.9150943396226415,EMILIA-ROMAGNA,1
19960421,1996,DEMOCRAZIA SOCIALE,,,,,,FALSE,2.1351026699454885e-4,30,0.009433962264150943,0.9905660377358491,CAMPANIA,1
19960421,1996,FEDERALISTI LIBERALI,,,,,,FALSE,1.7285180805418993e-4,31,0.03773584905660377,0.9622641509433962,SICILIA,1
19960421,1996,PER LE MARCHE,,,,,,FALSE,1.4793382862486235e-4,32,0.05660377358490566,0.9433962264150944,MARCHE,0.9931469792605951
19960421,1996,NUOVE ENERGIE,,,,,,FALSE,1.461196716642689e-4,33,0.009433962264150943,0.9905660377358491,PIEMONTE,1
19960421,1996,SVILUPPO-LEGALITA',,,,,,FALSE,1.3347393049777933e-4,34,0.009433962264150943,0.9905660377358491,CAMPANIA,1
19960421,1996,NORD LIBERO AUT.,,,,,,FALSE,1.3235342178682455e-4,35,0.03773584905660377,0.9622641509433962,FRIULI-VENEZIA GIULIA,1
19960421,1996,PART.FEDERAL.,,,,,,FALSE,1.0055231741877479e-4,36,0.009433962264150943,0.9905660377358491,PIEMONTE,1
19960421,1996,RISORGIMENTO DEL SUD,,,,,,FALSE,8.121020276538882e-5,37,0.018867924528301886,0.9811320754716981,MOLISE,1
20010513,2001,FORZA ITALIA,,,,,,TRUE,0.2944307154823982,1,1,0,LOMBARDIA,0.18089776341554412
20010513,2001,DEMOCRATICI SINISTRA,,,,,,TRUE,0.16590451301616588,2,1,0,EMILIA-ROMAGNA,0.13809918515061823
20010513,2001,LA MARGHERITA,,,,,,TRUE,0.1450437273983071,3,1,0,LOMBARDIA,0.1698901889732096
20010513,2001,ALLEANZA NAZIONALE,,,,,,TRUE,0.12023701340800301,4,1,0,LAZIO,0.15917122195906092
20010513,2001,RIFONDAZIONE COMUNISTA,,,,,,TRUE,0.05033795443969728,5,1,0,LOMBARDIA,0.16200613803424802
20010513,2001,LEGA NORD,,,,,,TRUE,0.03920758759082297,6,0.5377358490566038,0.46226415094339623,LOMBARDIA,0.5100153136396337
20010513,2001,LISTA DI PIETRO,,,,,,TRUE,0.03890648884976383,7,1,0,LOMBARDIA,0.16476710182367965
20010513,2001,CCD-CDU,,,,,,TRUE,0.03221767357301584,8,0.9811320754716981,0.018867924528301886,SICILIA,0.17428591833905382
20010513,2001,DEMOCRAZIA EUROPEA,,,,,,TRUE,0.023956149974946786,9,1,0,SICILIA,0.2267877099075339
20010513,2001,PANNELLA-BONINO,,,,,,TRUE,0.022370962419639553,10,1,0,LOMBARDIA,0.2058084688787944
20010513,2001,IL GIRASOLE,,,,,,TRUE,0.0216942685125105,11,1,0,CAMPANIA,0.1542182836379608
20010513,2001,COMUNISTI ITALIANI,,,,,,TRUE,0.01672011622741658,12,1,0,LOMBARDIA,0.14729853124028597
20010513,2001,NUOVO PSI,,,,,,FALSE,0.009537518505675344,13,0.8962264150943396,0.10377358490566038,SICILIA,0.12058048017619895
20010513,2001,SVP,,,,,,FALSE,0.005415500291407709,14,0.02830188679245283,0.9716981132075472,TRENTINO-ALTO ADIGE/SÜDTIROL,0.9998900307913784
20010513,2001,FIAMMA TRICOLORE,,,,,,FALSE,0.0038459320810246074,15,0.3584905660377358,0.6415094339622641,PUGLIA,0.24417557047735686
20010513,2001,LIGA FRONTE VENETO,,,,,,FALSE,0.002012242642868957,16,0.07547169811320754,0.9245283018867925,VENETO,0.9997847581892783
20010513,2001,PARTITO PENSIONATI,,,,,,FALSE,0.0017873728018208313,17,0.07547169811320754,0.9245283018867925,LOMBARDIA,1
20010513,2001,PS D'AZ-SARD.NATZ.,,,,,,FALSE,9.29716466931248e-4,18,0.04716981132075472,0.9528301886792453,SARDEGNA,1
20010513,2001,PAESE NUOVO,,,,,,FALSE,9.026465450523356e-4,19,0.6698113207547169,0.330188679245283,SICILIA,0.18953366321787374
20010513,2001,ABOLIZIONE SCORPORO,,,,,,FALSE,7.234978020576931e-4,20,1,0,LOMBARDIA,0.13054214838926928
20010513,2001,LEGA D'AZIONE MERIDIONALE,,,,,,FALSE,6.445889797806633e-4,21,0.05660377358490566,0.9433962264150944,PUGLIA,1
20010513,2001,FRONTE NAZIONALE,,,,,,FALSE,6.288342852471362e-4,22,0.0660377358490566,0.9339622641509434,LAZIO,0.5011192423590185
20010513,2001,VERDI-VERDI,,,,,,FALSE,4.940531442120311e-4,23,0.009433962264150943,0.9905660377358491,PIEMONTE,1
20010513,2001,FORZA NUOVA,,,,,,FALSE,3.6639139263108003e-4,24,0.04716981132075472,0.9528301886792453,VENETO,0.7420022164758034
20010513,2001,LISTA AMADU,,,,,,FALSE,3.1165601059191905e-4,25,0.04716981132075472,0.9528301886792453,SARDEGNA,1
20010513,2001,REPUBBLICANI EUROPEI,,,,,,FALSE,2.1609918635935807e-4,26,0.05660377358490566,0.9433962264150944,MARCHE,0.989352373794313
20010513,2001,NOI SICILIANI,,,,,,FALSE,2.1109125081175928e-4,27,0.04716981132075472,0.9528301886792453,SICILIA,1
20010513,2001,LIBERI E FORTI,,,,,,FALSE,1.9625693362211526e-4,28,0.03773584905660377,0.9622641509433962,CAMPANIA,1
20010513,2001,SOCIAL.AUTON.,,,,,,FALSE,1.8339872072963185e-4,29,0.03773584905660377,0.9622641509433962,CAMPANIA,1
20010513,2001,MOVIMENTO DELLE LIBERTA',,,,,,FALSE,1.833175109639951e-4,30,0.03773584905660377,0.9622641509433962,CAMPANIA,1
20010513,2001,LIBDEM.BASTA,,,,,,FALSE,1.6301506955481077e-4,31,0.05660377358490566,0.9433962264150944,LOMBARDIA,1
20010513,2001,COMUNISMO,,,,,,FALSE,1.4084480353598148e-4,32,0.09433962264150944,0.9056603773584906,TOSCANA,1
20010513,2001,TERZO POLO AUTONOMIA,,,,,,FALSE,7.885468243327196e-5,33,0.03773584905660377,0.9622641509433962,FRIULI-VENEZIA GIULIA,1
20060409,2006,L'ULIVO,,,,,,TRUE,0.3126656821819487,1,1,0,LOMBARDIA,0.14229262633108566
20060409,2006,FORZA ITALIA,,,,,,TRUE,0.23712761063314805,2,1,0,LOMBARDIA,0.19052662640184562
20060409,2006,ALLEANZA NAZIONALE,,,,,,TRUE,0.12337652566030893,3,1,0,LAZIO,0.14369393786850163
20060409,2006,UNIONE DI CENTRO,,,,,,TRUE,0.06763117959998334,4,1,0,LOMBARDIA,0.1457531483177767
20060409,2006,RIFONDAZIONE COMUNISTA,,,,,,TRUE,0.058443555667692576,5,1,0,LOMBARDIA,0.15781559800113043
20060409,2006,LEGA NORD,,,,,,TRUE,0.045818624525519366,6,1,0,LOMBARDIA,0.42617513218824543
20060409,2006,LA ROSA NEL PUGNO,,,,,,TRUE,0.025960934371215966,7,1,0,LOMBARDIA,0.14821423702523304
20060409,2006,COMUNISTI ITALIANI,,,,,,TRUE,0.023187535634875717,8,1,0,LOMBARDIA,0.12678003891635697
20060409,2006,DI PIETRO ITALIA DEI VALORI,,,,,,TRUE,0.022990360795612143,9,1,0,LOMBARDIA,0.14246014550596392
20060409,2006,FEDERAZIONE DEI VERDI,,,,,,TRUE,0.020545927606816016,10,1,0,LOMBARDIA,0.16518310578027307
20060409,2006,U.D.EUR POPOLARI,,,,,,TRUE,0.014010555630884507,11,1,0,CAMPANIA,0.3221741115535463
20060409,2006,PARTITO PENSIONATI,,,,,,FALSE,0.008749387711957053,12,1,0,LOMBARDIA,0.3271757532173731
20060409,2006,DEM.CRIST.-NUOVO PSI,,,,,,FALSE,0.007483468091757583,13,0.9716981132075472,0.02830188679245283,CAMPANIA,0.18614949132591577
20060409,2006,ALTERNATIVA SOCIALE MUSSOLINI,,,,,,FALSE,0.006695135766713615,14,1,0,LOMBARDIA,0.15957130214818818
20060409,2006,FIAMMA TRICOLORE,,,,,,FALSE,0.006059174159100826,15,1,0,LAZIO,0.15336188992731048
20060409,2006,SVP,,,,,,FALSE,0.004789846384519722,16,0.018867924528301886,0.9811320754716981,TRENTINO-ALTO ADIGE/SÜDTIROL,1
20060409,2006,I SOCIALISTI,,,,,,FALSE,0.0030172652906322,17,0.330188679245283,0.6698113207547169,PUGLIA,0.3387957250847163
20060409,2006,PROGETTO NORDEST,,,,,,FALSE,0.002413995748510925,18,0.10377358490566038,0.8962264150943396,VENETO,0.9426905157527775
20060409,2006,LISTA CONSUMATORI,,,,,,FALSE,0.0019318205532263006,19,0.18867924528301888,0.8113207547169812,CALABRIA,0.7904515043359073
20060409,2006,NO EURO,,,,,,FALSE,0.00153901765245697,20,0.5943396226415094,0.4056603773584906,LOMBARDIA,0.2310915780866721
20060409,2006,ALLEANZA LOMBARDA AUTONOMIA,,,,,,FALSE,0.0011685512711734213,21,0.05660377358490566,0.9433962264150944,LOMBARDIA,1
20060409,2006,PENSIONATI UNITI,,,,,,FALSE,7.29292604525211e-4,22,0.22641509433962265,0.7735849056603774,VENETO,0.3633618520382486
20060409,2006,LIGA FRONTE VENETO,,,,,,FALSE,5.77026753382698e-4,23,0.07547169811320754,0.9245283018867925,VENETO,0.9999091322126307
20060409,2006,AMBIENTA-LISTA,,,,,,FALSE,4.554342916748856e-4,24,0.19811320754716982,0.8018867924528302,CAMPANIA,0.26899608565507716
20060409,2006,DIE FREIHEITLICHEN,,,,,,FALSE,4.5005989438077137e-4,25,0.018867924528301886,0.9811320754716981,TRENTINO-ALTO ADIGE/SÜDTIROL,1
20060409,2006,TERZO POLO,,,,,,FALSE,4.2559983254951026e-4,26,0.11320754716981132,0.8867924528301887,CAMPANIA,0.5927066650240237
20060409,2006,P.LIBERALE ITALIANO,,,,,,FALSE,3.226735702241821e-4,27,0.1509433962264151,0.8490566037735849,SICILIA,0.4848878778030549
20060409,2006,IRS,,,,,,FALSE,3.0539684916651747e-4,28,0.04716981132075472,0.9528301886792453,SARDEGNA,1
20060409,2006,SARDIGNA NATZIONE,,,,,,FALSE,2.88382293830517e-4,29,0.04716981132075472,0.9528301886792453,SARDEGNA,1
20060409,2006,S.O.S. ITALIA,,,,,,FALSE,1.823624759895524e-4,30,0.1792452830188679,0.8207547169811321,VENETO,0.3615583668775158
20060409,2006,SOLIDARIETA',,,,,,FALSE,1.5410101119416172e-4,31,0.1320754716981132,0.8679245283018868,VENETO,0.4530452534875808
20060409,2006,MOV.DEM.SIC-NOI SIC.,,,,,,FALSE,1.3569697753334145e-4,32,0.03773584905660377,0.9622641509433962,SICILIA,1
20060409,2006,PER IL SUD,,,,,,FALSE,1.3449101521368655e-4,33,0.04716981132075472,0.9528301886792453,CALABRIA,1
20060409,2006,MOVIMENTO TRIVENETO,,,,,,FALSE,1.1844647304784326e-4,34,0.03773584905660377,0.9622641509433962,VENETO,1
20060409,2006,DIMENSIONE CHRISTIANA,,,,,,FALSE,6.415195209120682e-5,35,0.05660377358490566,0.9433962264150944,PUGLIA,1
20060409,2006,DESTRA NAZIONALE,,,,,,FALSE,2.852363051705477e-5,36,0.03773584905660377,0.9622641509433962,ABRUZZO,1
20060409,2006,LEGA SUD,,,,,,FALSE,2.2205436624949807e-5,37,0.009433962264150943,0.9905660377358491,CAMPANIA,1
20080413,2008,IL POPOLO DELLA LIBERTA',,,,,,TRUE,0.3738821180169539,1,1,0,LOMBARDIA,0.15102314095854644
20080413,2008,PARTITO DEMOCRATICO,,,,,,TRUE,0.331748513571364,2,1,0,LOMBARDIA,0.14275211159383305
20080413,2008,LEGA NORD,,,,,,TRUE,0.08297203702207584,3,0.5943396226415094,0.4056603773584906,LOMBARDIA,0.4388141332746133
20080413,2008,UNIONE DI CENTRO,,,,,,TRUE,0.05624662144136015,4,1,0,SICILIA,0.12922525714291289
20080413,2008,DI PIETRO ITALIA DEI VALORI,,,,,,TRUE,0.04371945752127335,5,1,0,LOMBARDIA,0.15428741744709554
20080413,2008,LA SINISTRA L'ARCOBALENO,,,,,,TRUE,0.030846279816873035,6,1,0,LOMBARDIA,0.16056306462543288
20080413,2008,LA DESTRA - FIAMMA TRICOLORE,,,,,,TRUE,0.024284582278130285,7,1,0,LOMBARDIA,0.14718225453526715
20080413,2008,MOVIMENTO PER L'AUTONOMIA ALL.PER IL SUD,,,,,,TRUE,0.011260933979346436,8,0.4056603773584906,0.5943396226415094,SICILIA,0.5290520771668774
20080413,2008,PARTITO SOCIALISTA,,,,,,FALSE,0.009754691781493654,9,1,0,CAMPANIA,0.13942814717321791
20080413,2008,PARTITO COMUNISTA DEI LAVORATORI,,,,,,FALSE,0.005716894994706096,10,1,0,LOMBARDIA,0.16138180561820398
20080413,2008,SINISTRA CRITICA,,,,,,FALSE,0.00459979142608403,11,1,0,LOMBARDIA,0.1551770410262833
20080413,2008,SVP,,,,,,FALSE,0.004050937245257878,12,0.018867924528301886,0.9811320754716981,TRENTINO-ALTO ADIGE/SÜDTIROL,1
20080413,2008,"ASS.DIFESA DELLA VITA ABORTO?NO,GRAZIE",,,,,,FALSE,0.003719325842357568,13,0.9811320754716981,0.018867924528301886,LOMBARDIA,0.20961365413267638
20080413,2008,PER IL BENE COMUNE,,,,,,FALSE,0.003276061692120704,14,0.9528301886792453,0.04716981132075472,LOMBARDIA,0.16003182046558365
20080413,2008,FORZA NUOVA,,,,,,FALSE,0.00298573711593821,15,0.7924528301886793,0.20754716981132076,LAZIO,0.19885700634894382
20080413,2008,P.LIBERALE ITALIANO,,,,,,FALSE,0.002846459229395782,16,0.9433962264150944,0.05660377358490566,TOSCANA,0.11487085582112568
20080413,2008,UNIONE DEMOCRATICA PER I CONSUMATORI,,,,,,FALSE,0.0025097452685090833,17,1,0,LOMBARDIA,0.1533895896639923
20080413,2008,LISTA DEI GRILLI PARLANTI,,,,,,FALSE,0.0018337386346350389,18,0.330188679245283,0.6698113207547169,VENETO,0.3366046316797319
20080413,2008,LG.VENETA REPUBBLICA,,,,,,FALSE,8.601102179958167e-4,19,0.03773584905660377,0.9622641509433962,VENETO,1
20080413,2008,DIE FREIHEITLICHEN,,,,,,FALSE,7.776462969899984e-4,20,0.018867924528301886,0.9811320754716981,TRENTINO-ALTO ADIGE/SÜDTIROL,1
20080413,2008,M.E.D.A.,,,,,,FALSE,4.5124718450589065e-4,21,0.27358490566037735,0.7264150943396226,TOSCANA,0.30634081099154964
20080413,2008,PS D'AZ.,,,,,,FALSE,4.0754624433214854e-4,22,0.04716981132075472,0.9528301886792453,SARDEGNA,1
20080413,2008,LEGA PER L'AUTONOMIA ALL.LOMB. LEGA PENS,,,,,,FALSE,3.841458036741435e-4,23,0.0660377358490566,0.9339622641509434,LOMBARDIA,0.9990002142398058
20080413,2008,UNION FUR SUD TIROL,,,,,,FALSE,3.521313672756771e-4,24,0.018867924528301886,0.9811320754716981,TRENTINO-ALTO ADIGE/SÜDTIROL,1
20080413,2008,SARDIGNA NATZIONE,,,,,,FALSE,1.9702457773246437e-4,25,0.04716981132075472,0.9528301886792453,SARDEGNA,1
20080413,2008,LEGA SUD,,,,,,FALSE,1.1922428499377474e-4,26,0.009433962264150943,0.9905660377358491,CAMPANIA,1
20080413,2008,L'INTESA VENETA,,,,,,FALSE,6.55102605994326e-5,27,0.03773584905660377,0.9622641509433962,VENETO,1
20080413,2008,PARTITO DI ALTERNATIVA COMUNISTA,,,,,,FALSE,5.6210437172628724e-5,28,0.03773584905660377,0.9622641509433962,LAZIO,1
20080413,2008,IL LOTO,,,,,,FALSE,4.935216030920404e-5,29,0.009433962264150943,0.9905660377358491,LAZIO,1
20080413,2008,MOVIMENTO P.P.A.,,,,,,FALSE,2.5924286543745313e-5,30,0.009433962264150943,0.9905660377358491,PIEMONTE,1
20130224,2013,MOVIMENTO 5 STELLE BEPPEGRILLO.IT,,,,,,TRUE,0.25555703616463993,1,1,0,LOMBARDIA,0.12959734320998564
20130224,2013,PARTITO DEMOCRATICO,,,,,,TRUE,0.25423236975679714,2,1,0,LOMBARDIA,0.16972107949732906
20130224,2013,IL POPOLO DELLA LIBERTA',,,,,,TRUE,0.21565543827438924,3,1,0,LOMBARDIA,0.16258077203218566
20130224,2013,SCELTA CIVICA CON MONTI PER L'ITALIA,,,,,,TRUE,0.083054542746725,4,1,0,LOMBARDIA,0.21660132348275393
20130224,2013,LEGA NORD,,,,,,TRUE,0.040883819121304614,5,1,0,LOMBARDIA,0.5330276595453882
20130224,2013,SINISTRA ECOLOGIA LIBERTA',,,,,,TRUE,0.03204356335557806,6,1,0,PUGLIA,0.13250553892298006
20130224,2013,RIVOLUZIONE CIVILE,,,,,,TRUE,0.022504035950508733,7,1,0,LOMBARDIA,0.11708534044961147
20130224,2013,FRATELLI D'ITALIA,,,,,,TRUE,0.01958192925860237,8,0.9811320754716981,0.018867924528301886,LAZIO,0.13739740326056757
20130224,2013,UNIONE DI CENTRO,,,,,,TRUE,0.01788705502824011,9,1,0,CAMPANIA,0.17739249101865326
20130224,2013,FARE PER FERMARE IL DECLINO,,,,,,TRUE,0.011189993166095352,10,1,0,LOMBARDIA,0.29756786022161014
20130224,2013,LA DESTRA,,,,,,FALSE,0.0064604323626220326,11,0.9622641509433962,0.03773584905660377,LAZIO,0.2805286086920895
20130224,2013,CENTRO DEMOCRATICO,,,,,,FALSE,0.004913488331439405,12,0.9811320754716981,0.018867924528301886,PUGLIA,0.19064948435096457
20130224,2013,FUTURO E LIBERTA',,,,,,FALSE,0.00468832856903001,13,0.9811320754716981,0.018867924528301886,CAMPANIA,0.18584198475676694
20130224,2013,GRANDE SUD - MPA,,,,,,FALSE,0.004368764047303196,14,0.5283018867924528,0.4716981132075472,SICILIA,0.31374832546836395
20130224,2013,SVP,,,,,,FALSE,0.0043174443261166234,15,0.018867924528301886,0.9811320754716981,TRENTINO-ALTO ADIGE/SÜDTIROL,1
20130224,2013,PARTITO COMUNISTA DEI LAVORATORI,,,,,,FALSE,0.002646597724527677,16,0.6226415094339622,0.37735849056603776,TOSCANA,0.16699447722550032
20130224,2013,FORZA NUOVA,,,,,,FALSE,0.0026410393134650625,17,0.8301886792452831,0.16981132075471697,LOMBARDIA,0.14621055210351663
20130224,2013,MIR - MODERATI IN RIVOLUZIONE,,,,,,FALSE,0.002410938741222232,18,0.8679245283018868,0.1320754716981132,CAMPANIA,0.19191734367757204
20130224,2013,LISTA AMNISTIA GIUSTIZIA LIBERTA',,,,,,FALSE,0.0019031823020897597,19,0.5283018867924528,0.4716981132075472,CAMPANIA,0.19206341847851283
20130224,2013,PARTITO PENSIONATI,,,,,,FALSE,0.0016133214585282393,20,0.19811320754716982,0.8018867924528302,CAMPANIA,0.2694642433964672
20130224,2013,DIE FREIHEITLICHEN,,,,,,FALSE,0.0014209827900123764,21,0.018867924528301886,0.9811320754716981,TRENTINO-ALTO ADIGE/SÜDTIROL,1
20130224,2013,CASAPOUND ITALIA,,,,,,FALSE,0.001402513572301679,22,0.5283018867924528,0.4716981132075472,LAZIO,0.3407284698777496
20130224,2013,FIAMMA TRICOLORE,,,,,,FALSE,0.0013159023523048568,23,0.37735849056603776,0.6226415094339622,LOMBARDIA,0.2487931342749866
20130224,2013,IO AMO L'ITALIA,,,,,,FALSE,0.0012507013082529198,24,0.5094339622641509,0.49056603773584906,LOMBARDIA,0.2379194394149599
20130224,2013,INDIPENDENZA VENETA,,,,,,FALSE,9.7857444284355e-4,25,0.07547169811320754,0.9245283018867925,VENETO,0.9997295185430065
20130224,2013,LIBERALI PER L'ITALIA - PLI,,,,,,FALSE,8.242035451310481e-4,26,0.2358490566037736,0.7641509433962265,CAMPANIA,0.38658340767172167
20130224,2013,INTESA POPOLARE,,,,,,FALSE,7.538264145869411e-4,27,0.39622641509433965,0.6037735849056604,CAMPANIA,0.28386392009987516
20130224,2013,PS D'AZ.,,,,,,FALSE,5.465770878237476e-4,28,0.04716981132075472,0.9528301886792453,SARDEGNA,1
20130224,2013,LG.VENETA REPUBBLICA,,,,,,FALSE,4.6578896513061694e-4,29,0.03773584905660377,0.9622641509433962,VENETO,1
20130224,2013,VOTO DI PROTESTA,,,,,,FALSE,3.748251269471974e-4,30,0.04716981132075472,0.9528301886792453,CAMPANIA,1
20130224,2013,VENETO STATO,,,,,,FALSE,3.3462222788585425e-4,31,0.07547169811320754,0.9245283018867925,VENETO,0.9998242221831605
20130224,2013,RIFORMISTI ITALIANI,,,,,,FALSE,2.4183499559723848e-4,32,0.16037735849056603,0.839622641509434,CALABRIA,0.5570959503830719
20130224,2013,INDIPENDENZA PER LA SARDEGNA,,,,,,FALSE,2.2345400663356657e-4,33,0.04716981132075472,0.9528301886792453,SARDEGNA,1
20130224,2013,PRI,,,,,,FALSE,2.1007264666801344e-4,34,0.1320754716981132,0.8679245283018868,EMILIA-ROMAGNA,0.7810443791124178
20130224,2013,MERIS,,,,,,FALSE,1.7354594539940461e-4,35,0.04716981132075472,0.9528301886792453,SARDEGNA,1
20130224,2013,PARTITO DI ALTERNATIVA COMUNISTA,,,,,,FALSE,1.5172403530173335e-4,36,0.05660377358490566,0.9433962264150944,PUGLIA,1
20130224,2013,I PIRATI,,,,,,FALSE,1.3401946673192457e-4,37,0.018867924528301886,0.9811320754716981,LOMBARDIA,1
20130224,2013,MOVIMENTO PROGETTO ITALIA - MID,,,,,,FALSE,1.1666781315021829e-4,38,0.05660377358490566,0.9433962264150944,LAZIO,0.5250819258885808
20130224,2013,LIBERI PER UNA ITALIA EQUA,,,,,,FALSE,9.537527553470077e-5,39,0.009433962264150943,0.9905660377358491,CAMPANIA,1
20130224,2013,RIFONDAZIONE MISSINA ITALIANA,,,,,,FALSE,9.352247184716264e-5,40,0.04716981132075472,0.9528301886792453,CAMPANIA,1
20130224,2013,POPOLARI UNITI,,,,,,FALSE,8.799347036689013e-5,41,0.018867924528301886,0.9811320754716981,BASILICATA,1
20130224,2013,PROGETTO NAZIONALE,,,,,,FALSE,8.4258453409472e-5,42,0.03773584905660377,0.9622641509433962,VENETO,1
20130224,2013,MOVIMENTO P.P.A.,,,,,,FALSE,4.487902265370132e-5,43,0.0660377358490566,0.9339622641509434,PIEMONTE,1
20130224,2013,UNIONE POP.,,,,,,FALSE,4.455551724794069e-5,44,0.009433962264150943,0.9905660377358491,LAZIO,1
20130224,2013,TUTTI INSIEME PER L'ITALIA,,,,,,FALSE,4.2702713560402564e-5,45,0.03773584905660377,0.9622641509433962,LAZIO,1
20130224,2013,STAMINALI D'ITALIA,,,,,,FALSE,1.72046056699969e-5,46,0.009433962264150943,0.9905660377358491,LAZIO,1
20130224,2013,DEMOCRAZIA ATEA,,,,,,FALSE,1.6351727782082524e-5,47,0.03773584905660377,0.9622641509433962,LAZIO,1
20180304,2018,MOVIMENTO 5 STELLE,,,,,,TRUE,0.3241518310211287,1,1,0,CAMPANIA,0.1398307195639539
20180304,2018,PARTITO DEMOCRATICO,,,,,,TRUE,0.18644041016940266,2,1,0,LOMBARDIA,0.1940891724158662
20180304,2018,LEGA,,,,,,TRUE,0.17656100568838184,3,1,0,LOMBARDIA,0.27577325550011955
20180304,2018,FORZA ITALIA,,,,,,TRUE,0.14242349536138443,4,1,0,LOMBARDIA,0.169109684470428
20180304,2018,FRATELLI D'ITALIA CON GIORGIA MELONI,,,,,,TRUE,0.04427465437251055,5,1,0,LAZIO,0.17610602634353004
20180304,2018,LIBERI E UGUALI,,,,,,TRUE,0.03269913990977469,6,1,0,LOMBARDIA,0.14578106405167748
20180304,2018,+EUROPA,,,,,,TRUE,0.02544506936613925,7,1,0,LOMBARDIA,0.2252751013236471
20180304,2018,NOI CON L'ITALIA - UDC,,,,,,TRUE,0.013225839258915795,8,1,0,PUGLIA,0.17673604627222278
20180304,2018,POTERE AL POPOLO!,,,,,,TRUE,0.011066557981206416,9,1,0,LOMBARDIA,0.13026062425073032
20180304,2018,CASAPOUND ITALIA,,,,,,FALSE,0.009331438768108737,10,1,0,LOMBARDIA,0.18630305251299592
20180304,2018,IL POPOLO DELLA FAMIGLIA,,,,,,FALSE,0.006533602969869041,11,0.9811320754716981,0.018867924528301886,LOMBARDIA,0.15143496845104823
20180304,2018,ITALIA EUROPA INSIEME,,,,,,FALSE,0.005730430759437542,12,1,0,LOMBARDIA,0.1439606586363134
20180304,2018,CIVICA POPOLARE LORENZIN,,,,,,FALSE,0.005327926417444118,13,1,0,CAMPANIA,0.16333468039080515
20180304,2018,SVP - PATT,,,,,,FALSE,0.004013929588590661,14,0.02830188679245283,0.9716981132075472,TRENTINO-ALTO ADIGE/SÜDTIROL,0.9998816745418833
20180304,2018,ITALIA AGLI ITALIANI,,,,,,FALSE,0.0037989671926031403,15,0.8018867924528302,0.19811320754716982,LOMBARDIA,0.16305217536256042
20180304,2018,PARTITO COMUNISTA,,,,,,FALSE,0.003230610290559247,16,0.6415094339622641,0.3584905660377358,TOSCANA,0.20928158384788786
20180304,2018,PARTITO VALORE UMANO,,,,,,FALSE,0.0014125014707620112,17,0.660377358490566,0.33962264150943394,PIEMONTE,0.19150414705223043
20180304,2018,10 VOLTE MEGLIO,,,,,,FALSE,0.0010520143771815247,18,0.41509433962264153,0.5849056603773585,LOMBARDIA,0.31581640331076
20180304,2018,PER UNA SINISTRA RIVOLUZIONARIA,,,,,,FALSE,8.592796438811804e-4,19,0.4811320754716981,0.5188679245283019,LOMBARDIA,0.30621269069201856
20180304,2018,PARTITO REPUBBLICANO ITALIANO - ALA,,,,,,FALSE,5.97360518883571e-4,20,0.42452830188679247,0.5754716981132075,EMILIA-ROMAGNA,0.30425103360542777
20180304,2018,GRANDE NORD,,,,,,FALSE,5.875448843635928e-4,21,0.1509433962264151,0.8490566037735849,VENETO,0.5495796507868075
20180304,2018,AUTODETERMINATZIONE,,,,,,FALSE,5.774442798091638e-4,22,0.04716981132075472,0.9528301886792453,SARDEGNA,1
20180304,2018,LISTA DEL POPOLO PER LA COSTITUZIONE,,,,,,FALSE,2.877564081211647e-4,23,0.32075471698113206,0.6792452830188679,SICILIA,0.27508802816901406
20180304,2018,PATTO PER L'AUTONOMIA,,,,,,FALSE,1.858954524735209e-4,24,0.03773584905660377,0.9622641509433962,FRIULI-VENEZIA GIULIA,1
20180304,2018,BLOCCO NAZIONALE PER LE LIBERTA',,,,,,FALSE,1.0689542625627774e-4,25,0.1320754716981132,0.8679245283018868,LAZIO,0.32671800947867297
20180304,2018,SIAMO,,,,,,FALSE,4.109901163526318e-5,26,0.03773584905660377,0.9622641509433962,FRIULI-VENEZIA GIULIA,1
20180304,2018,RINASCIMENTO MIR,,,,,,FALSE,2.1404415920984523e-5,27,0.03773584905660377,0.9622641509433962,FRIULI-VENEZIA GIULIA,1
20180304,2018,ITALIA NEL CUORE,,,,,,FALSE,1.5894995254932295e-5,28,0.009433962264150943,0.9905660377358491,LOMBARDIA,1
20220925,2022,FRATELLI D'ITALIA CON GIORGIA MELONI,,,,,,TRUE,0.2622329320414316,1,1,0,LOMBARDIA,0.19710983432543666
20220925,2022,PARTITO DEMOCRATICO - ITALIA DEMOCRATICA E PROGRESSISTA,,,,,,TRUE,0.18946901983050762,2,1,0,LOMBARDIA,0.18026731471178495
20220925,2022,MOVIMENTO 5 STELLE,,,,,,TRUE,0.15435586452801117,3,1,0,CAMPANIA,0.18597081151456551
20220925,2022,LEGA PER SALVINI PREMIER,,,,,,TRUE,0.0884006833481993,4,1,0,LOMBARDIA,0.27218994256524093
20220925,2022,FORZA ITALIA,,,,,,TRUE,0.08195398131228492,5,1,0,LOMBARDIA,0.1740761409009649
20220925,2022,AZIONE - ITALIA VIVA - CALENDA,,,,,,TRUE,0.07630108326094293,6,1,0,LOMBARDIA,0.23828242256870677
20220925,2022,ALLEANZA VERDI E SINISTRA,,,,,,TRUE,0.03594131509987844,7,1,0,LOMBARDIA,0.1906541037845905
20220925,2022,+EUROPA,,,,,,TRUE,0.028070989452950175,8,1,0,LOMBARDIA,0.22552350922260592
20220925,2022,ITALEXIT PER L'ITALIA,,,,,,TRUE,0.01907911275559293,9,0.9811320754716981,0.018867924528301886,LOMBARDIA,0.17556659212144096
20220925,2022,UNIONE POPOLARE CON DE MAGISTRIS,,,,,,TRUE,0.013999402652157924,10,1,0,LOMBARDIA,0.1418807839370486
20220925,2022,ITALIA SOVRANA E POPOLARE,,,,,,TRUE,0.0124363609362587,11,1,0,LOMBARDIA,0.15476699698201088
20220925,2022,NOI MODERATI/LUPI - TOTI - BRUGNARO - UDC,,,,,,FALSE,0.009140714944464567,12,1,0,VENETO,0.20067007226110994
20220925,2022,SUD CHIAMA NORD,,,,,,FALSE,0.007713175509625077,13,0.2169811320754717,0.78301886792452835,SICILIA,0.9764024655999004
20220925,2022,VITA,,,,,,FALSE,0.00709421675303952,14,0.71698113207547165,0.2830188679245283,VENETO,0.2225965694289672
20220925,2022,IMPEGNO CIVICO LUIGI DI MAIO - CENTRO DEMOCRATICO,,,,,,FALSE,0.005970670848963535,15,1,0,CAMPANIA,0.241325545711033
20220925,2022,SUDTIROLER VOLKSPARTEI (SVP) - PATT,,,,,,FALSE,0.003919222465155171,16,0.018867924528301886,0.9811320754716981,TRENTINO-ALTO ADIGE/SÜDTIROL,1
20220925,2022,MASTELLA NOI DI CENTRO EUROPEISTI,,,,,,FALSE,0.0016147970855188217,17,0.42452830188679247,0.5754716981132075,CAMPANIA,0.7324075768667643
20220925,2022,PARTITO COMUNISTA ITALIANO,,,,,,FALSE,8.768490030626545e-4,18,0.1509433962264151,0.8490566037735849,MARCHE,0.3364088304684867
20220925,2022,PARTITO ANIMALISTA - UCDL - 10 VOLTE MEGLIO,,,,,,FALSE,7.418639062817757e-4,19,0.16981132075471697,0.8301886792452831,EMILIA-ROMAGNA,0.6772731799621552
20220925,2022,ALTERNATIVA PER L'ITALIA - NO GREEN PASS,,,,,,FALSE,5.841965846997312e-4,20,0.2641509433962264,0.7358490566037735,VENETO,0.2218919944353105
20220925,2022,PARTITO DELLA FOLLIA CREATIVA,,,,,,FALSE,4.8172021401824295e-5,21,0.009433962264150943,0.9905660377358491,LAZIO,1
20220925,2022,FORZA DEL POPOLO,,,,,,FALSE,2.818654319753983e-5,22,0.04716981132075472,0.9528301886792453,CALABRIA,1
20220925,2022,FREE,,,,,,FALSE,2.7189116374035798e-5,23,0.05660377358490566,0.9433962264150944,LOMBARDIA,1
