election_date,year,component,residual_component,classification_reason,national_votes,national_share,rank_votes,n_territories_positive,territorial_coverage,n_regions_positive,top_region,top_region_share,max_territory_share
19480418,1948,PPST-PPTT,TERRITORIAL_LISTS,manual: South Tyrol/Trentino territorial list,119119,0.0045826594128314,8,2,0.019047619047619,1,TRENTINO-ALTO ADIGE/SÜDTIROL,1.0,0.8653279493615628
19480418,1948,P.CONTADINI D'ITALIA,OTHER_LISTS,manual: generic/ideological/personalist/minor list,94599,0.0036393438309122,9,49,0.4666666666666667,12,PIEMONTE,0.7512975824268755,0.2786181672110699
19480418,1948,PARTITO CRISTIANO SOCIALE,OTHER_LISTS,manual: generic/ideological/personalist/minor list,71488,0.0027502342708089,10,67,0.638095238095238,14,TOSCANA,0.1943123321396598,0.0612130707251566
19480418,1948,PS D'AZ.,TERRITORIAL_LISTS,manual: Sardinian territorial list,61928,0.0023824489134212,11,5,0.0476190476190476,1,SARDEGNA,1.0,0.3324021444257848
19480418,1948,MOV.NAZ.DEM.SOC.,OTHER_LISTS,manual: generic/ideological/personalist/minor list,55997,0.0021542758010084,12,78,0.7428571428571429,16,CAMPANIA,0.4676321945818526,0.2949265139203886
19480418,1948,UN.MOV.FEDERALISTI,OTHER_LISTS,manual: generic/ideological/personalist/minor list,50658,0.001948877681438,13,19,0.1809523809523809,5,SICILIA,0.9285798886651664,0.2977811994156895
19480418,1948,BLOCCO POP.UNIONISTA,OTHER_LISTS,manual: generic/ideological/personalist/minor list,34751,0.001336915162613,14,50,0.4761904761904761,12,VENETO,0.1744410232799056,0.0488331271042559
19480418,1948,ALTRE LISTE,OTHER_LISTS,manual: generic/ideological/personalist/minor list,22231,0.0008552548410132378,15,6,0.0571428571428571,2,CAMPANIA,0.5347037920021591,0.4112275651117808
19480418,1948,PC.INTERNAZIONALISTA,OTHER_LISTS,manual: generic/ideological/personalist/minor list,20704,0.0007965092091376041,16,15,0.1428571428571428,4,LOMBARDIA,0.7757438176197836,0.3607032457496136
19480418,1948,FR.DEM.PROG.REPUB.,OTHER_LISTS,manual: generic/ideological/personalist/minor list,14482,0.0005571409566620355,17,1,0.0095238095238095,1,VALLE D'AOSTA/VALLÉE D'AOSTE,1.0,1.0
19480418,1948,CONC.NAZ.COMBAT.UNIT,OTHER_LISTS,manual: generic/ideological/personalist/minor list,10045,0.0003864439241589661,18,30,0.2857142857142857,7,SICILIA,0.3130910900945744,0.1655550024888004
19480418,1948,P.DEMOLABURISTA IT.,OTHER_LISTS,manual: generic/ideological/personalist/minor list,8106,0.0003118481283457022,19,16,0.1523809523809524,5,PIEMONTE,0.4122871946706143,0.2561065877128053
19480418,1948,P.INDIPENDENTE CONTADINI,OTHER_LISTS,manual: generic/ideological/personalist/minor list,6733,0.0002590270723108331,20,3,0.0285714285714285,1,PIEMONTE,1.0,0.4485370562899153
19480418,1948,P.DEM.IND.PENSIONATI,OTHER_LISTS,manual: generic/ideological/personalist/minor list,5280,0.00020312831454050184,21,9,0.0857142857142857,2,VENETO,0.6278409090909091,0.2066287878787878
19480418,1948,AS.NAZ.CONG.DIS.GUER,OTHER_LISTS,manual: generic/ideological/personalist/minor list,3695,0.000142151348906658,22,8,0.0761904761904762,2,LIGURIA,0.574830852503383,0.3523680649526387
19480418,1948,P.PATRIA E LIBERTA',OTHER_LISTS,manual: generic/ideological/personalist/minor list,3178,0.00012226170144123387,23,4,0.0380952380952381,1,SICILIA,1.0,0.7916928886091882
19480418,1948,FR.DEGLI ITALIANI,OTHER_LISTS,manual: generic/ideological/personalist/minor list,2967,0.00011414426311395244,24,15,0.1428571428571428,5,UMBRIA,0.3592854735422986,0.2878328277721604
19480418,1948,CONC.RUR.IND.AOSTA,OTHER_LISTS,manual: generic/ideological/personalist/minor list,2906,0.00011179751554066256,25,1,0.0095238095238095,1,VALLE D'AOSTA/VALLÉE D'AOSTE,1.0,1.0
19480418,1948,GR.POL.LA DESTRA,OTHER_LISTS,manual: generic/ideological/personalist/minor list,2830,0.00010887369889197352,26,14,0.1333333333333333,2,SICILIA,0.7929328621908127,0.3201413427561837
19480418,1948,FR.ANTIBOLSCEVICO IT,OTHER_LISTS,manual: generic/ideological/personalist/minor list,2756,0.00010602682478667104,27,4,0.0380952380952381,1,SICILIA,1.0,0.6157474600870827
19480418,1948,UN.SOCIAL.INDIP.,OTHER_LISTS,manual: generic/ideological/personalist/minor list,2637,0.00010144874345517108,28,1,0.0095238095238095,1,VALLE D'AOSTA/VALLÉE D'AOSTE,1.0,1.0
19480418,1948,RAGGRUP.POP.ITALIANO,OTHER_LISTS,manual: generic/ideological/personalist/minor list,2191,8.42905562799696e-05,29,4,0.0380952380952381,1,VENETO,1.0,0.3144682793245094
19480418,1948,MAGLIO,OTHER_LISTS,manual: generic/ideological/personalist/minor list,1642,6.31698281203606e-05,30,3,0.0285714285714285,1,PUGLIA,1.0,0.5627283800243605
19480418,1948,CONF.IT.LIBERI SIND.,OTHER_LISTS,manual: generic/ideological/personalist/minor list,1531,5.889951696240688e-05,31,5,0.0476190476190476,1,CALABRIA,1.0,0.3298497713912475
19480418,1948,MOV.UNITA'D'IT.,OTHER_LISTS,manual: generic/ideological/personalist/minor list,1524,5.8630218060553934e-05,32,11,0.1047619047619047,3,SICILIA,0.4763779527559055,0.1981627296587926
19480418,1948,FR.UN.ANTICOM.RIS.N.,OTHER_LISTS,manual: generic/ideological/personalist/minor list,1444,5.5552516325091785e-05,33,5,0.0476190476190476,1,SICILIA,1.0,0.4577562326869806
19480418,1948,M.NAZ.SIN.DAN.GUERRA,OTHER_LISTS,manual: generic/ideological/personalist/minor list,1179,4.5357629326373416e-05,34,5,0.0476190476190476,1,SICILIA,1.0,0.469041560644614
19480418,1948,LEGA SARDA,TERRITORIAL_LISTS,manual: Sardinian territorial list,1117,4.297241048139025e-05,35,5,0.0476190476190476,1,SARDEGNA,1.0,0.3249776186213071
19480418,1948,M.CAT.IND.PAX JUSTIT,OTHER_LISTS,manual: generic/ideological/personalist/minor list,961,3.697089209723906e-05,36,5,0.0476190476190476,1,SARDEGNA,1.0,0.3152965660770031
19480418,1948,P.ESISTENZIALISTA IT,OTHER_LISTS,manual: generic/ideological/personalist/minor list,816,3.139255770171392e-05,37,4,0.0380952380952381,1,VENETO,1.0,0.3174019607843137
19530607,1953,UN.SOCIAL.INDIP.,OTHER_LISTS,manual: generic/ideological/personalist/minor list,219777,0.0082904955666292,9,80,0.7547169811320755,17,PIEMONTE,0.1344180692247141,0.0541912939024556
19530607,1953,UNITA'POPOLARE,OTHER_LISTS,manual: generic/ideological/personalist/minor list,166966,0.0062983427873609,10,69,0.6509433962264151,12,LOMBARDIA,0.2677910472790867,0.1273133452319634
19530607,1953,ALL.DEMOC.NAZIONALE,OTHER_LISTS,manual: generic/ideological/personalist/minor list,118318,0.0044632279740484,11,101,0.9528301886792452,17,SICILIA,0.1674047904798931,0.067166449737149
19530607,1953,PPST,TERRITORIAL_LISTS,manual: South Tyrol/Trentino territorial list,99011,0.0037349233839188,12,3,0.0283018867924528,2,TRENTINO-ALTO ADIGE/SÜDTIROL,0.9984850168163132,0.9540758097585116
19530607,1953,PS D'AZ.,TERRITORIAL_LISTS,manual: Sardinian territorial list,27222,0.0010268766536752,13,23,0.2169811320754717,5,SARDEGNA,0.9213136433766806,0.3072882227610021
19530607,1953,IND.SIN.,OTHER_LISTS,manual: generic/ideological/personalist/minor list,21516,0.0008116331673086564,14,1,0.0094339622641509,1,VALLE D'AOSTA/VALLÉE D'AOSTE,1.0,1.0
19530607,1953,CENTRO POLITICO IT.,OTHER_LISTS,manual: generic/ideological/personalist/minor list,14210,0.0005360339890061352,15,19,0.1792452830188679,5,SICILIA,0.2817733990147783,0.1418015482054891
19530607,1953,P.MONARCHICO NAZ.IT.,OTHER_LISTS,manual: generic/ideological/personalist/minor list,7903,0.00029811939585612155,16,2,0.0188679245283018,1,CAMPANIA,1.0,0.7732506643046945
19530607,1953,LISTA MONARCHICA,OTHER_LISTS,manual: generic/ideological/personalist/minor list,6718,0.0002534184615160603,17,3,0.0283018867924528,1,PUGLIA,1.0,0.4690384042869902
19530607,1953,UN.NAZ.DEM.IMP.PUB.,OTHER_LISTS,manual: generic/ideological/personalist/minor list,6436,0.00024278077081234955,18,19,0.1792452830188679,5,LAZIO,0.2851149782473586,0.2291796146674953
19530607,1953,P.NETTISTA ITALIANO,OTHER_LISTS,manual: generic/ideological/personalist/minor list,4260,0.00016069702977946067,19,11,0.1037735849056603,3,LAZIO,0.3901408450704225,0.2307511737089201
19530607,1953,P.RADICAL SOCIALISTA,OTHER_LISTS,manual: generic/ideological/personalist/minor list,3236,0.00012206938694045416,20,6,0.0566037735849056,1,VENETO,1.0,0.2917181705809641
19530607,1953,P.NAZIONALI FEDERATI,OTHER_LISTS,manual: generic/ideological/personalist/minor list,2847,0.00010739540933852688,21,4,0.0377358490566037,1,LAZIO,1.0,0.6087109237794169
19530607,1953,MOV.SOC.CRISTIANO,OTHER_LISTS,manual: generic/ideological/personalist/minor list,2686,0.00010132211783747216,22,7,0.0660377358490566,2,LOMBARDIA,0.5405807892777365,0.3309754281459419
19530607,1953,M.FEMMINILE IT.,OTHER_LISTS,manual: generic/ideological/personalist/minor list,1650,6.224180730894604e-05,23,4,0.0377358490566037,1,LAZIO,1.0,0.396969696969697
19530607,1953,PPTT,TERRITORIAL_LISTS,manual: South Tyrol/Trentino territorial list,1524,5.748879656899016e-05,24,2,0.0188679245283018,1,TRENTINO-ALTO ADIGE/SÜDTIROL,1.0,0.8582677165354331
19530607,1953,P.CRIST.MILITANTE,OTHER_LISTS,manual: generic/ideological/personalist/minor list,1468,5.537634735123199e-05,25,3,0.0283018867924528,1,PUGLIA,1.0,0.4420980926430518
19530607,1953,MOV.NAZIONALE IT.,OTHER_LISTS,manual: generic/ideological/personalist/minor list,1229,4.636071586829981e-05,26,2,0.0188679245283018,1,CAMPANIA,1.0,0.7550854353132628
19530607,1953,P.UN.SOCIALE IT.,OTHER_LISTS,manual: generic/ideological/personalist/minor list,1097,4.138137128358412e-05,27,4,0.0377358490566037,1,LAZIO,1.0,0.4749316317228806
19530607,1953,P.VOLONTA'NAZIONALE,OTHER_LISTS,manual: generic/ideological/personalist/minor list,989,3.7307362077907655e-05,28,5,0.0471698113207547,1,PIEMONTE,1.0,0.7977755308392316
19530607,1953,P.FEDERALISTA IT.,OTHER_LISTS,manual: generic/ideological/personalist/minor list,831,3.134723749923282e-05,29,4,0.0377358490566037,1,VENETO,1.0,0.3477737665463297
19530607,1953,M.GARIB.ANTIF.PART.,OTHER_LISTS,manual: generic/ideological/personalist/minor list,719,2.7122339063716484e-05,30,2,0.0188679245283018,1,CAMPANIA,1.0,0.7148817802503477
19530607,1953,P.ESISTENZIALISTA UN,OTHER_LISTS,manual: generic/ideological/personalist/minor list,710,2.678283829657678e-05,31,4,0.0377358490566037,1,VENETO,1.0,0.3394366197183098
19530607,1953,P.UNIONE NAZIONALE,OTHER_LISTS,manual: generic/ideological/personalist/minor list,550,2.074726910298201e-05,32,3,0.0283018867924528,1,PUGLIA,1.0,0.6218181818181818
19530607,1953,IND,OTHER_LISTS,manual: generic/ideological/personalist/minor list,519,1.9577877571723023e-05,33,2,0.0188679245283018,1,BASILICATA,1.0,0.7456647398843931
19580525,1958,COMUNITA',OTHER_LISTS,manual: generic/ideological/personalist/minor list,169628,0.005878000408412,10,36,0.3364485981308411,8,PIEMONTE,0.5545841488433514,0.3555662980168368
19580525,1958,PPST,TERRITORIAL_LISTS,manual: South Tyrol/Trentino territorial list,107971,0.0037414435240446,11,3,0.02803738317757,2,TRENTINO-ALTO ADIGE/SÜDTIROL,0.9986663085458132,0.9573681821970714
19580525,1958,MOVIM.AUT.REG.-M.A.R.P.,OTHER_LISTS,manual: generic/ideological/personalist/minor list,66646,0.00230943721095,12,29,0.2710280373831775,6,PIEMONTE,0.7766407586351769,0.3952525282837679
19580525,1958,UV,TERRITORIAL_LISTS,manual: Aosta/Valdostan territorial list,30529,0.0010579000782206,13,1,0.0093457943925233,1,VALLE D'AOSTA/VALLÉE D'AOSTE,1.0,1.0
19580525,1958,P.CAT.RIS.NAZ.CPI,OTHER_LISTS,manual: generic/ideological/personalist/minor list,15564,0.0005393284030733403,14,18,0.1682242990654205,5,LAZIO,0.3400796710357234,0.2636854279105628
19580525,1958,FED.AUT.SOCIALDEM.IT,OTHER_LISTS,manual: generic/ideological/personalist/minor list,9068,0.0003142270598219641,15,4,0.0373831775700934,1,LAZIO,1.0,0.7636744596382885
19580525,1958,P.NAZIONALE LAVORO,OTHER_LISTS,manual: generic/ideological/personalist/minor list,7067,0.0002448878067668527,16,17,0.1588785046728972,5,ABRUZZO,0.4271968303381916,0.1865006367624168
19580525,1958,AUT.PIEMONT-MOV.VIL.,TERRITORIAL_LISTS,manual: Veneto/Northern territorial list,6670,0.000231130843517038,17,5,0.0467289719626168,1,PIEMONTE,1.0,0.7620689655172413
19580525,1958,UNIONE TRIESTINA,TERRITORIAL_LISTS,manual: Friuli/Trieste/Slovenian territorial list,6437,0.00022305685752911148,18,1,0.0093457943925233,1,FRIULI-VENEZIA GIULIA,1.0,1.0
19580525,1958,FR.DELL'INDIPENDENZA,TERRITORIAL_LISTS,manual: Explicit autonomy/independence localist list,6185,0.000214324477834015,19,1,0.0093457943925233,1,FRIULI-VENEZIA GIULIA,1.0,1.0
19580525,1958,MOV.PRO PENSIONATI,OTHER_LISTS,manual: generic/ideological/personalist/minor list,4903,0.0001699002287502305,20,5,0.0467289719626168,1,PIEMONTE,1.0,0.8562104833775239
19580525,1958,CONC.EUROPEA DEMOC.,OTHER_LISTS,manual: generic/ideological/personalist/minor list,4093,0.0001418318654445632,21,17,0.1588785046728972,3,SICILIA,0.5712191546542879,0.2123137063278768
19580525,1958,FR.UNICO SOLDATO IT.,OTHER_LISTS,manual: generic/ideological/personalist/minor list,4033,0.0001397527274219212,22,9,0.0841121495327102,2,CALABRIA,0.5958343664765683,0.24150756260848
19580525,1958,MOV.INDIP.DIVORZISTI,OTHER_LISTS,manual: generic/ideological/personalist/minor list,3893,0.0001349014053690898,23,5,0.0467289719626168,1,PIEMONTE,1.0,0.8381710762907784
19580525,1958,P.SOC.SICILIANO,TERRITORIAL_LISTS,manual: Sicilian territorial/localist list,3109,0.00010773400187323404,24,5,0.0467289719626168,1,SICILIA,1.0,0.6921839819877774
19580525,1958,MOV.NAZIONALE IT.,OTHER_LISTS,manual: generic/ideological/personalist/minor list,1463,5.069631545208794e-05,25,2,0.0186915887850467,1,CAMPANIA,1.0,0.7361585782638415
19580525,1958,MOV.AZIONE-RINNOVAM.,OTHER_LISTS,manual: generic/ideological/personalist/minor list,750,2.598922528302526e-05,26,4,0.0373831775700934,1,ABRUZZO,1.0,0.476
19580525,1958,MOV.ECONOMICO IT.SOC,OTHER_LISTS,manual: generic/ideological/personalist/minor list,552,1.9128069808306597e-05,27,2,0.0186915887850467,1,CAMPANIA,1.0,0.7590579710144928
19580525,1958,P.IT.MUT.INV.GUERRA,OTHER_LISTS,manual: generic/ideological/personalist/minor list,465,1.6113319675475662e-05,28,3,0.02803738317757,1,PUGLIA,1.0,0.3849462365591398
19630428,1963,PPST,TERRITORIAL_LISTS,manual: South Tyrol/Trentino territorial list,99003,0.0033105950276503,9,3,0.02803738317757,2,TRENTINO-ALTO ADIGE/SÜDTIROL,0.9983939880609678,0.966283849984344
19630428,1963,CONC.UNITA'RURALE,OTHER_LISTS,manual: generic/ideological/personalist/minor list,90957,0.0030415420939768,10,50,0.4672897196261682,9,PUGLIA,0.2353749573974515,0.0922413887881086
19630428,1963,PAPI,OTHER_LISTS,manual: generic/ideological/personalist/minor list,86008,0.0028760507978359,11,60,0.5607476635514018,13,PIEMONTE,0.1433820109757232,0.116698446656125
19630428,1963,UV,TERRITORIAL_LISTS,manual: Aosta/Valdostan territorial list,31783,0.0010628025591528,12,1,0.0093457943925233,1,VALLE D'AOSTA/VALLÉE D'AOSTE,1.0,1.0
19630428,1963,M.COMB.IT-FR.RIN.NAZ,OTHER_LISTS,manual: generic/ideological/personalist/minor list,19527,0.0006529700019689083,13,21,0.1962616822429906,7,LOMBARDIA,0.5026885850361038,0.4068213243201721
19630428,1963,MOV.POL.CATT.IT.,OTHER_LISTS,manual: generic/ideological/personalist/minor list,7115,0.000237920907666758,14,16,0.1495327102803738,3,LOMBARDIA,0.4463808854532677,0.2113843991567111
19630428,1963,PART.SOC.CRIST.,OTHER_LISTS,manual: generic/ideological/personalist/minor list,6716,0.0002245786108067388,15,4,0.0373831775700934,1,LAZIO,1.0,0.7211137581893985
19630428,1963,PART.MON.NAZ.,OTHER_LISTS,manual: generic/ideological/personalist/minor list,6357,0.00021257388756677168,16,4,0.0373831775700934,1,LAZIO,1.0,0.7989617744218971
19630428,1963,L.UNIT.SLOV.,OTHER_LISTS,manual: generic/ideological/personalist/minor list,5500,0.00018391637275715653,17,1,0.0093457943925233,1,FRIULI-VENEZIA GIULIA,1.0,1.0
19630428,1963,MOV.IND.TLT,TERRITORIAL_LISTS,manual: Friuli/Trieste/Slovenian territorial list,4255,0.00014228439383303656,18,1,0.0093457943925233,1,FRIULI-VENEZIA GIULIA,1.0,1.0
19630428,1963,UN.NAZ.SAL.PUB.,OTHER_LISTS,manual: generic/ideological/personalist/minor list,2913,9.740879888029036e-05,19,2,0.0186915887850467,1,CAMPANIA,1.0,0.9162375557844148
19630428,1963,MOV.COLT.E SAL.,OTHER_LISTS,manual: generic/ideological/personalist/minor list,2679,8.958399320298589e-05,20,4,0.0373831775700934,1,SICILIA,1.0,0.4247853676745054
19630428,1963,RINN.SOC.,OTHER_LISTS,manual: generic/ideological/personalist/minor list,1699,5.681343951171072e-05,21,10,0.0934579439252336,3,LAZIO,0.468510888758093,0.2548557975279576
19630428,1963,MOV.POP.IT.,OTHER_LISTS,manual: generic/ideological/personalist/minor list,1602,5.3569823483084506e-05,22,4,0.0373831775700934,1,LAZIO,1.0,0.5892634207240949
19630428,1963,AV.NAZ.,OTHER_LISTS,manual: generic/ideological/personalist/minor list,946,3.163361611423093e-05,23,4,0.0373831775700934,1,LAZIO,1.0,0.4799154334038055
19630428,1963,PART.LAB.IT.,OTHER_LISTS,manual: generic/ideological/personalist/minor list,752,2.5146384056978497e-05,24,4,0.0373831775700934,1,LAZIO,1.0,0.6462765957446809
19680519,1968,PPST,TERRITORIAL_LISTS,manual: South Tyrol/Trentino territorial list,140381,0.004458647844476,9,6,0.0560747663551401,3,TRENTINO-ALTO ADIGE/SÜDTIROL,0.9714704981443356,0.9014396535143644
19680519,1968,SOCIALDEMOCRAZIA,OTHER_LISTS,manual: generic/ideological/personalist/minor list,99393,0.0031568259608209,10,28,0.2616822429906542,7,PIEMONTE,0.3562323302445846,0.2904027446600867
19680519,1968,NUOVA REPUBBLICA,OTHER_LISTS,manual: generic/ideological/personalist/minor list,63217,0.0020078382458042,11,57,0.5327102803738317,12,SICILIA,0.3420915260135723,0.1378901244918297
19680519,1968,PAPI,OTHER_LISTS,manual: generic/ideological/personalist/minor list,41480,0.00131744831985,12,16,0.1495327102803738,4,CAMPANIA,0.3446480231436837,0.1511330761812921
19680519,1968,UV,TERRITORIAL_LISTS,manual: Aosta/Valdostan territorial list,31428,0.0009981862535257146,13,1,0.0093457943925233,1,VALLE D'AOSTA/VALLÉE D'AOSTE,1.0,1.0
19680519,1968,PS D'AZ.,TERRITORIAL_LISTS,manual: Sardinian territorial list,26992,0.0008572942393778189,14,5,0.0467289719626168,1,SARDEGNA,1.0,0.3064982216953171
19680519,1968,PART.MON.NAZ.,OTHER_LISTS,manual: generic/ideological/personalist/minor list,18765,0.0005959960878010066,15,16,0.1495327102803738,4,LOMBARDIA,0.3834265920596856,0.3049826805222488
19680519,1968,MOV.SOC.,OTHER_LISTS,manual: generic/ideological/personalist/minor list,6540,0.0002077172616156985,16,2,0.0186915887850467,1,CAMPANIA,1.0,0.8264525993883792
19680519,1968,UNIONE SLOVENA,TERRITORIAL_LISTS,manual: Friuli/Trieste/Slovenian territorial list,6142,0.00019507636404336704,17,1,0.0093457943925233,1,FRIULI-VENEZIA GIULIA,1.0,1.0
19680519,1968,PST.PROG.SOC.,OTHER_LISTS,manual: generic/ideological/personalist/minor list,5012,0.00015918637847368213,18,3,0.02803738317757,2,TRENTINO-ALTO ADIGE/SÜDTIROL,0.9924181963288108,0.9517158818834796
19680519,1968,UN.NAZ.SAL.PUB.,OTHER_LISTS,manual: generic/ideological/personalist/minor list,3693,0.00011729355460959858,19,2,0.0186915887850467,1,CAMPANIA,1.0,0.8245329000812348
19680519,1968,"RAG.VOL.""T""",OTHER_LISTS,manual: generic/ideological/personalist/minor list,3137,9.963441126734651e-05,20,4,0.0373831775700934,1,LOMBARDIA,1.0,0.7503984698756774
19680519,1968,PART.ORD.ECON.,OTHER_LISTS,manual: generic/ideological/personalist/minor list,2944,9.350452877624106e-05,21,4,0.0373831775700934,1,LAZIO,1.0,0.6735733695652174
19680519,1968,PART.DEM.PROG.,OTHER_LISTS,manual: generic/ideological/personalist/minor list,2189,6.952493664782326e-05,22,4,0.0373831775700934,1,LAZIO,1.0,0.5340338053905893
19680519,1968,PART.AGRICOLTORI,OTHER_LISTS,manual: generic/ideological/personalist/minor list,2061,6.545952235320408e-05,23,2,0.0186915887850467,1,MOLISE,1.0,0.739932071809801
19680519,1968,RAGGR.ITAL.,OTHER_LISTS,manual: generic/ideological/personalist/minor list,1795,5.7011083272198605e-05,24,8,0.0747663551401869,2,LAZIO,0.6272980501392758,0.4947075208913649
19680519,1968,P.COM.RIVOL.,OTHER_LISTS,manual: generic/ideological/personalist/minor list,1765,5.605825179689724e-05,25,8,0.0747663551401869,2,LAZIO,0.691784702549575,0.4668555240793201
19680519,1968,P.RAD,OTHER_LISTS,manual: generic/ideological/personalist/minor list,1536,4.8784971535430114e-05,26,4,0.0373831775700934,1,LOMBARDIA,1.0,0.716796875
19680519,1968,RIS.POP.,OTHER_LISTS,manual: generic/ideological/personalist/minor list,1164,3.696986124169313e-05,27,4,0.0373831775700934,1,LAZIO,1.0,0.7328178694158075
19680519,1968,SACRO IDEAL.MONDO,OTHER_LISTS,manual: generic/ideological/personalist/minor list,1094,3.474658779932328e-05,28,2,0.0186915887850467,1,VENETO,1.0,0.5082266910420475
19680519,1968,P.PROG.UNSIPO,OTHER_LISTS,manual: generic/ideological/personalist/minor list,1057,3.357142897978492e-05,29,4,0.0373831775700934,1,ABRUZZO,1.0,0.3159886471144749
19680519,1968,PART.NAZ.MUT.COMB.IT,OTHER_LISTS,manual: generic/ideological/personalist/minor list,524,1.6642789768597255e-05,30,2,0.0186915887850467,1,MOLISE,1.0,0.5381679389312977
19720507,1972,MANIFESTO,OTHER_LISTS,manual: generic/ideological/personalist/minor list,222507,0.0067217102537989,9,101,0.9439252336448598,17,LOMBARDIA,0.1832032250670765,0.1067831573838126
19720507,1972,PPST,TERRITORIAL_LISTS,manual: South Tyrol/Trentino territorial list,152475,0.0046061147332353,10,2,0.0186915887850467,1,TRENTINO-ALTO ADIGE/SÜDTIROL,1.0,0.9242826692900477
19720507,1972,MOV.POL.LAV.,OTHER_LISTS,manual: generic/ideological/personalist/minor list,118759,0.0035875886512824,11,106,0.9906542056074766,19,LOMBARDIA,0.2296415429567443,0.0755984809572327
19720507,1972,PC(MARX-LEN)IT,OTHER_LISTS,manual: generic/ideological/personalist/minor list,85328,0.0025776721295786,12,85,0.794392523364486,15,LOMBARDIA,0.182109038064879,0.0989827489218076
19720507,1972,DC-UV-RV-PSDI,OTHER_LISTS,"manual: local projection of national coalition, not substantive territorial list",33835,0.0010221209509691,13,1,0.0093457943925233,1,VALLE D'AOSTA/VALLÉE D'AOSTE,1.0,1.0
19720507,1972,DEM.POP.,OTHER_LISTS,manual: generic/ideological/personalist/minor list,28624,0.0008647019388367173,14,1,0.0093457943925233,1,VALLE D'AOSTA/VALLÉE D'AOSTE,1.0,1.0
19720507,1972,PAPI,OTHER_LISTS,manual: generic/ideological/personalist/minor list,15273,0.0004613818023984482,15,5,0.0467289719626168,1,CAMPANIA,1.0,0.5438355267465462
19720507,1972,STELLA ROSSA-R.S.,OTHER_LISTS,manual: generic/ideological/personalist/minor list,9057,0.00027360276201942945,16,12,0.1121495327102803,3,LIGURIA,0.5248978690515623,0.2777961797504693
19720507,1972,AZ.CR.POP.,OTHER_LISTS,manual: generic/ideological/personalist/minor list,8955,0.0002705214457197737,17,9,0.0841121495327102,2,LAZIO,0.8062534896705751,0.6288107202680067
19720507,1972,RINN.DEM.NAZ.,OTHER_LISTS,manual: generic/ideological/personalist/minor list,5813,0.00017560482009704574,18,5,0.0467289719626168,1,PIEMONTE,1.0,0.7330122140030965
19720507,1972,PCS (MARX.-LEN.),OTHER_LISTS,manual: generic/ideological/personalist/minor list,2958,8.935817269001571e-05,19,5,0.0467289719626168,1,SICILIA,1.0,0.3130493576741041
19720507,1972,FR.NAZ.SIC.,TERRITORIAL_LISTS,manual: Sicilian territorial/localist list,2884,8.712270792359882e-05,20,4,0.0373831775700934,1,SICILIA,1.0,0.5162968099861304
19720507,1972,UN.FORZE DEM.,OTHER_LISTS,manual: generic/ideological/personalist/minor list,2175,6.570453874265862e-05,21,4,0.0373831775700934,1,LOMBARDIA,1.0,0.6731034482758621
19720507,1972,PART.AGRICOLTORI,OTHER_LISTS,manual: generic/ideological/personalist/minor list,1705,5.150631657757836e-05,22,2,0.0186915887850467,1,MOLISE,1.0,0.7214076246334311
19720507,1972,FR.UOMO QUALUNQUE,OTHER_LISTS,manual: generic/ideological/personalist/minor list,1012,3.057149112991748e-05,23,4,0.0373831775700934,1,LAZIO,1.0,0.8596837944664032
19760620,1976,PPST,TERRITORIAL_LISTS,manual: South Tyrol/Trentino territorial list,166379,0.0046009755243942,10,2,0.0186915887850467,1,TRENTINO-ALTO ADIGE/SÜDTIROL,1.0,0.8710474278604872
19760620,1976,PCI-PSI-PDUP,OTHER_LISTS,"manual: local projection of national coalition, not substantive territorial list",26743,0.0007395397763472211,11,1,0.0093457943925233,1,VALLE D'AOSTA/VALLÉE D'AOSTE,1.0,1.0
19760620,1976,DC-RV-UV-UVP-PRI,OTHER_LISTS,"manual: local projection of national coalition, not substantive territorial list",24080,0.0006658982842030095,12,1,0.0093457943925233,1,VALLE D'AOSTA/VALLÉE D'AOSTE,1.0,1.0
19760620,1976,DEM.POP-UVP M.REG,TERRITORIAL_LISTS,manual: Aosta/Valdostan territorial list,20210,0.0005588789170989544,13,1,0.0093457943925233,1,VALLE D'AOSTA/VALLÉE D'AOSTE,1.0,1.0
19760620,1976,NPP,OTHER_LISTS,manual: generic/ideological/personalist/minor list,10722,0.0002965017194030177,14,33,0.308411214953271,8,SICILIA,0.2848349188584219,0.1703973139339675
19760620,1976,UNIONE SLOVENA,TERRITORIAL_LISTS,manual: Friuli/Trieste/Slovenian territorial list,7541,0.0002085356711451368,15,5,0.0467289719626168,2,FRIULI-VENEZIA GIULIA,0.9802413473014188,0.6076117225832117
19760620,1976,TIROL.,TERRITORIAL_LISTS,manual: South Tyrol/Trentino territorial list,6860,0.00018970358096481084,16,2,0.0186915887850467,1,TRENTINO-ALTO ADIGE/SÜDTIROL,1.0,0.7927113702623907
19760620,1976,POE,OTHER_LISTS,manual: generic/ideological/personalist/minor list,5375,0.0001486380098667432,17,13,0.1214953271028037,3,LOMBARDIA,0.369860465116279,0.2645581395348837
19760620,1976,MOV.IND.TLT,TERRITORIAL_LISTS,manual: Friuli/Trieste/Slovenian territorial list,4535,0.00012540899995268473,18,1,0.0093457943925233,1,FRIULI-VENEZIA GIULIA,1.0,1.0
19760620,1976,P.DEM.,OTHER_LISTS,manual: generic/ideological/personalist/minor list,2774,7.6711039882855e-05,19,5,0.0467289719626168,1,EMILIA-ROMAGNA,1.0,0.4188896899783705
19760620,1976,PART.SIN.DEM.,OTHER_LISTS,manual: generic/ideological/personalist/minor list,1760,4.86703064865987e-05,20,2,0.0186915887850467,1,CAMPANIA,1.0,0.8125
19760620,1976,PART.BEN.CIV.,OTHER_LISTS,manual: generic/ideological/personalist/minor list,1299,3.592200461709756e-05,21,4,0.0373831775700934,1,SICILIA,1.0,0.4742109314857582
19790603,1979,NUOVA SIN.UNITA,OTHER_LISTS,manual: generic/ideological/personalist/minor list,287375,0.007880375691341,10,100,0.9345794392523364,18,LOMBARDIA,0.2351700739451935,0.12099173553719
19790603,1979,DN-CD,OTHER_LISTS,manual: generic/ideological/personalist/minor list,227853,0.0062481678726372,11,107,1.0,20,SICILIA,0.1741254229700728,0.103808157013513
19790603,1979,PPST,TERRITORIAL_LISTS,manual: South Tyrol/Trentino territorial list,201362,0.0055217336579723,12,2,0.0186915887850467,1,TRENTINO-ALTO ADIGE/SÜDTIROL,1.0,0.8478958294017739
19790603,1979,LISTA PER TRIESTE,TERRITORIAL_LISTS,manual: Friuli/Trieste/Slovenian territorial list,65053,0.0017838784857722,13,8,0.0747663551401869,4,FRIULI-VENEZIA GIULIA,0.9976480715724102,0.9616466573409372
19790603,1979,UNIONE VALDOSTANA-DEMPROL-PLI,TERRITORIAL_LISTS,manual: Aosta/Valdostan territorial list,33250,0.0009117790056097032,14,1,0.0093457943925233,1,VALLE D'AOSTA/VALLÉE D'AOSTE,1.0,1.0
19790603,1979,MOV.FRIULI,TERRITORIAL_LISTS,manual: Friuli/Trieste/Slovenian territorial list,32675,0.000896011398745776,15,5,0.0467289719626168,2,FRIULI-VENEZIA GIULIA,0.987911247130834,0.6376128538638103
19790603,1979,UNITA DELLA SINISTRA,OTHER_LISTS,manual: generic/ideological/personalist/minor list,23909,0.0006556308043645832,16,1,0.0093457943925233,1,VALLE D'AOSTA/VALLÉE D'AOSTE,1.0,1.0
19790603,1979,PS D'AZ.,TERRITORIAL_LISTS,manual: Sardinian territorial list,18178,0.0004984757522999454,17,5,0.0467289719626168,1,SARDEGNA,1.0,0.267136098580702
19790603,1979,DC-PSDI-PRI,OTHER_LISTS,"manual: local projection of national coalition, not substantive territorial list",13442,0.0003686055155911468,18,1,0.0093457943925233,1,VALLE D'AOSTA/VALLÉE D'AOSTE,1.0,1.0
19790603,1979,POE,OTHER_LISTS,manual: generic/ideological/personalist/minor list,7494,0.0002054999058056877,19,17,0.1588785046728972,4,LOMBARDIA,0.526287696824126,0.2284494262076327
19790603,1979,PARTITO POPOLARE ITALIANO,OTHER_LISTS,manual: generic/ideological/personalist/minor list,6536,0.00017922970167413594,20,14,0.1308411214953271,3,CAMPANIA,0.5824663402692778,0.2717258261933905
19790603,1979,FRONTE GIUST.SIC.,TERRITORIAL_LISTS,manual: Sicilian territorial/localist list,5104,0.00013996150510171203,21,5,0.0467289719626168,1,SICILIA,1.0,0.3634404388714733
19790603,1979,PART.CRIST.AZ.SOC.,OTHER_LISTS,manual: generic/ideological/personalist/minor list,3093,8.481601396543796e-05,22,3,0.02803738317757,1,LOMBARDIA,1.0,0.6475913352731976
19790603,1979,P.DEM.,OTHER_LISTS,manual: generic/ideological/personalist/minor list,3087,8.46514824155535e-05,23,5,0.0467289719626168,1,EMILIA-ROMAGNA,1.0,0.3676708778749595
19790603,1979,PART.BEN.CIV.,OTHER_LISTS,manual: generic/ideological/personalist/minor list,3043,8.34449177164008e-05,24,4,0.0373831775700934,1,SICILIA,1.0,0.5103516266841932
19790603,1979,PART.POP.CALAB.,TERRITORIAL_LISTS,manual: Southern/regional localist list,2934,8.045592789349983e-05,25,5,0.0467289719626168,1,CALABRIA,1.0,0.3946830265848671
19790603,1979,FR.NAZ.SIC.,TERRITORIAL_LISTS,manual: Sicilian territorial/localist list,2725,7.472474557252455e-05,26,4,0.0373831775700934,1,SICILIA,1.0,0.6223853211009174
19790603,1979,NPP,OTHER_LISTS,manual: generic/ideological/personalist/minor list,2130,5.840870020898249e-05,27,4,0.0373831775700934,1,LAZIO,1.0,0.7192488262910798
19790603,1979,ASS.VAL.IND,OTHER_LISTS,manual: generic/ideological/personalist/minor list,2088,5.7256979359791285e-05,28,4,0.0373831775700934,1,LAZIO,1.0,0.7092911877394636
19790603,1979,FIORE MARGHERITA,OTHER_LISTS,manual: generic/ideological/personalist/minor list,2064,5.659885316025345e-05,29,4,0.0373831775700934,1,ABRUZZO,1.0,0.6090116279069767
19790603,1979,MOV.POP.CRIST.,OTHER_LISTS,manual: generic/ideological/personalist/minor list,1905,5.223876708831532e-05,30,5,0.0467289719626168,1,SICILIA,1.0,0.3485564304461942
19790603,1979,PART.SIN.DEM.,OTHER_LISTS,manual: generic/ideological/personalist/minor list,1552,4.2558827570113066e-05,31,2,0.0186915887850467,1,CAMPANIA,1.0,0.8054123711340206
19790603,1979,PART.NAZ.PENS.,OTHER_LISTS,manual: generic/ideological/personalist/minor list,106,2.906724047958753e-06,32,4,0.0373831775700934,2,SARDEGNA,0.7547169811320755,0.6792452830188679
19790603,1979,DEM.PROL,OTHER_LISTS,manual: generic/ideological/personalist/minor list,96,2.6325047981513237e-06,33,4,0.0373831775700934,2,SARDEGNA,0.6770833333333334,0.5104166666666666
19790603,1979,MOV.ECOL.SARDO,TERRITORIAL_LISTS,manual: Sardinian territorial list,21,5.75860424595602e-07,34,2,0.0186915887850467,1,SARDEGNA,1.0,0.7142857142857143
19790603,1979,GIUST. E LIB.,OTHER_LISTS,manual: generic/ideological/personalist/minor list,2,5.484384996148591e-08,35,1,0.0093457943925233,1,SICILIA,1.0,1.0
19830626,1983,PPST,TERRITORIAL_LISTS,manual: South Tyrol/Trentino territorial list,184918,0.0050109514808264,11,2,0.0186915887850467,1,TRENTINO-ALTO ADIGE/SÜDTIROL,1.0,0.9090894342357152
19830626,1983,LIGA VENETA,TERRITORIAL_LISTS,manual: Veneto/Northern territorial list,125301,0.0033954359851341,12,10,0.0934579439252336,2,VENETO,0.988715173861342,0.2870288345663642
19830626,1983,LISTA PER TRIESTE,TERRITORIAL_LISTS,manual: Friuli/Trieste/Slovenian territorial list,92091,0.0024955035898116,13,92,0.8598130841121495,16,FRIULI-VENEZIA GIULIA,0.4611634144487517,0.4350805181831015
19830626,1983,PS D'AZ.,TERRITORIAL_LISTS,manual: Sardinian territorial list,91917,0.0024907884968641,14,5,0.0467289719626168,1,SARDEGNA,1.0,0.2819391407465431
19830626,1983,UV-UVP-D.POP.,TERRITORIAL_LISTS,manual: Aosta/Valdostan territorial list,28078,0.0007608642516068983,15,1,0.0093457943925233,1,VALLE D'AOSTA/VALLÉE D'AOSTE,1.0,1.0
19830626,1983,MOV.FRIULI,TERRITORIAL_LISTS,manual: Friuli/Trieste/Slovenian territorial list,26190,0.0007097027833031079,16,4,0.0373831775700934,2,FRIULI-VENEZIA GIULIA,0.992058037418862,0.7369224894998091
19830626,1983,PPTT,TERRITORIAL_LISTS,manual: South Tyrol/Trentino territorial list,18655,0.0005055175800885636,17,2,0.0186915887850467,1,TRENTINO-ALTO ADIGE/SÜDTIROL,1.0,0.875797373358349
19830626,1983,UN.DIF.PENS.,OTHER_LISTS,manual: generic/ideological/personalist/minor list,15182,0.00041140540878609335,18,4,0.0373831775700934,1,LAZIO,1.0,0.857923857199315
19830626,1983,PART.MON.NAZ.,OTHER_LISTS,manual: generic/ideological/personalist/minor list,13572,0.0003677772499041536,19,4,0.0373831775700934,1,LAZIO,1.0,0.8941939286766873
19830626,1983,PART.SUD.TIROL,TERRITORIAL_LISTS,manual: South Tyrol/Trentino territorial list,12270,0.0003324953475039761,20,2,0.0186915887850467,1,TRENTINO-ALTO ADIGE/SÜDTIROL,1.0,0.978321108394458
19830626,1983,UN.PEN.PENS.IT.,OTHER_LISTS,manual: generic/ideological/personalist/minor list,9944,0.00026946485212547177,21,9,0.0841121495327102,2,LAZIO,0.6564762670957361,0.5737127916331456
19830626,1983,UNIONE SLOVENA,TERRITORIAL_LISTS,manual: Friuli/Trieste/Slovenian territorial list,9433,0.0002556176538716387,22,5,0.0467289719626168,2,FRIULI-VENEZIA GIULIA,0.968408777695325,0.5854977207675183
19830626,1983,POE,OTHER_LISTS,manual: generic/ideological/personalist/minor list,8070,0.00021868275911630705,23,11,0.102803738317757,2,LOMBARDIA,0.6827757125154895,0.2400247831474597
19830626,1983,LISTA DI LOTTA,OTHER_LISTS,manual: generic/ideological/personalist/minor list,6861,0.00018592099260185657,24,4,0.0373831775700934,1,LAZIO,1.0,0.8166448039644366
19830626,1983,PART.CRIST.AZ.SOC.,OTHER_LISTS,manual: generic/ideological/personalist/minor list,6354,0.00017218218728934508,25,3,0.02803738317757,1,LOMBARDIA,1.0,0.6468366383380547
19830626,1983,VIV.LIB.,OTHER_LISTS,manual: generic/ideological/personalist/minor list,5257,0.00014245542313189914,26,4,0.0373831775700934,1,LOMBARDIA,1.0,0.7213239490203538
19830626,1983,FR.NAZ.SIC.,TERRITORIAL_LISTS,manual: Sicilian territorial/localist list,5228,0.0001416695743073176,27,4,0.0373831775700934,1,SICILIA,1.0,0.6907039020657996
19830626,1983,PART.NAZ.INQ.,OTHER_LISTS,manual: generic/ideological/personalist/minor list,4768,0.0001292043860553348,28,2,0.0186915887850467,1,CAMPANIA,1.0,0.9033137583892618
19830626,1983,MOV.ECOL.SARDO,TERRITORIAL_LISTS,manual: Sardinian territorial list,4263,0.00011551977721348413,29,5,0.0467289719626168,1,SARDEGNA,1.0,0.3804832277738681
19830626,1983,PLI-PRI-PSDI,OTHER_LISTS,manual: generic/ideological/personalist/minor list,4239,0.00011486941956555458,30,1,0.0093457943925233,1,VALLE D'AOSTA/VALLÉE D'AOSTE,1.0,1.0
19830626,1983,MOV.IND.TLT,TERRITORIAL_LISTS,manual: Friuli/Trieste/Slovenian territorial list,2913,7.893715951744764e-05,31,1,0.0093457943925233,1,FRIULI-VENEZIA GIULIA,1.0,1.0
19830626,1983,NUOVA SINISTRA,OTHER_LISTS,manual: generic/ideological/personalist/minor list,1852,5.018593183189599e-05,32,1,0.0093457943925233,1,VALLE D'AOSTA/VALLÉE D'AOSTE,1.0,1.0
19830626,1983,GIUST. E LIB.,OTHER_LISTS,manual: generic/ideological/personalist/minor list,1692,4.58502141790324e-05,33,5,0.0467289719626168,1,SICILIA,1.0,0.5455082742316785
19830626,1983,MOV.POP.CRIST.,OTHER_LISTS,manual: generic/ideological/personalist/minor list,1606,4.351976594061823e-05,34,5,0.0467289719626168,1,SICILIA,1.0,0.4146948941469489
19870614,1987,LIGA VENETA-PU,TERRITORIAL_LISTS,manual: Veneto/Northern territorial list,297359,0.0077341563638085,11,102,0.9532710280373832,19,VENETO,0.3238980491594335,0.0755988552557682
19870614,1987,PPST,TERRITORIAL_LISTS,manual: South Tyrol/Trentino territorial list,192992,0.0050196237711458,12,2,0.0186915887850467,1,TRENTINO-ALTO ADIGE/SÜDTIROL,1.0,0.8764301110926878
19870614,1987,LEGA LOMBARDA,TERRITORIAL_LISTS,manual: Veneto/Northern territorial list,185698,0.0048299105406143,13,11,0.102803738317757,2,LOMBARDIA,0.9994561061508472,0.2227487641223922
19870614,1987,PS D'AZ.,TERRITORIAL_LISTS,manual: Sardinian territorial list,168462,0.0043816109462297,14,106,0.9906542056074766,19,SARDEGNA,0.731737721266517,0.208355593546319
19870614,1987,PIEMONT-AUT.REG.,TERRITORIAL_LISTS,manual: Veneto/Northern territorial list,71880,0.0018695622443933,15,8,0.0747663551401869,1,PIEMONTE,1.0,0.60279632721202
19870614,1987,PIEMONT,TERRITORIAL_LISTS,manual: Veneto/Northern territorial list,61600,0.001602184672435,16,8,0.0747663551401869,1,PIEMONTE,1.0,0.7137175324675324
19870614,1987,CPA,OTHER_LISTS,manual: generic/ideological/personalist/minor list,55814,0.0014516937549884,17,20,0.1869158878504672,4,TOSCANA,0.3507363743863547,0.2479664600279499
19870614,1987,UV-ADP-PRI,TERRITORIAL_LISTS,manual: Aosta/Valdostan territorial list,41700,0.0010845957928659,18,1,0.0093457943925233,1,VALLE D'AOSTA/VALLÉE D'AOSTE,1.0,1.0
19870614,1987,DC-PCI-PSI-PSDI,OTHER_LISTS,"manual: local projection of national coalition, not substantive territorial list",29935,0.0007785941261256941,19,1,0.0093457943925233,1,VALLE D'AOSTA/VALLÉE D'AOSTE,1.0,1.0
19870614,1987,ALL.POP.,OTHER_LISTS,manual: generic/ideological/personalist/minor list,25223,0.0006560374024809881,20,106,0.9906542056074766,19,LOMBARDIA,0.1704000317170836,0.0692621813424255
19870614,1987,MOV.LIB.FISCALE,OTHER_LISTS,manual: generic/ideological/personalist/minor list,24850,0.0006463358621754968,21,14,0.1308411214953271,4,PIEMONTE,0.5303822937625755,0.4348088531187122
19870614,1987,ALL.PENS.,OTHER_LISTS,manual: generic/ideological/personalist/minor list,21274,0.0005533259208016708,22,4,0.0373831775700934,1,LAZIO,1.0,0.8884553915577701
19870614,1987,P.VERDE I.VER.E.,OTHER_LISTS,manual: generic/ideological/personalist/minor list,20895,0.0005434683235475657,23,7,0.0654205607476635,2,CAMPANIA,0.5230916487197894,0.4501076812634602
19870614,1987,MOV.VEN.REG.AUT,TERRITORIAL_LISTS,manual: Veneto/Northern territorial list,18941,0.0004926457772823374,24,4,0.0373831775700934,1,VENETO,1.0,0.425848688031255
19870614,1987,MOV.NAZ.IT.CACC.,OTHER_LISTS,manual: generic/ideological/personalist/minor list,14782,0.000384472302401537,25,8,0.0747663551401869,2,LOMBARDIA,0.5104857258828305,0.3684210526315789
19870614,1987,PNI-CACCIA PESCA,OTHER_LISTS,manual: generic/ideological/personalist/minor list,14251,0.0003706612624492155,26,4,0.0373831775700934,1,LAZIO,1.0,0.8216967230369798
19870614,1987,MOV.FRIULI,TERRITORIAL_LISTS,manual: Friuli/Trieste/Slovenian territorial list,12439,0.00032353206396784726,27,4,0.0373831775700934,2,FRIULI-VENEZIA GIULIA,0.988503899027253,0.7547230484765657
19870614,1987,PART.SUD.TIROL,TERRITORIAL_LISTS,manual: South Tyrol/Trentino territorial list,10636,0.0002766369509093997,28,2,0.0186915887850467,1,TRENTINO-ALTO ADIGE/SÜDTIROL,1.0,0.963426100037608
19870614,1987,VERDI IT.-P.ECOL,OTHER_LISTS,manual: generic/ideological/personalist/minor list,10139,0.0002637102336658898,29,5,0.0467289719626168,1,SARDEGNA,1.0,0.3574316993786369
19870614,1987,PARTIDU INDIP.,TERRITORIAL_LISTS,manual: Sardinian territorial list,9909,0.0002577280506356941,30,9,0.0841121495327102,2,SARDEGNA,0.7017862549197699,0.246745382985165
19870614,1987,ALL.UM.,OTHER_LISTS,manual: generic/ideological/personalist/minor list,5602,0.00014570517102241985,31,17,0.1588785046728972,4,LOMBARDIA,0.3248839700107104,0.2404498393430917
19870614,1987,NPP,OTHER_LISTS,manual: generic/ideological/personalist/minor list,5080,0.00013212821649301906,32,11,0.102803738317757,3,LAZIO,0.4828740157480315,0.4311023622047244
19870614,1987,GIUST. E LIB.,OTHER_LISTS,manual: generic/ideological/personalist/minor list,4793,0.0001246634924509922,33,5,0.0467289719626168,1,SICILIA,1.0,0.3914041310244106
19870614,1987,PART.NAZ.INQ.,OTHER_LISTS,manual: generic/ideological/personalist/minor list,2952,7.678001871799061e-05,34,2,0.0186915887850467,1,CAMPANIA,1.0,0.9170054200542004
19870614,1987,RINASCITA SIC.,TERRITORIAL_LISTS,manual: Sicilian territorial/localist list,2951,7.675400922655498e-05,35,5,0.0467289719626168,1,SICILIA,1.0,0.5249068112504236
19870614,1987,MOV.IND.TLT,TERRITORIAL_LISTS,manual: Friuli/Trieste/Slovenian territorial list,2072,5.3891666254632976e-05,36,1,0.0093457943925233,1,FRIULI-VENEZIA GIULIA,1.0,1.0
19920405,1992,LISTA REFERENDUM,OTHER_LISTS,manual: generic/ideological/personalist/minor list,319549,0.0081486959202408,13,106,0.9906542056074766,19,LOMBARDIA,0.1344801579726427,0.1114602142394437
19920405,1992,PARTITO PENSIONATI,OTHER_LISTS,manual: generic/ideological/personalist/minor list,220426,0.0056209984913581,14,58,0.5420560747663551,11,LOMBARDIA,0.3539056191193416,0.1257111230072677
19920405,1992,PPST,TERRITORIAL_LISTS,manual: South Tyrol/Trentino territorial list,198433,0.0050601634727104,15,2,0.0186915887850467,1,TRENTINO-ALTO ADIGE/SÜDTIROL,1.0,0.903302374101082
19920405,1992,CPA,OTHER_LISTS,manual: generic/ideological/personalist/minor list,192656,0.0049128464217065,16,71,0.6635514018691588,13,TOSCANA,0.2172888464413254,0.0649343908313263
19920405,1992,FEDERALISMO-PENS.UV.,TERRITORIAL_LISTS,manual: Aosta/Valdostan territorial list,154516,0.0039402529778279,17,106,0.9906542056074766,19,SARDEGNA,0.4500698956742344,0.1305754743845297
19920405,1992,LEGA AUT.VENETA,TERRITORIAL_LISTS,manual: Veneto/Northern territorial list,152280,0.0038832336034043,18,6,0.0560747663551401,1,VENETO,1.0,0.2132059364328868
19920405,1992,LA LEGA CAS-PENS.,OTHER_LISTS,manual: generic/ideological/personalist/minor list,133506,0.0034044850634102,19,33,0.308411214953271,6,LOMBARDIA,0.5766707114286999,0.1357242371129387
19920405,1992,LEGA ALPINA LUMBARDA,TERRITORIAL_LISTS,manual: Veneto/Northern territorial list,90791,0.0023152263073725,20,7,0.0654205607476635,1,LOMBARDIA,1.0,0.3724157680827394
19920405,1992,LEGA ALPINA PIEMONT,TERRITORIAL_LISTS,manual: Veneto/Northern territorial list,69631,0.0017756333007528,21,8,0.0747663551401869,1,PIEMONTE,1.0,0.4276543493558903
19920405,1992,LEGA D'AZIONE MERIDIONALE,TERRITORIAL_LISTS,manual: Southern/regional localist list,53732,0.0013701990279624,22,19,0.1775700934579439,5,PUGLIA,0.7193664855207326,0.6034020695302613
19920405,1992,MOV.VEN.REG.AUT,TERRITORIAL_LISTS,manual: Veneto/Northern territorial list,49031,0.0012503206383538,23,6,0.0560747663551401,1,VENETO,1.0,0.2838612306499969
19920405,1992,UNION VENETO,TERRITORIAL_LISTS,manual: Veneto/Northern territorial list,48805,0.0012445574994362,24,6,0.0560747663551401,1,VENETO,1.0,0.4386230918963221
19920405,1992,VERDI FEDERALISTI,OTHER_LISTS,manual: generic/ideological/personalist/minor list,42530,0.0010845411423219,25,15,0.1401869158878504,3,VENETO,0.4607100869974136,0.3075711262638138
19920405,1992,L.VALLE D'AOSTA,TERRITORIAL_LISTS,manual: Aosta/Valdostan territorial list,41398,0.0010556744465046,26,1,0.0093457943925233,1,VALLE D'AOSTA/VALLÉE D'AOSTE,1.0,1.0
19920405,1992,LG.LOMB.EUR.T.LIB.,OTHER_LISTS,manual: generic/ideological/personalist/minor list,33557,0.0008557241268022145,27,3,0.02803738317757,1,LOMBARDIA,1.0,0.5129779181690854
19920405,1992,GRUPPO DOLCHI-FOSSON,OTHER_LISTS,manual: generic/ideological/personalist/minor list,30719,0.0007833533823416046,28,1,0.0093457943925233,1,VALLE D'AOSTA/VALLÉE D'AOSTE,1.0,1.0
19920405,1992,LEGA DELLE LEGHE,OTHER_LISTS,manual: generic/ideological/personalist/minor list,27863,0.0007105236268167626,29,20,0.1869158878504672,6,BASILICATA,0.2914976851021067,0.249578293794638
19920405,1992,VERDI-VERDI,OTHER_LISTS,manual: generic/ideological/personalist/minor list,25848,0.0006591398882374361,30,5,0.0467289719626168,1,PIEMONTE,1.0,0.8042788610337357
19920405,1992,PART.AMORE,OTHER_LISTS,manual: generic/ideological/personalist/minor list,22388,0.0005709077614461358,31,4,0.0373831775700934,1,LAZIO,1.0,0.7939521172056458
19920405,1992,ALLEANZA LOMBARDA AUTONOMIA,TERRITORIAL_LISTS,manual: Veneto/Northern territorial list,15056,0.0003839372546155539,32,4,0.0373831775700934,1,LOMBARDIA,1.0,0.5838204038257173
19920405,1992,PARTIDU INDIP.,TERRITORIAL_LISTS,manual: Sardinian territorial list,15055,0.0003839117540008743,33,5,0.0467289719626168,1,SARDEGNA,1.0,0.2708734639654599
19920405,1992,PIEMONT LIBER,TERRITORIAL_LISTS,manual: Veneto/Northern territorial list,11248,0.0002868309139157645,34,5,0.0467289719626168,1,PIEMONTE,1.0,0.7654694167852063
19920405,1992,MOV.POL.DIF.AUTOMOB.,OTHER_LISTS,manual: generic/ideological/personalist/minor list,10056,0.0002564341812177212,35,15,0.1401869158878504,4,LAZIO,0.4160700079554494,0.3474542561654734
19920405,1992,LEGA MARCHE,OTHER_LISTS,manual: generic/ideological/personalist/minor list,8026,0.0002046679334182011,36,6,0.0560747663551401,2,MARCHE,0.9887864440568154,0.3073760279092948
19920405,1992,LEGA LAZIO,OTHER_LISTS,manual: generic/ideological/personalist/minor list,5915,0.00015083613582963612,37,4,0.0373831775700934,1,LAZIO,1.0,0.6566356720202874
19920405,1992,E.ROMAGNA-LG PADANA,TERRITORIAL_LISTS,manual: Veneto/Northern territorial list,5836,0.00014882158726995035,38,4,0.0373831775700934,1,EMILIA-ROMAGNA,1.0,0.34184372858122
19920405,1992,C.S.T.,OTHER_LISTS,manual: generic/ideological/personalist/minor list,5717,0.00014578701412308194,39,6,0.0560747663551401,2,MARCHE,0.9961518278817562,0.3797446213048802
19920405,1992,P.CRIST.DEMOCRAZIA,OTHER_LISTS,manual: generic/ideological/personalist/minor list,5039,0.0001284975973703358,40,4,0.0373831775700934,1,LAZIO,1.0,0.8148442151220481
19920405,1992,MOV.AUT.TOSCANO,OTHER_LISTS,manual: generic/ideological/personalist/minor list,4395,0.00011207520151669496,41,3,0.02803738317757,1,TOSCANA,1.0,0.7007963594994312
19920405,1992,LEGA MERID.D'IT.,TERRITORIAL_LISTS,manual: Southern/regional localist list,4053,0.0001033539912962832,42,4,0.0373831775700934,1,LOMBARDIA,1.0,0.7031828275351591
19920405,1992,PART.EUROPA 2000,OTHER_LISTS,manual: generic/ideological/personalist/minor list,3371,8.596257208481882e-05,43,8,0.0747663551401869,2,LIGURIA,0.5912192227825571,0.3761495105309997
19920405,1992,VIVERE INSIEME,OTHER_LISTS,manual: generic/ideological/personalist/minor list,2842,7.247274691932811e-05,44,4,0.0373831775700934,1,LAZIO,1.0,0.794862772695285
19920405,1992,PART.GIUSTIZIALISTA,OTHER_LISTS,manual: generic/ideological/personalist/minor list,2791,7.117221557067022e-05,45,4,0.0373831775700934,1,LAZIO,1.0,0.7355786456467216
19920405,1992,MOVIMENTO DELLE LIBERTA',OTHER_LISTS,manual: generic/ideological/personalist/minor list,2394,6.10484715428823e-05,46,5,0.0467289719626168,1,CALABRIA,1.0,0.6466165413533834
19920405,1992,MOV.EUR.AUTOMOB.,OTHER_LISTS,manual: generic/ideological/personalist/minor list,2094,5.339828713901234e-05,47,5,0.0467289719626168,1,EMILIA-ROMAGNA,1.0,0.43170964660936
19920405,1992,LG.NAZ.PROTESTA,OTHER_LISTS,manual: generic/ideological/personalist/minor list,1446,3.687388882665322e-05,48,4,0.0373831775700934,1,LAZIO,1.0,0.8125864453665284
19920405,1992,RINNOVAMENTO,OTHER_LISTS,manual: generic/ideological/personalist/minor list,1189,3.032023085400462e-05,49,4,0.0373831775700934,2,FRIULI-VENEZIA GIULIA,0.8107653490328006,0.4230445752733389
19920405,1992,LG.MERID.UN.NAZ.,TERRITORIAL_LISTS,manual: Southern/regional localist list,464,1.1832285211318877e-05,50,2,0.0186915887850467,1,BASILICATA,1.0,0.7349137931034483
19940327,1994,SVP,TERRITORIAL_LISTS,manual: South Tyrol/Trentino territorial list,231825,0.0059746041246507,13,3,0.02803738317757,2,TRENTINO-ALTO ADIGE/SÜDTIROL,0.9996592257090476,0.8036622452280815
19940327,1994,SOCIALDEMOCRAZIA,OTHER_LISTS,manual: generic/ideological/personalist/minor list,180203,0.0046441996638603,14,54,0.5046728971962616,11,PUGLIA,0.2135758006248508,0.0783227804198598
19940327,1994,PROGRAMMA ITALIA,OTHER_LISTS,manual: generic/ideological/personalist/minor list,150431,0.0038769143667651,15,7,0.0654205607476635,2,PUGLIA,0.7632402895679747,0.2367597104320253
19940327,1994,LEGA ALPINA LUMBARDA,TERRITORIAL_LISTS,manual: Veneto/Northern territorial list,136411,0.0035155903084125,16,13,0.1214953271028037,2,LOMBARDIA,0.9991276363343132,0.1788565438271107
19940327,1994,LEGA AUT.VENETA,TERRITORIAL_LISTS,manual: Veneto/Northern territorial list,105345,0.0027149559862453,17,8,0.0747663551401869,2,VENETO,0.9998196402297214,0.2481465660449001
19940327,1994,LEGA D'AZIONE MERIDIONALE,TERRITORIAL_LISTS,manual: Southern/regional localist list,59753,0.0015399569514084,18,6,0.0560747663551401,1,PUGLIA,1.0,0.8291633892858936
19940327,1994,LISTE VALDOSTANE,TERRITORIAL_LISTS,manual: Aosta/Valdostan territorial list,43700,0.0011262383273902,19,1,0.0093457943925233,1,VALLE D'AOSTA/VALLÉE D'AOSTE,1.0,1.0
19940327,1994,UN.POP.,OTHER_LISTS,manual: generic/ideological/personalist/minor list,36255,0.000934365459028197,20,4,0.0373831775700934,1,CAMPANIA,1.0,0.4549441456350848
19940327,1994,VERDI-VERDI,OTHER_LISTS,manual: generic/ideological/personalist/minor list,32823,0.0008459158036597024,21,1,0.0093457943925233,1,PIEMONTE,1.0,1.0
19940327,1994,SOLID.OCCUPAZ.SVILUP,OTHER_LISTS,manual: generic/ideological/personalist/minor list,32415,0.0008354008096648464,22,9,0.0841121495327102,1,SICILIA,1.0,0.2353231528613296
19940327,1994,PART.LEGGE NATURALE,OTHER_LISTS,manual: generic/ideological/personalist/minor list,25351,0.0006533470901068494,23,12,0.1121495327102803,5,VENETO,0.3404204962328902,0.2490237071515916
19940327,1994,PARTIDU INDIP.,TERRITORIAL_LISTS,manual: Sardinian territorial list,20792,0.0005358523410319755,24,5,0.0467289719626168,1,SARDEGNA,1.0,0.2827529819161216
19940327,1994,UNIONE DEM.ITALIANA,OTHER_LISTS,manual: generic/ideological/personalist/minor list,20085,0.0005176315058497128,25,4,0.0373831775700934,1,CAMPANIA,1.0,0.5492158327109783
19940327,1994,PROGRESSISTI,OTHER_LISTS,manual: generic/ideological/personalist/minor list,17942,0.00046240201533261375,26,1,0.0093457943925233,1,VALLE D'AOSTA/VALLÉE D'AOSTE,1.0,1.0
19940327,1994,UN.CRIST.RIF.,OTHER_LISTS,manual: generic/ideological/personalist/minor list,15768,0.0004063735914482585,27,1,0.0093457943925233,1,CAMPANIA,1.0,1.0
19940327,1994,PATTO SOLIDARIETA',OTHER_LISTS,manual: generic/ideological/personalist/minor list,15577,0.000401451131024196,28,4,0.0373831775700934,1,LIGURIA,1.0,0.6513449316299672
19940327,1994,LG.ANGELA BOSSI,OTHER_LISTS,manual: generic/ideological/personalist/minor list,15260,0.00039328139304289857,29,2,0.0186915887850467,1,LOMBARDIA,1.0,0.7451507208387942
19940327,1994,LEGA PER IL PIEMONTE,TERRITORIAL_LISTS,manual: Veneto/Northern territorial list,15062,0.0003881785283101008,30,1,0.0093457943925233,1,PIEMONTE,1.0,1.0
19940327,1994,ALL.MERIDIONALE,TERRITORIAL_LISTS,manual: Southern/regional localist list,14006,0.0003609632497351794,31,5,0.0467289719626168,1,CAMPANIA,1.0,0.4940739682993003
19940327,1994,ADA,OTHER_LISTS,manual: generic/ideological/personalist/minor list,12898,0.0003324078248667959,32,3,0.02803738317757,2,TRENTINO-ALTO ADIGE/SÜDTIROL,0.999922468599783,0.9261901069933324
19940327,1994,ALL.POP.,OTHER_LISTS,manual: generic/ideological/personalist/minor list,11928,0.00030740894208490787,33,6,0.0560747663551401,1,PUGLIA,1.0,0.4098759221998658
19940327,1994,INIZIATIVA POP.DEM.,OTHER_LISTS,manual: generic/ideological/personalist/minor list,11596,0.0002988526234420348,34,4,0.0373831775700934,1,VENETO,1.0,0.4097964815453604
19940327,1994,L'ARCA,OTHER_LISTS,manual: generic/ideological/personalist/minor list,11427,0.0002944971479882832,35,6,0.0560747663551401,2,CAMPANIA,0.6473265073947668,0.6473265073947668
19940327,1994,RIN.SALENTINA,TERRITORIAL_LISTS,manual: Southern/regional localist list,11419,0.0002942909716354429,36,6,0.0560747663551401,1,PUGLIA,1.0,0.840003502933707
19940327,1994,MOV.CRIST.DEM.,OTHER_LISTS,manual: generic/ideological/personalist/minor list,10875,0.0002802709796423016,37,4,0.0373831775700934,1,LAZIO,1.0,0.5131034482758621
19940327,1994,INSIEME PER SVILUPPO,OTHER_LISTS,manual: generic/ideological/personalist/minor list,10252,0.0002642149961648621,38,10,0.0934579439252336,1,TOSCANA,1.0,0.6879633242294186
19940327,1994,SOLID.PROGRESSO,OTHER_LISTS,manual: generic/ideological/personalist/minor list,10221,0.0002634160627976059,39,6,0.0560747663551401,1,PUGLIA,1.0,0.5240191762058507
19940327,1994,LISTA FRANCO GRECO,OTHER_LISTS,manual: generic/ideological/personalist/minor list,10215,0.0002632614305329757,40,5,0.0467289719626168,1,SICILIA,1.0,0.8543318649045522
19940327,1994,RINASCITA SOCIALISTA,OTHER_LISTS,manual: generic/ideological/personalist/minor list,9814,0.0002529268408468549,41,1,0.0093457943925233,1,CAMPANIA,1.0,1.0
19940327,1994,DEM.E SOLIDARIETA',OTHER_LISTS,manual: generic/ideological/personalist/minor list,9542,0.0002459168448502843,42,6,0.0560747663551401,1,PUGLIA,1.0,0.6064766296373926
19940327,1994,UNIONE MEDITERRANEA,TERRITORIAL_LISTS,manual: Southern/regional localist list,9186,0.00023674199714889032,43,7,0.0654205607476635,2,CALABRIA,0.6666666666666666,0.33137382974091
19940327,1994,MOV.MERIDIONALE,TERRITORIAL_LISTS,manual: Southern/regional localist list,8897,0.000229293876402534,44,5,0.0467289719626168,1,CALABRIA,1.0,0.3799033382038889
19940327,1994,DEMOCRAZIA SICILIANA,TERRITORIAL_LISTS,manual: Sicilian territorial/localist list,8407,0.0002166655747910648,45,5,0.0467289719626168,1,SICILIA,1.0,0.4573569644343999
19940327,1994,MOV.CATTOLICO DEM.,OTHER_LISTS,manual: generic/ideological/personalist/minor list,8344,0.00021504193601244728,46,2,0.0186915887850467,1,MOLISE,1.0,0.952301054650048
19940327,1994,RIFORMISTI IRPINI,TERRITORIAL_LISTS,manual: Southern/regional localist list,8262,0.00021292862839583407,47,4,0.0373831775700934,1,CAMPANIA,1.0,0.5488985717743887
19940327,1994,P.DEM.,OTHER_LISTS,manual: generic/ideological/personalist/minor list,7649,0.000197130365359445,48,9,0.0841121495327102,1,EMILIA-ROMAGNA,1.0,0.1862988625964178
19940327,1994,UNIONE POP.,OTHER_LISTS,manual: generic/ideological/personalist/minor list,7545,0.00019445007277252093,49,6,0.0560747663551401,1,PUGLIA,1.0,0.5125248508946322
19940327,1994,ALL.MUNICIPALITA',OTHER_LISTS,manual: generic/ideological/personalist/minor list,7431,0.0001915120597445465,50,4,0.0373831775700934,1,ABRUZZO,1.0,0.6273718207509084
19940327,1994,UTOPIA,OTHER_LISTS,manual: generic/ideological/personalist/minor list,6894,0.0001776724720601404,51,6,0.0560747663551401,1,PUGLIA,1.0,0.602697998259356
19940327,1994,MOV.REP.,OTHER_LISTS,manual: generic/ideological/personalist/minor list,6621,0.00017063670401946468,52,5,0.0467289719626168,1,SICILIA,1.0,0.651865277148467
19940327,1994,MOV.CRIST.VERITAS,OTHER_LISTS,manual: generic/ideological/personalist/minor list,6410,0.00016519880271330143,53,5,0.0467289719626168,1,CALABRIA,1.0,0.5839313572542901
19940327,1994,RINNOVAMENTO,OTHER_LISTS,manual: generic/ideological/personalist/minor list,6016,0.00015504461733591596,54,3,0.02803738317757,2,PIEMONTE,0.8470744680851063,0.8470744680851063
19940327,1994,RIN.DEMOCRATICO,OTHER_LISTS,manual: generic/ideological/personalist/minor list,5578,0.00014375646201790878,55,5,0.0467289719626168,1,SICILIA,1.0,0.4790247400501972
19940327,1994,LIBERAL DEM.EUROPEI,OTHER_LISTS,manual: generic/ideological/personalist/minor list,4751,0.00012244298154304135,56,5,0.0467289719626168,1,CALABRIA,1.0,0.5794569564302252
19940327,1994,INSIEME PER CAMBIARE,OTHER_LISTS,manual: generic/ideological/personalist/minor list,4588,0.00011824213835391997,57,2,0.0186915887850467,1,BASILICATA,1.0,0.8138622493461203
19940327,1994,P.POP.PROGRESSISTA,OTHER_LISTS,manual: generic/ideological/personalist/minor list,4554,0.00011736588885434862,58,2,0.0186915887850467,1,MOLISE,1.0,0.8605621431708388
19940327,1994,CENTRO DEMOCRATICO,OTHER_LISTS,manual: generic/ideological/personalist/minor list,4427,0.00011409283925300865,59,5,0.0467289719626168,1,SARDEGNA,1.0,0.3844590015812062
19940327,1994,MEDITERRANEO,TERRITORIAL_LISTS,manual: Southern/regional localist list,3821,9.847498052535489e-05,60,4,0.0373831775700934,1,SICILIA,1.0,0.4551164616592515
19940327,1994,MOV.LIBERALDEM.SOC.,OTHER_LISTS,manual: generic/ideological/personalist/minor list,3498,9.01506102794272e-05,61,5,0.0467289719626168,1,CALABRIA,1.0,0.6629502572898799
19940327,1994,ALL.PROGRAMMA,OTHER_LISTS,manual: generic/ideological/personalist/minor list,3376,8.700642089861242e-05,62,6,0.0560747663551401,1,PUGLIA,1.0,0.3936611374407583
19940327,1994,MOV.POP.CRIST.,OTHER_LISTS,manual: generic/ideological/personalist/minor list,3352,8.638789184009148e-05,63,5,0.0467289719626168,1,SICILIA,1.0,0.410799522673031
19940327,1994,MOV.EUR.LIB.CRIST.,OTHER_LISTS,manual: generic/ideological/personalist/minor list,2900,7.473892790461374e-05,64,1,0.0093457943925233,1,LAZIO,1.0,1.0
19940327,1994,IDEA CITTA',OTHER_LISTS,manual: generic/ideological/personalist/minor list,2803,7.223903962642494e-05,65,5,0.0467289719626168,1,CALABRIA,1.0,0.4520156974669996
19940327,1994,AUTONOMIA SOCIALISTA,TERRITORIAL_LISTS,manual: Explicit autonomy/independence localist list,2720,7.009995996570669e-05,66,2,0.0186915887850467,1,BASILICATA,1.0,0.7176470588235294
19940327,1994,ALL.PER I CASTELLI,OTHER_LISTS,manual: generic/ideological/personalist/minor list,2662,6.86051814076144e-05,67,1,0.0093457943925233,1,LAZIO,1.0,1.0
19940327,1994,CENTRO CRIST.DEM.,OTHER_LISTS,manual: generic/ideological/personalist/minor list,2646,6.819282870193379e-05,68,2,0.0186915887850467,1,MOLISE,1.0,0.5132275132275133
19940327,1994,DEM.E RINNOVAMENTO,OTHER_LISTS,manual: generic/ideological/personalist/minor list,2379,6.131169292588831e-05,69,1,0.0093457943925233,1,CAMPANIA,1.0,1.0
19960421,1996,MOV.SOC.TRICOLORE,OTHER_LISTS,manual: generic/ideological/personalist/minor list,338658,0.009016453194012,11,83,0.7757009345794392,15,LAZIO,0.1685299033242976,0.0910564640433711
19960421,1996,SOCIALISTA,OTHER_LISTS,manual: generic/ideological/personalist/minor list,149511,0.003980590842354,12,38,0.3551401869158878,9,CAMPANIA,0.2755449431814381,0.1111490124472446
19960421,1996,LEGA D'AZIONE MERIDIONALE,TERRITORIAL_LISTS,manual: Southern/regional localist list,72243,0.0019234024534929,13,6,0.0560747663551401,1,PUGLIA,1.0,0.889982420442119
19960421,1996,UNIONE NORD EST,TERRITORIAL_LISTS,manual: Veneto/Northern territorial list,63951,0.0017026356920854,14,4,0.0373831775700934,1,VENETO,1.0,0.3540054103923316
19960421,1996,UNION FUR SUD TIROL,TERRITORIAL_LISTS,manual: South Tyrol/Trentino territorial list,55502,0.0014776889521997,15,3,0.02803738317757,2,TRENTINO-ALTO ADIGE/SÜDTIROL,0.9998738784187956,0.8943821844257864
19960421,1996,MANI PULITE,OTHER_LISTS,manual: generic/ideological/personalist/minor list,44508,0.0011849839624609,16,29,0.2710280373831775,5,PUGLIA,0.3914801833378269,0.1567583355801204
19960421,1996,NOI SICILIANI-FNS,TERRITORIAL_LISTS,manual: Sicilian territorial/localist list,40845,0.0010874600059925,17,9,0.0841121495327102,1,SICILIA,1.0,0.2550373362712694
19960421,1996,PS D'AZ.,TERRITORIAL_LISTS,manual: Sardinian territorial list,37962,0.0010107028215813,18,5,0.0467289719626168,1,SARDEGNA,1.0,0.2651072124756335
19960421,1996,LISTE VALDOSTANE,TERRITORIAL_LISTS,manual: Aosta/Valdostan territorial list,37431,0.0009965654421424152,19,1,0.0093457943925233,1,VALLE D'AOSTA/VALLÉE D'AOSTE,1.0,1.0
19960421,1996,VERDI-VERDI,OTHER_LISTS,manual: generic/ideological/personalist/minor list,25787,0.0006865548090226406,20,1,0.0093457943925233,1,PIEMONTE,1.0,1.0
19960421,1996,SARDIGNA NATZIONE,TERRITORIAL_LISTS,manual: Sardinian territorial list,23322,0.0006209264845087069,21,5,0.0467289719626168,1,SARDEGNA,1.0,0.3444387273818712
19960421,1996,GR.INDIP.LIBERTA',OTHER_LISTS,manual: generic/ideological/personalist/minor list,17435,0.000464190603610724,22,6,0.0560747663551401,1,PUGLIA,1.0,0.3740177803269286
19960421,1996,POLO PER LE LIBERTA',OTHER_LISTS,"manual: local projection of national coalition, not substantive territorial list",15810,0.0004209264951583336,23,1,0.0093457943925233,1,VALLE D'AOSTA/VALLÉE D'AOSTE,1.0,1.0
19960421,1996,AMBIENTALISTI,OTHER_LISTS,manual: generic/ideological/personalist/minor list,15672,0.0004172523739482229,24,6,0.0560747663551401,1,PUGLIA,1.0,0.6050918836140888
19960421,1996,PART.UMANISTA,OTHER_LISTS,manual: generic/ideological/personalist/minor list,14804,0.0003941426840179615,25,14,0.1308411214953271,4,LOMBARDIA,0.4026614428532828,0.3570656579302891
19960421,1996,RINNOVAMENTO,OTHER_LISTS,manual: generic/ideological/personalist/minor list,14041,0.0003738285210953929,26,12,0.1121495327102803,4,SICILIA,0.623032547539349,0.2724164945516701
19960421,1996,PATTO PER L'AGRO,OTHER_LISTS,manual: generic/ideological/personalist/minor list,12304,0.0003275825171681301,27,4,0.0373831775700934,1,CAMPANIA,1.0,0.7762516254876463
19960421,1996,VALLE D'AOSTA-ULIVO,OTHER_LISTS,"manual: local projection of national coalition, not substantive territorial list",11526,0.0003068689932444625,28,1,0.0093457943925233,1,VALLE D'AOSTA/VALLÉE D'AOSTE,1.0,1.0
19960421,1996,MOV.RIN.IT.,OTHER_LISTS,manual: generic/ideological/personalist/minor list,8917,0.00023740680311997852,29,4,0.0373831775700934,1,CAMPANIA,1.0,0.6899181339015364
19960421,1996,MOV.AUT.TOSCANO,OTHER_LISTS,manual: generic/ideological/personalist/minor list,8607,0.00022915334243059945,30,10,0.0934579439252336,1,TOSCANA,1.0,0.3479725804577669
19960421,1996,PART.LEGGE NATURALE,OTHER_LISTS,manual: generic/ideological/personalist/minor list,8302,0.00022103300207492005,31,3,0.02803738317757,2,TRENTINO-ALTO ADIGE/SÜDTIROL,0.9996386412912552,0.7887256082871598
19960421,1996,NUOVA DEMOCRAZIA,OTHER_LISTS,manual: generic/ideological/personalist/minor list,8161,0.00021727900866458952,32,9,0.0841121495327102,1,EMILIA-ROMAGNA,1.0,0.3032716578850631
19960421,1996,DEMOCRAZIA SOCIALE,OTHER_LISTS,manual: generic/ideological/personalist/minor list,8003,0.0002130724061196802,33,1,0.0093457943925233,1,CAMPANIA,1.0,1.0
19960421,1996,FEDERALISTI LIBERALI,OTHER_LISTS,manual: generic/ideological/personalist/minor list,6479,0.00017249732840802297,34,4,0.0373831775700934,1,SICILIA,1.0,0.5047075165920667
19960421,1996,PER LE MARCHE,OTHER_LISTS,manual: generic/ideological/personalist/minor list,5545,0.00014763045007292597,35,6,0.0560747663551401,2,MARCHE,0.9931469792605953,0.6211000901713255
19960421,1996,NUOVE ENERGIE,OTHER_LISTS,manual: generic/ideological/personalist/minor list,5477,0.00014582001353461056,36,1,0.0093457943925233,1,PIEMONTE,1.0,1.0
19960421,1996,SVILUPPO-LEGALITA',OTHER_LISTS,manual: generic/ideological/personalist/minor list,5003,0.00013320020589988255,37,1,0.0093457943925233,1,CAMPANIA,1.0,1.0
19960421,1996,NORD LIBERO AUT.,TERRITORIAL_LISTS,manual: Veneto/Northern territorial list,4961,0.00013208199509680537,38,4,0.0373831775700934,1,FRIULI-VENEZIA GIULIA,1.0,0.3729086877645636
19960421,1996,PART.FEDERAL.,OTHER_LISTS,manual: generic/ideological/personalist/minor list,3769,0.00010034610754280576,39,1,0.0093457943925233,1,PIEMONTE,1.0,1.0
19960421,1996,RISORGIMENTO DEL SUD,TERRITORIAL_LISTS,manual: Southern/regional localist list,3044,8.104365915635468e-05,40,2,0.0186915887850467,1,MOLISE,1.0,0.9411957950065704
20010513,2001,NUOVO PSI,OTHER_LISTS,manual: generic/ideological/personalist/minor list,352329,0.0095186689419537,13,95,0.8878504672897196,18,SICILIA,0.1205804801761989,0.0510148185360841
20010513,2001,SVP,TERRITORIAL_LISTS,manual: South Tyrol/Trentino territorial list,200056,0.0054047973168586,14,3,0.02803738317757,2,TRENTINO-ALTO ADIGE/SÜDTIROL,0.9998900307913784,0.907890790578638
20010513,2001,FIAMMA TRICOLORE,OTHER_LISTS,manual: generic/ideological/personalist/minor list,142074,0.0038383311372584,15,38,0.3551401869158878,10,PUGLIA,0.2441755704773568,0.1099497444993454
20010513,2001,LIGA FRONTE VENETO,TERRITORIAL_LISTS,manual: Veneto/Northern territorial list,74335,0.0020082657283395,16,8,0.0747663551401869,2,VENETO,0.9997847581892784,0.2656083944306181
20010513,2001,PARTITO PENSIONATI,OTHER_LISTS,manual: generic/ideological/personalist/minor list,66028,0.0017838403109006,17,8,0.0747663551401869,1,LOMBARDIA,1.0,0.3074301811352759
20010513,2001,PS D'AZ-SARD.NATZ.,TERRITORIAL_LISTS,manual: Sardinian territorial list,34345,0.0009278790131138792,18,5,0.0467289719626168,1,SARDEGNA,1.0,0.3629058087057796
20010513,2001,PAESE NUOVO,OTHER_LISTS,manual: generic/ideological/personalist/minor list,33345,0.000900862591127742,19,71,0.6635514018691588,16,SICILIA,0.1895336632178737,0.0673864147548358
20010513,2001,ABOLIZIONE SCORPORO,OTHER_LISTS,manual: generic/ideological/personalist/minor list,26727,0.0007220679104234868,20,106,0.9906542056074766,19,LOMBARDIA,0.1305421483892692,0.0676843641261645
20010513,2001,LISTE VALDOSTANE,TERRITORIAL_LISTS,manual: Aosta/Valdostan territorial list,25577,0.000690999025139429,21,1,0.0093457943925233,1,VALLE D'AOSTA/VALLÉE D'AOSTE,1.0,1.0
20010513,2001,LEGA D'AZIONE MERIDIONALE,TERRITORIAL_LISTS,manual: Southern/regional localist list,23812,0.000643315040333897,22,6,0.0560747663551401,1,PUGLIA,1.0,0.8196287586091047
20010513,2001,FRONTE NAZIONALE,OTHER_LISTS,manual: generic/ideological/personalist/minor list,23230,0.0006275914827379652,23,7,0.0654205607476635,3,LAZIO,0.5011192423590185,0.5011192423590185
20010513,2001,VERDI-VERDI,OTHER_LISTS,manual: generic/ideological/personalist/minor list,18251,0.0004930767176689885,24,1,0.0093457943925233,1,PIEMONTE,1.0,1.0
20010513,2001,CASA DELLE LIBERTA',OTHER_LISTS,"manual: local projection of national coalition, not substantive territorial list",16049,0.0004335865564555146,25,1,0.0093457943925233,1,VALLE D'AOSTA/VALLÉE D'AOSTE,1.0,1.0
20010513,2001,FORZA NUOVA,OTHER_LISTS,manual: generic/ideological/personalist/minor list,13535,0.0003656672715823659,26,5,0.0467289719626168,2,VENETO,0.7420022164758034,0.3736239379386775
20010513,2001,LISTA AMADU,OTHER_LISTS,manual: generic/ideological/personalist/minor list,11513,0.00031104006632639664,27,5,0.0467289719626168,1,SARDEGNA,1.0,0.8730131156084426
20010513,2001,REPUBBLICANI EUROPEI,OTHER_LISTS,manual: generic/ideological/personalist/minor list,7983,0.0002156720967153326,28,6,0.0560747663551401,2,MARCHE,0.989352373794313,0.4956783164223975
20010513,2001,NOI SICILIANI,TERRITORIAL_LISTS,manual: Sicilian territorial/localist list,7798,0.00021067405864789724,29,5,0.0467289719626168,1,SICILIA,1.0,0.4175429597332649
20010513,2001,LIBERI E FORTI,OTHER_LISTS,manual: generic/ideological/personalist/minor list,7250,0.0001958690593994941,30,4,0.0373831775700934,1,CAMPANIA,1.0,0.4328275862068965
20010513,2001,SOCIAL.AUTON.,OTHER_LISTS,manual: generic/ideological/personalist/minor list,6775,0.00018303625895607897,31,4,0.0373831775700934,1,CAMPANIA,1.0,0.5439114391143911
20010513,2001,MOVIMENTO DELLE LIBERTA',OTHER_LISTS,manual: generic/ideological/personalist/minor list,6772,0.00018295520969012057,32,4,0.0373831775700934,1,CAMPANIA,1.0,0.4802126402835204
20010513,2001,LISTA ALTERNATIVA,OTHER_LISTS,manual: generic/ideological/personalist/minor list,6612,0.00017863258217233862,33,1,0.0093457943925233,1,VALLE D'AOSTA/VALLÉE D'AOSTE,1.0,1.0
20010513,2001,LIBDEM.BASTA,OTHER_LISTS,manual: generic/ideological/personalist/minor list,6022,0.00016269289320051773,34,6,0.0560747663551401,1,LOMBARDIA,1.0,0.4310860179342411
20010513,2001,COMUNISMO,OTHER_LISTS,manual: generic/ideological/personalist/minor list,5203,0.00014056644359387142,35,10,0.0934579439252336,1,TOSCANA,1.0,0.230828368249087
20010513,2001,TERZO POLO AUTONOMIA,TERRITORIAL_LISTS,manual: Explicit autonomy/independence localist list,2913,7.869883724561742e-05,36,4,0.0373831775700934,1,FRIULI-VENEZIA GIULIA,1.0,0.7552351527634741
20060409,2006,PARTITO PENSIONATI,OTHER_LISTS,manual: generic/ideological/personalist/minor list,334870,0.0087610762391015,12,107,1.0,20,LOMBARDIA,0.3260668319049183,0.0915907665661301
20060409,2006,DEM.CRIST.-NUOVO PSI,OTHER_LISTS,manual: generic/ideological/personalist/minor list,285448,0.0074680672807329,13,103,0.9626168224299064,19,CAMPANIA,0.1861494913259157,0.094153751296208
20060409,2006,ALTERNATIVA SOCIALE MUSSOLINI,OTHER_LISTS,manual: generic/ideological/personalist/minor list,256965,0.0067228774025165,14,107,1.0,20,LOMBARDIA,0.1585857996225166,0.1012511431517911
20060409,2006,FIAMMA TRICOLORE,OTHER_LISTS,manual: generic/ideological/personalist/minor list,231550,0.0060579544395256,15,107,1.0,20,LAZIO,0.1530770891816022,0.1080155473979702
20060409,2006,SVP,TERRITORIAL_LISTS,manual: South Tyrol/Trentino territorial list,182703,0.0047799889871071,16,2,0.0186915887850467,1,TRENTINO-ALTO ADIGE/SÜDTIROL,1.0,0.9084032555568328
20060409,2006,I SOCIALISTI,OTHER_LISTS,manual: generic/ideological/personalist/minor list,115090,0.003011055825718,17,35,0.3271028037383177,8,PUGLIA,0.3387957250847163,0.1465461812494569
20060409,2006,PROGETTO NORDEST,TERRITORIAL_LISTS,manual: Veneto/Northern territorial list,92079,0.0024090277989077,18,11,0.102803738317757,2,VENETO,0.9426905157527776,0.3448560475244084
20060409,2006,LISTA CONSUMATORI,OTHER_LISTS,manual: generic/ideological/personalist/minor list,73687,0.0019278449094594,19,20,0.1869158878504672,4,CALABRIA,0.7904515043359073,0.2656913702552689
20060409,2006,NO EURO,OTHER_LISTS,manual: generic/ideological/personalist/minor list,58704,0.0015358503883304,20,63,0.5887850467289719,10,LOMBARDIA,0.2310915780866721,0.0897553829381302
20060409,2006,ALLEANZA LOMBARDA AUTONOMIA,TERRITORIAL_LISTS,manual: Veneto/Northern territorial list,44573,0.0011661464186265,21,6,0.0560747663551401,1,LOMBARDIA,1.0,0.3210688084714962
20060409,2006,AUT.LIB. DEMOCRATIE,TERRITORIAL_LISTS,manual: Aosta/Valdostan territorial list,34168,0.0008939243674787866,22,1,0.0093457943925233,1,VALLE D'AOSTA/VALLÉE D'AOSTE,1.0,1.0
20060409,2006,PENSIONATI UNITI,OTHER_LISTS,manual: generic/ideological/personalist/minor list,27818,0.0007277917365524726,23,24,0.2242990654205607,5,VENETO,0.3633618520382486,0.1565533108059529
20060409,2006,VALLEE D'AOSTE,TERRITORIAL_LISTS,manual: Aosta/Valdostan territorial list,24119,0.0006310162087105143,24,1,0.0093457943925233,1,VALLE D'AOSTA/VALLÉE D'AOSTE,1.0,1.0
20060409,2006,LIGA FRONTE VENETO,TERRITORIAL_LISTS,manual: Veneto/Northern territorial list,22010,0.0005758392451477433,25,8,0.0747663551401869,2,VENETO,0.9999091322126308,0.2723761926397092
20060409,2006,AMBIENTA-LISTA,OTHER_LISTS,manual: generic/ideological/personalist/minor list,17372,0.0004544970180239253,26,21,0.1962616822429906,6,CAMPANIA,0.2689960856550771,0.2398687543172921
20060409,2006,DIE FREIHEITLICHEN,TERRITORIAL_LISTS,manual: South Tyrol/Trentino territorial list,17167,0.00044913368112000496,27,2,0.0186915887850467,1,TRENTINO-ALTO ADIGE/SÜDTIROL,1.0,0.969185064367682
20060409,2006,TERZO POLO,OTHER_LISTS,manual: generic/ideological/personalist/minor list,16234,0.0004247239575524064,28,12,0.1121495327102803,4,CAMPANIA,0.5927066650240237,0.3091659480103486
20060409,2006,FI-AN,OTHER_LISTS,"manual: local projection of national coalition, not substantive territorial list",13374,0.0003498988670879564,29,1,0.0093457943925233,1,VALLE D'AOSTA/VALLÉE D'AOSTE,1.0,1.0
20060409,2006,P.LIBERALE ITALIANO,OTHER_LISTS,manual: generic/ideological/personalist/minor list,12308,0.0003220095151875704,30,16,0.1495327102803738,3,SICILIA,0.4848878778030549,0.1514462138446538
20060409,2006,IRS,TERRITORIAL_LISTS,manual: Sardinian territorial list,11649,0.0003047683492378947,31,5,0.0467289719626168,1,SARDEGNA,1.0,0.3547085586745643
20060409,2006,SARDIGNA NATZIONE,TERRITORIAL_LISTS,manual: Sardinian territorial list,11000,0.0002877888094786541,32,5,0.0467289719626168,1,SARDEGNA,1.0,0.3399090909090909
20060409,2006,S.O.S. ITALIA,OTHER_LISTS,manual: generic/ideological/personalist/minor list,6956,0.00018198717806668343,33,19,0.1775700934579439,3,VENETO,0.3615583668775158,0.1150086256469235
20060409,2006,SOLIDARIETA',OTHER_LISTS,manual: generic/ideological/personalist/minor list,5878,0.00015378387473777535,34,14,0.1308411214953271,3,VENETO,0.4530452534875808,0.1776114324600204
20060409,2006,MOV.DEM.SIC-NOI SIC.,TERRITORIAL_LISTS,manual: Sicilian territorial/localist list,5176,0.0001354177161692285,35,4,0.0373831775700934,1,SICILIA,1.0,0.6186244204018547
20060409,2006,PER IL SUD,TERRITORIAL_LISTS,manual: Southern/regional localist list,5130,0.00013421423569322686,36,5,0.0467289719626168,1,CALABRIA,1.0,0.3083820662768031
20060409,2006,MOVIMENTO TRIVENETO,TERRITORIAL_LISTS,manual: Veneto/Northern territorial list,4518,0.00011820271283859627,37,4,0.0373831775700934,1,VENETO,1.0,0.3694112439132359
20060409,2006,DIMENSIONE CHRISTIANA,OTHER_LISTS,manual: generic/ideological/personalist/minor list,2447,6.401992879947877e-05,38,6,0.0560747663551401,1,PUGLIA,1.0,0.2689006947282387
20060409,2006,LEGA NORD V.D'AOSTE,TERRITORIAL_LISTS,manual: Aosta/Valdostan territorial list,1566,4.0970661422142936e-05,39,1,0.0093457943925233,1,VALLE D'AOSTA/VALLÉE D'AOSTE,1.0,1.0
20060409,2006,DESTRA NAZIONALE,OTHER_LISTS,manual: generic/ideological/personalist/minor list,1088,2.846492951934324e-05,40,4,0.0373831775700934,1,ABRUZZO,1.0,0.2867647058823529
20060409,2006,LEGA SUD,TERRITORIAL_LISTS,manual: Southern/regional localist list,847,2.215973832985637e-05,41,1,0.0093457943925233,1,CAMPANIA,1.0,1.0
20080413,2008,PARTITO SOCIALISTA,OTHER_LISTS,manual: generic/ideological/personalist/minor list,355581,0.0097346828653582,9,106,0.9906542056074766,19,CAMPANIA,0.1394281471732179,0.0517941059842904
20080413,2008,PARTITO COMUNISTA DEI LAVORATORI,OTHER_LISTS,manual: generic/ideological/personalist/minor list,208394,0.0057051684455678,10,106,0.9906542056074766,19,LOMBARDIA,0.1613818056182039,0.0582694319414186
20080413,2008,SINISTRA CRITICA,OTHER_LISTS,manual: generic/ideological/personalist/minor list,167673,0.004590356290362,11,106,0.9906542056074766,19,LOMBARDIA,0.1551770410262833,0.0819631067613748
20080413,2008,SVP,TERRITORIAL_LISTS,manual: South Tyrol/Trentino territorial list,147666,0.0040426279244278,12,2,0.0186915887850467,1,TRENTINO-ALTO ADIGE/SÜDTIROL,1.0,0.8980537158181301
20080413,2008,"ASS.DIFESA DELLA VITA ABORTO?NO,GRAZIE",OTHER_LISTS,manual: generic/ideological/personalist/minor list,135578,0.0037116967259767,13,104,0.97196261682243,18,LOMBARDIA,0.2096136541326763,0.0835312513829677
20080413,2008,PER IL BENE COMUNE,OTHER_LISTS,manual: generic/ideological/personalist/minor list,119420,0.0032693418033614,14,101,0.9439252336448598,19,LOMBARDIA,0.1600318204655836,0.0598475967174677
20080413,2008,FORZA NUOVA,OTHER_LISTS,manual: generic/ideological/personalist/minor list,108837,0.0029796127436983,15,84,0.7850467289719626,15,LAZIO,0.1988570063489438,0.157115686760936
20080413,2008,P.LIBERALE ITALIANO,OTHER_LISTS,manual: generic/ideological/personalist/minor list,103760,0.0028406205452754,16,100,0.9345794392523364,19,TOSCANA,0.1148708558211256,0.070508866615266
20080413,2008,UNIONE DEMOCRATICA PER I CONSUMATORI,OTHER_LISTS,manual: generic/ideological/personalist/minor list,91486,0.0025045972552531,17,106,0.9906542056074766,19,LOMBARDIA,0.1533895896639923,0.0694313884091555
20080413,2008,LISTA DEI GRILLI PARLANTI,OTHER_LISTS,manual: generic/ideological/personalist/minor list,66844,0.0018299772525866,18,35,0.3271028037383177,7,VENETO,0.3366046316797319,0.131260846149243
20080413,2008,LG.VENETA REPUBBLICA,TERRITORIAL_LISTS,manual: Veneto/Northern territorial list,31353,0.0008583459517735125,19,4,0.0373831775700934,1,VENETO,1.0,0.3594233406691545
20080413,2008,AUT.LIB. DEMOCRATIE,TERRITORIAL_LISTS,manual: Aosta/Valdostan territorial list,29311,0.0008024424518366161,20,1,0.0093457943925233,1,VALLE D'AOSTA/VALLÉE D'AOSTE,1.0,1.0
20080413,2008,VALLEE D'AOSTE,TERRITORIAL_LISTS,manual: Aosta/Valdostan territorial list,28349,0.0007761059352160019,21,1,0.0093457943925233,1,VALLE D'AOSTA/VALLÉE D'AOSTE,1.0,1.0
20080413,2008,DIE FREIHEITLICHEN,TERRITORIAL_LISTS,manual: South Tyrol/Trentino territorial list,28347,0.0007760511815431939,22,2,0.0186915887850467,1,TRENTINO-ALTO ADIGE/SÜDTIROL,1.0,0.9956609164991004
20080413,2008,M.E.D.A.,OTHER_LISTS,manual: generic/ideological/personalist/minor list,16449,0.0004503215820088192,23,29,0.2710280373831775,7,TOSCANA,0.3063408109915496,0.2035990029789045
20080413,2008,PS D'AZ.,TERRITORIAL_LISTS,manual: Sardinian territorial list,14856,0.0004067102816173031,24,5,0.0467289719626168,1,SARDEGNA,1.0,0.2598276790522348
20080413,2008,LEGA PER L'AUTONOMIA ALL.LOMB. LEGA PENS,TERRITORIAL_LISTS,manual: Explicit autonomy/independence localist list,14003,0.00038335784016472097,25,7,0.0654205607476635,2,LOMBARDIA,0.9990002142398058,0.2850817681925301
20080413,2008,UNION FUR SUD TIROL,TERRITORIAL_LISTS,manual: South Tyrol/Trentino territorial list,12836,0.00035140907208129385,26,2,0.0186915887850467,1,TRENTINO-ALTO ADIGE/SÜDTIROL,1.0,0.9693829853536928
20080413,2008,SARDIGNA NATZIONE,TERRITORIAL_LISTS,manual: Sardinian territorial list,7182,0.00019662043905327616,27,5,0.0467289719626168,1,SARDEGNA,1.0,0.3609022556390977
20080413,2008,LEGA SUD,TERRITORIAL_LISTS,manual: Southern/regional localist list,4346,0.0001189797310116316,28,1,0.0093457943925233,1,CAMPANIA,1.0,1.0
20080413,2008,L'INTESA VENETA,TERRITORIAL_LISTS,manual: Veneto/Northern territorial list,2388,6.537588533266826e-05,29,4,0.0373831775700934,1,VENETO,1.0,0.4882747068676717
20080413,2008,PARTITO DI ALTERNATIVA COMUNISTA,OTHER_LISTS,manual: generic/ideological/personalist/minor list,2049,5.609513779172415e-05,30,4,0.0373831775700934,1,LAZIO,1.0,0.3387018057589068
20080413,2008,IL LOTO,OTHER_LISTS,manual: generic/ideological/personalist/minor list,1799,4.925092869073292e-05,31,1,0.0093457943925233,1,LAZIO,1.0,1.0
20080413,2008,AZ.SOCIALE MUSSOLINI,OTHER_LISTS,manual: generic/ideological/personalist/minor list,1066,2.918370760662662e-05,32,1,0.0093457943925233,1,VALLE D'AOSTA/VALLÉE D'AOSTE,1.0,1.0
20080413,2008,MOVIMENTO P.P.A.,OTHER_LISTS,manual: generic/ideological/personalist/minor list,945,2.587111040174686e-05,33,1,0.0093457943925233,1,PIEMONTE,1.0,1.0
20130224,2013,LA DESTRA,OTHER_LISTS,manual: generic/ideological/personalist/minor list,219671,0.0064466988793735,11,102,0.9532710280373832,19,LAZIO,0.2805286086920895,0.1939946556441223
20130224,2013,CENTRO DEMOCRATICO,OTHER_LISTS,manual: generic/ideological/personalist/minor list,167071,0.0049030433169413,12,104,0.97196261682243,18,PUGLIA,0.1906494843509645,0.0985569009582752
20130224,2013,FUTURO E LIBERTA',OTHER_LISTS,manual: generic/ideological/personalist/minor list,159415,0.0046783621955348,13,104,0.97196261682243,18,CAMPANIA,0.1858419847567669,0.0930339052159458
20130224,2013,GRANDE SUD - MPA,OTHER_LISTS,manual: generic/ideological/personalist/minor list,148549,0.0043594769989305,14,56,0.5233644859813084,12,SICILIA,0.3137483254683639,0.1503140377922436
20130224,2013,SVP,TERRITORIAL_LISTS,manual: South Tyrol/Trentino territorial list,146804,0.0043082663723821,15,2,0.0186915887850467,1,TRENTINO-ALTO ADIGE/SÜDTIROL,1.0,0.90020707882619
20130224,2013,PARTITO COMUNISTA DEI LAVORATORI,OTHER_LISTS,manual: generic/ideological/personalist/minor list,89991,0.0026409716296357,16,66,0.616822429906542,14,TOSCANA,0.1669944772255003,0.0880865864364214
20130224,2013,FORZA NUOVA,OTHER_LISTS,manual: generic/ideological/personalist/minor list,89802,0.0026354250345539,17,88,0.822429906542056,14,LOMBARDIA,0.1462105521035166,0.0920469477294492
20130224,2013,MIR - MODERATI IN RIVOLUZIONE,OTHER_LISTS,manual: generic/ideological/personalist/minor list,81978,0.0024058136064081,18,92,0.8598130841121495,16,CAMPANIA,0.191917343677572,0.0890848764302617
20130224,2013,LISTA AMNISTIA GIUSTIZIA LIBERTA',OTHER_LISTS,manual: generic/ideological/personalist/minor list,64713,0.0018991365477505,19,56,0.5233644859813084,10,CAMPANIA,0.1920634184785128,0.1279341090661845
20130224,2013,PARTITO PENSIONATI,OTHER_LISTS,manual: generic/ideological/personalist/minor list,54857,0.0016098918857099,20,21,0.1962616822429906,5,CAMPANIA,0.2694642433964672,0.2249485024700585
20130224,2013,DIE FREIHEITLICHEN,TERRITORIAL_LISTS,manual: South Tyrol/Trentino territorial list,48317,0.0014179620876433,21,2,0.0186915887850467,1,TRENTINO-ALTO ADIGE/SÜDTIROL,1.0,0.9858641885878676
20130224,2013,CASAPOUND ITALIA,OTHER_LISTS,manual: generic/ideological/personalist/minor list,48132,0.0014125328808172,22,57,0.5327102803738317,12,LAZIO,0.3375924540846007,0.2479016039225463
20130224,2013,FIAMMA TRICOLORE,OTHER_LISTS,manual: generic/ideological/personalist/minor list,44744,0.0013131050282408,23,40,0.3738317757009345,9,LOMBARDIA,0.2487931342749866,0.1288217414625424
20130224,2013,IO AMO L'ITALIA,OTHER_LISTS,manual: generic/ideological/personalist/minor list,42527,0.00124804258752,24,54,0.5046728971962616,9,LOMBARDIA,0.2379194394149599,0.078491311402168
20130224,2013,INDIPENDENZA VENETA,TERRITORIAL_LISTS,manual: Veneto/Northern territorial list,33274,0.0009764942050260428,25,8,0.0747663551401869,2,VENETO,0.9997295185430064,0.3151710043878103
20130224,2013,LIBERALI PER L'ITALIA - PLI,OTHER_LISTS,manual: generic/ideological/personalist/minor list,28025,0.0008224514664859904,26,25,0.2336448598130841,5,CAMPANIA,0.3865834076717216,0.1765209634255129
20130224,2013,INTESA POPOLARE,OTHER_LISTS,manual: generic/ideological/personalist/minor list,25632,0.0007522239425145017,27,42,0.3925233644859813,10,CAMPANIA,0.2838639200998751,0.1379915730337078
20130224,2013,PS D'AZ.,TERRITORIAL_LISTS,manual: Sardinian territorial list,18585,0.0005454151830380779,28,5,0.0467289719626168,1,SARDEGNA,1.0,0.3615819209039548
20130224,2013,VALLEE D'AOSTE,TERRITORIAL_LISTS,manual: Aosta/Valdostan territorial list,18376,0.0005392816466778434,29,1,0.0093457943925233,1,VALLE D'AOSTA/VALLÉE D'AOSTE,1.0,1.0
20130224,2013,UNION VALDOTAINE PROGRESSISTE,OTHER_LISTS,manual: generic/ideological/personalist/minor list,18191,0.0005338524398517985,30,1,0.0093457943925233,1,VALLE D'AOSTA/VALLÉE D'AOSTE,1.0,1.0
20130224,2013,LG.VENETA REPUBBLICA,TERRITORIAL_LISTS,manual: Veneto/Northern territorial list,15838,0.0004647987984372924,31,4,0.0373831775700934,1,VENETO,1.0,0.3536431367596919
20130224,2013,AUTONOMIE LIBERTE' DEMOCRATIE,TERRITORIAL_LISTS,manual: Aosta/Valdostan territorial list,14340,0.0004208368966782909,32,1,0.0093457943925233,1,VALLE D'AOSTA/VALLÉE D'AOSTE,1.0,1.0
20130224,2013,VOTO DI PROTESTA,OTHER_LISTS,manual: generic/ideological/personalist/minor list,12745,0.0003740283297186066,33,5,0.0467289719626168,1,CAMPANIA,1.0,0.4753236563358179
20130224,2013,VENETO STATO,TERRITORIAL_LISTS,manual: Veneto/Northern territorial list,11378,0.00033391089333372344,34,8,0.0747663551401869,2,VENETO,0.9998242221831604,0.3301107400246089
20130224,2013,RIFORMISTI ITALIANI,OTHER_LISTS,manual: generic/ideological/personalist/minor list,8223,0.0002413209066517145,35,17,0.1588785046728972,4,CALABRIA,0.5570959503830719,0.1985893226316429
20130224,2013,INDIPENDENZA PER LA SARDEGNA,TERRITORIAL_LISTS,manual: Sardinian territorial list,7598,0.00022297899169886016,36,5,0.0467289719626168,1,SARDEGNA,1.0,0.2658594366938668
20130224,2013,PRI,OTHER_LISTS,manual: generic/ideological/personalist/minor list,7143,0.00020962607761318216,37,14,0.1308411214953271,2,EMILIA-ROMAGNA,0.7810443791124178,0.2736945261094778
20130224,2013,MERIS,TERRITORIAL_LISTS,manual: Sardinian territorial list,5901,0.00017317702421886994,38,5,0.0467289719626168,1,SARDEGNA,1.0,0.6080325368581596
20130224,2013,PARTITO DI ALTERNATIVA COMUNISTA,OTHER_LISTS,manual: generic/ideological/personalist/minor list,5159,0.00015140150278684122,39,6,0.0560747663551401,1,PUGLIA,1.0,0.2312463655747237
20130224,2013,I PIRATI,OTHER_LISTS,manual: generic/ideological/personalist/minor list,4557,0.0001337345703042519,40,2,0.0186915887850467,1,LOMBARDIA,1.0,0.7645380732938336
20130224,2013,MOVIMENTO PROGETTO ITALIA - MID,OTHER_LISTS,manual: generic/ideological/personalist/minor list,3967,0.00011641980258875732,41,6,0.0560747663551401,2,LAZIO,0.5250819258885808,0.5250819258885808
20130224,2013,LIBERI PER UNA ITALIA EQUA,OTHER_LISTS,manual: generic/ideological/personalist/minor list,3243,9.517252830737082e-05,42,1,0.0093457943925233,1,CAMPANIA,1.0,1.0
20130224,2013,RIFONDAZIONE MISSINA ITALIANA,OTHER_LISTS,manual: generic/ideological/personalist/minor list,3180,9.33236632801231e-05,43,5,0.0467289719626168,1,CAMPANIA,1.0,0.4110062893081761
20130224,2013,POPOLARI UNITI,OTHER_LISTS,manual: generic/ideological/personalist/minor list,2992,8.78064152623045e-05,44,2,0.0186915887850467,1,BASILICATA,1.0,0.8880347593582888
20130224,2013,PROGETTO NAZIONALE,OTHER_LISTS,manual: generic/ideological/personalist/minor list,2865,8.407933814388448e-05,45,4,0.0373831775700934,1,VENETO,1.0,0.4460732984293193
20130224,2013,MOVIMENTO P.P.A.,OTHER_LISTS,manual: generic/ideological/personalist/minor list,1526,4.478361954888926e-05,46,7,0.0654205607476635,1,PIEMONTE,1.0,0.2234600262123197
20130224,2013,UNIONE POP.,OTHER_LISTS,manual: generic/ideological/personalist/minor list,1515,4.446080184571903e-05,47,1,0.0093457943925233,1,LAZIO,1.0,1.0
20130224,2013,TUTTI INSIEME PER L'ITALIA,OTHER_LISTS,manual: generic/ideological/personalist/minor list,1452,4.26119368184713e-05,48,4,0.0373831775700934,1,LAZIO,1.0,0.5399449035812672
20130224,2013,STAMINALI D'ITALIA,OTHER_LISTS,manual: generic/ideological/personalist/minor list,585,1.71680323958717e-05,49,1,0.0093457943925233,1,LAZIO,1.0,1.0
20130224,2013,DEMOCRAZIA ATEA,OTHER_LISTS,manual: generic/ideological/personalist/minor list,556,1.631696754205926e-05,50,4,0.0373831775700934,1,LAZIO,1.0,0.3758992805755395
20130224,2013,NATION VAL D'OUTA,TERRITORIAL_LISTS,manual: Aosta/Valdostan territorial list,145,4.255324269062217e-06,51,1,0.0093457943925233,1,VALLE D'AOSTA/VALLÉE D'AOSTE,1.0,1.0
20180304,2018,CASAPOUND ITALIA,OTHER_LISTS,manual: generic/ideological/personalist/minor list,295913,0.0093499442219282,10,107,1.0,20,LOMBARDIA,0.1855443998742873,0.1162334875453258
20180304,2018,IL POPOLO DELLA FAMIGLIA,OTHER_LISTS,manual: generic/ideological/personalist/minor list,206346,0.0065199014251418,11,104,0.97196261682243,18,LOMBARDIA,0.1514349684510482,0.0556734804648503
20180304,2018,ITALIA EUROPA INSIEME,OTHER_LISTS,manual: generic/ideological/personalist/minor list,180980,0.0057184135380486,12,106,0.9906542056074766,19,LOMBARDIA,0.1439606586363134,0.0609238589899436
20180304,2018,CIVICA POPOLARE LORENZIN,OTHER_LISTS,manual: generic/ideological/personalist/minor list,168268,0.0053167532833482,13,106,0.9906542056074766,19,CAMPANIA,0.1633346803908051,0.0480958946442579
20180304,2018,SVP - PATT,TERRITORIAL_LISTS,manual: South Tyrol/Trentino territorial list,126769,0.0040055120223499,14,3,0.02803738317757,2,TRENTINO-ALTO ADIGE/SÜDTIROL,0.9998816745418831,0.8854372914513801
20180304,2018,ITALIA AGLI ITALIANI,OTHER_LISTS,manual: generic/ideological/personalist/minor list,119980,0.0037910004215663,15,85,0.794392523364486,15,LOMBARDIA,0.1630521753625604,0.0584347391231871
20180304,2018,PARTITO COMUNISTA,OTHER_LISTS,manual: generic/ideological/personalist/minor list,102030,0.0032238354143391,16,68,0.6355140186915887,14,TOSCANA,0.2092815838478878,0.1139860825247476
20180304,2018,PARTITO VALORE UMANO,OTHER_LISTS,manual: generic/ideological/personalist/minor list,45785,0.0014466657301334,17,71,0.6635514018691588,18,PIEMONTE,0.1865894943758873,0.089505296494485
20180304,2018,10 VOLTE MEGLIO,OTHER_LISTS,manual: generic/ideological/personalist/minor list,33225,0.0010498082097561,18,44,0.411214953271028,11,LOMBARDIA,0.31581640331076,0.1387509405568096
20180304,2018,PER UNA SINISTRA RIVOLUZIONARIA,OTHER_LISTS,manual: generic/ideological/personalist/minor list,27138,0.000857477658280271,19,51,0.4766355140186916,9,LOMBARDIA,0.3062126906920185,0.101849804701894
20180304,2018,PARTITO REPUBBLICANO ITALIANO - ALA,OTHER_LISTS,manual: generic/ideological/personalist/minor list,18866,0.0005961078009107375,20,45,0.4205607476635514,10,EMILIA-ROMAGNA,0.3042510336054277,0.123396586451818
20180304,2018,GRANDE NORD,TERRITORIAL_LISTS,manual: Veneto/Northern territorial list,18556,0.0005863127506466471,21,16,0.1495327102803738,5,VENETO,0.5495796507868075,0.126805345979737
20180304,2018,AUTODETERMINATZIONE,TERRITORIAL_LISTS,manual: Sardinian territorial list,18237,0.0005762333279555348,22,5,0.0467289719626168,1,SARDEGNA,1.0,0.2372100674453035
20180304,2018,PD-UV-UVP-EPAV,OTHER_LISTS,"manual: local projection of national coalition, not substantive territorial list",14429,0.0004559121943889023,23,1,0.0093457943925233,1,VALLE D'AOSTA/VALLÉE D'AOSTE,1.0,1.0
20180304,2018,POUR TOUS PER TUTTI PE TCHEUT,TERRITORIAL_LISTS,manual: Aosta/Valdostan territorial list,12118,0.0003828916745169255,24,1,0.0093457943925233,1,VALLE D'AOSTA/VALLÉE D'AOSTE,1.0,1.0
20180304,2018,LISTA DEL POPOLO PER LA COSTITUZIONE,OTHER_LISTS,manual: generic/ideological/personalist/minor list,9088,0.00028715295741952625,25,34,0.3177570093457944,8,SICILIA,0.275088028169014,0.1746258802816901
20180304,2018,PATTO PER L'AUTONOMIA,TERRITORIAL_LISTS,manual: Explicit autonomy/independence localist list,5871,0.000185505613227337,26,4,0.0373831775700934,1,FRIULI-VENEZIA GIULIA,1.0,0.4832226196559359
20180304,2018,FI -FRAT. D'IT. -MOV.NUOVA VALLE D'AOSTA,OTHER_LISTS,"manual: local projection of national coalition, not substantive territorial list",5533,0.0001748258487458449,27,1,0.0093457943925233,1,VALLE D'AOSTA/VALLÉE D'AOSTE,1.0,1.0
20180304,2018,BLOCCO NAZIONALE PER LE LIBERTA',OTHER_LISTS,manual: generic/ideological/personalist/minor list,3376,0.00010667125706957752,28,14,0.1308411214953271,5,LAZIO,0.3267180094786729,0.3267180094786729
20180304,2018,RISPOSTA CIVICA,OTHER_LISTS,manual: generic/ideological/personalist/minor list,2623,8.28787640087387e-05,29,1,0.0093457943925233,1,VALLE D'AOSTA/VALLÉE D'AOSTE,1.0,1.0
20180304,2018,SIAMO,OTHER_LISTS,manual: generic/ideological/personalist/minor list,1298,4.101282336383639e-05,30,4,0.0373831775700934,1,FRIULI-VENEZIA GIULIA,1.0,0.5308166409861325
20180304,2018,RINASCIMENTO MIR,OTHER_LISTS,manual: generic/ideological/personalist/minor list,676,2.1359528962984125e-05,31,4,0.0373831775700934,1,FRIULI-VENEZIA GIULIA,1.0,0.5266272189349113
20180304,2018,ITALIA NEL CUORE,OTHER_LISTS,manual: generic/ideological/personalist/minor list,502,1.5861662040559218e-05,32,1,0.0093457943925233,1,LOMBARDIA,1.0,1.0
20220925,2022,NOI MODERATI/LUPI - TOTI - BRUGNARO - UDC,OTHER_LISTS,manual: generic/ideological/personalist/minor list,247436,0.0091226022872279,12,106,0.9906542056074766,19,VENETO,0.2006700722611099,0.0626626683263551
20220925,2022,SUD CHIAMA NORD,TERRITORIAL_LISTS,manual: Southern/regional localist list,208793,0.0076978915734055,13,23,0.2149532710280373,4,SICILIA,0.9764024655999004,0.3897496563582112
20220925,2022,VITA,OTHER_LISTS,manual: generic/ideological/personalist/minor list,192038,0.0070801593059808,14,76,0.7102803738317757,16,VENETO,0.2225965694289672,0.0783230402316208
20220925,2022,IMPEGNO CIVICO LUIGI DI MAIO - CENTRO DEMOCRATICO,OTHER_LISTS,manual: generic/ideological/personalist/minor list,161624,0.0059588397487468,15,106,0.9906542056074766,19,CAMPANIA,0.241325545711033,0.1483009949017472
20220925,2022,SUDTIROLER VOLKSPARTEI (SVP) - PATT,TERRITORIAL_LISTS,manual: South Tyrol/Trentino territorial list,106092,0.0039114563841016,16,2,0.0186915887850467,1,TRENTINO-ALTO ADIGE/SÜDTIROL,1.0,0.8578215134034611
20220925,2022,MASTELLA NOI DI CENTRO EUROPEISTI,OTHER_LISTS,manual: generic/ideological/personalist/minor list,43712,0.0016115973066946,17,45,0.4205607476635514,9,CAMPANIA,0.7324075768667643,0.4446833821376281
20220925,2022,PARTITO COMUNISTA ITALIANO,OTHER_LISTS,manual: generic/ideological/personalist/minor list,24787,0.000913860323047246,18,17,0.1588785046728972,6,MARCHE,0.3221446726106426,0.1786016863678541
20220925,2022,VALLÉE D'AOSTE - AUTONOMIE PROGRÈS FÉDÉRALISME,TERRITORIAL_LISTS,manual: Aosta/Valdostan territorial list,20763,0.0007655013469734124,19,1,0.0093457943925233,1,VALLE D'AOSTA/VALLÉE D'AOSTE,1.0,1.0
20220925,2022,PARTITO ANIMALISTA - UCDL - 10 VOLTE MEGLIO,OTHER_LISTS,manual: generic/ideological/personalist/minor list,20082,0.0007403938761219509,20,18,0.1682242990654205,3,EMILIA-ROMAGNA,0.6772731799621552,0.1465989443282541
20220925,2022,LEGA PER SALVINI PREM.-FORZA IT.-NOI MODERATI-FRAT. D'ITALIA,OTHER_LISTS,"manual: local projection of national coalition, not substantive territorial list",16016,0.0005904864216696128,21,1,0.0093457943925233,1,VALLE D'AOSTA/VALLÉE D'AOSTE,1.0,1.0
20220925,2022,ALTERNATIVA PER L'ITALIA - NO GREEN PASS,OTHER_LISTS,manual: generic/ideological/personalist/minor list,15814,0.0005830389780396639,22,28,0.2616822429906542,7,VENETO,0.2218919944353105,0.135955482483875
20220925,2022,LA RENAISSANCE VALDOTAINE,TERRITORIAL_LISTS,manual: Aosta/Valdostan territorial list,6398,0.00023588487299214432,23,1,0.0093457943925233,1,VALLE D'AOSTA/VALLÉE D'AOSTE,1.0,1.0
20220925,2022,VALLE D'AOSTA APERTA,TERRITORIAL_LISTS,manual: Aosta/Valdostan territorial list,5841,0.0002153491002105525,24,1,0.0093457943925233,1,VALLE D'AOSTA/VALLÉE D'AOSTE,1.0,1.0
20220925,2022,PARTITO DELLA FOLLIA CREATIVA,OTHER_LISTS,manual: generic/ideological/personalist/minor list,1304,4.8076566799274174e-05,25,1,0.0093457943925233,1,LAZIO,1.0,1.0
20220925,2022,FORZA DEL POPOLO,OTHER_LISTS,manual: generic/ideological/personalist/minor list,763,2.813069054282684e-05,26,5,0.0467289719626168,1,CALABRIA,1.0,0.6579292267365662
20220925,2022,FREE,OTHER_LISTS,manual: generic/ideological/personalist/minor list,736,2.7135240156645547e-05,27,6,0.0560747663551401,1,LOMBARDIA,1.0,0.3790760869565217
