election_date,year,component,residual_component,classification_reason,classification_source,national_votes,national_share,rank_votes,n_territories_positive,territorial_coverage,n_regions_positive,top_region,top_region_share,max_territory_share,keyword_flag,concentrated_flag,few_regions_flag,low_coverage_flag
19480418,1948,P.CONTADINI D'ITALIA,OTHER_LISTS,auto: other non-retained; territorial coverage < 0.65,auto,94599,0.003639343830912298,9,49,0.4666666666666667,12,PIEMONTE,0.7512975824268755,0.2786181672110699,FALSE,FALSE,FALSE,TRUE
19480418,1948,PARTITO CRISTIANO SOCIALE,OTHER_LISTS,auto: other non-retained; territorial coverage < 0.65,auto,71488,0.002750234270808976,10,67,0.638095238095238,14,TOSCANA,0.19431233213965982,0.06121307072515667,FALSE,FALSE,FALSE,TRUE
19480418,1948,MOV.NAZ.DEM.SOC.,OTHER_LISTS,auto: other non-retained,auto,55997,0.0021542758010084243,12,78,0.7428571428571429,16,CAMPANIA,0.4676321945818526,0.2949265139203886,FALSE,FALSE,FALSE,FALSE
19480418,1948,PC.INTERNAZIONALISTA,OTHER_LISTS,auto: other non-retained; territorial coverage < 0.65,auto,20704,7.965092091376041e-4,16,15,0.14285714285714285,4,LOMBARDIA,0.7757438176197836,0.3607032457496136,FALSE,FALSE,FALSE,TRUE
19480418,1948,CONC.NAZ.COMBAT.UNIT,OTHER_LISTS,auto: other non-retained; territorial coverage < 0.65,auto,10045,3.864439241589661e-4,18,30,0.2857142857142857,7,SICILIA,0.3130910900945744,0.1655550024888004,FALSE,FALSE,FALSE,TRUE
19480418,1948,P.DEMOLABURISTA IT.,OTHER_LISTS,auto: other non-retained; territorial coverage < 0.65,auto,8106,3.118481283457022e-4,19,16,0.1523809523809524,5,PIEMONTE,0.41228719467061437,0.2561065877128053,FALSE,FALSE,FALSE,TRUE
19480418,1948,FR.DEGLI ITALIANI,OTHER_LISTS,auto: other non-retained; territorial coverage < 0.65,auto,2967,1.1414426311395244e-4,24,15,0.14285714285714285,5,UMBRIA,0.3592854735422986,0.2878328277721604,FALSE,FALSE,FALSE,TRUE
19480418,1948,MOV.UNITA'D'IT.,OTHER_LISTS,auto: other non-retained; territorial coverage < 0.65,auto,1524,5.8630218060553934e-5,32,11,0.10476190476190476,3,SICILIA,0.4763779527559055,0.19816272965879264,FALSE,FALSE,FALSE,TRUE
19480418,1948,PPST-PPTT,TERRITORIAL_LISTS,auto: top region share >= 0.8,auto,119119,0.004582659412831446,8,2,0.01904761904761905,1,TRENTINO-ALTO ADIGE/SÜDTIROL,1,0.8653279493615628,FALSE,TRUE,TRUE,TRUE
19480418,1948,PS D'AZ.,TERRITORIAL_LISTS,auto: top region share >= 0.8,auto,61928,0.0023824489134212493,11,5,0.047619047619047616,1,SARDEGNA,1,0.3324021444257848,FALSE,TRUE,TRUE,TRUE
19480418,1948,UN.MOV.FEDERALISTI,TERRITORIAL_LISTS,auto: top region share >= 0.8,auto,50658,0.0019488776814380192,13,19,0.18095238095238095,5,SICILIA,0.9285798886651664,0.29778119941568953,FALSE,TRUE,FALSE,TRUE
19480418,1948,BLOCCO POP.UNIONISTA,TERRITORIAL_LISTS,auto: territorial keyword,auto,34751,0.0013369151626130642,14,50,0.47619047619047616,12,VENETO,0.17444102327990563,0.04883312710425599,TRUE,FALSE,FALSE,TRUE
19480418,1948,ALTRE LISTE,TERRITORIAL_LISTS,auto: positive regions <= 2,auto,22231,8.552548410132378e-4,15,6,0.05714285714285714,2,CAMPANIA,0.5347037920021591,0.4112275651117808,FALSE,FALSE,TRUE,TRUE
19480418,1948,FR.DEM.PROG.REPUB.,TERRITORIAL_LISTS,auto: top region share >= 0.8,auto,14482,5.571409566620355e-4,17,1,0.009523809523809525,1,VALLE D'AOSTA/VALLÉE D'AOSTE,1,1,FALSE,TRUE,TRUE,TRUE
19480418,1948,P.INDIPENDENTE CONTADINI,TERRITORIAL_LISTS,auto: top region share >= 0.8,auto,6733,2.590270723108331e-4,20,3,0.02857142857142857,1,PIEMONTE,1,0.44853705628991536,FALSE,TRUE,TRUE,TRUE
19480418,1948,P.DEM.IND.PENSIONATI,TERRITORIAL_LISTS,auto: positive regions <= 2,auto,5280,2.0312831454050184e-4,21,9,0.08571428571428572,2,VENETO,0.6278409090909091,0.20662878787878788,FALSE,FALSE,TRUE,TRUE
19480418,1948,AS.NAZ.CONG.DIS.GUER,TERRITORIAL_LISTS,auto: positive regions <= 2,auto,3695,1.42151348906658e-4,22,8,0.0761904761904762,2,LIGURIA,0.574830852503383,0.3523680649526387,FALSE,FALSE,TRUE,TRUE
19480418,1948,P.PATRIA E LIBERTA',TERRITORIAL_LISTS,auto: top region share >= 0.8,auto,3178,1.2226170144123387e-4,23,4,0.0380952380952381,1,SICILIA,1,0.7916928886091882,FALSE,TRUE,TRUE,TRUE
19480418,1948,CONC.RUR.IND.AOSTA,TERRITORIAL_LISTS,auto: territorial keyword,auto,2906,1.1179751554066256e-4,25,1,0.009523809523809525,1,VALLE D'AOSTA/VALLÉE D'AOSTE,1,1,TRUE,TRUE,TRUE,TRUE
19480418,1948,GR.POL.LA DESTRA,TERRITORIAL_LISTS,auto: positive regions <= 2,auto,2830,1.0887369889197351e-4,26,14,0.13333333333333333,2,SICILIA,0.7929328621908127,0.3201413427561837,FALSE,FALSE,TRUE,TRUE
19480418,1948,FR.ANTIBOLSCEVICO IT,TERRITORIAL_LISTS,auto: top region share >= 0.8,auto,2756,1.0602682478667103e-4,27,4,0.0380952380952381,1,SICILIA,1,0.6157474600870827,FALSE,TRUE,TRUE,TRUE
19480418,1948,UN.SOCIAL.INDIP.,TERRITORIAL_LISTS,auto: top region share >= 0.8,auto,2637,1.0144874345517108e-4,28,1,0.009523809523809525,1,VALLE D'AOSTA/VALLÉE D'AOSTE,1,1,FALSE,TRUE,TRUE,TRUE
19480418,1948,RAGGRUP.POP.ITALIANO,TERRITORIAL_LISTS,auto: top region share >= 0.8,auto,2191,8.42905562799696e-5,29,4,0.0380952380952381,1,VENETO,1,0.3144682793245094,FALSE,TRUE,TRUE,TRUE
19480418,1948,MAGLIO,TERRITORIAL_LISTS,auto: top region share >= 0.8,auto,1642,6.31698281203606e-5,30,3,0.02857142857142857,1,PUGLIA,1,0.5627283800243605,FALSE,TRUE,TRUE,TRUE
19480418,1948,CONF.IT.LIBERI SIND.,TERRITORIAL_LISTS,auto: top region share >= 0.8,auto,1531,5.8899516962406876e-5,31,5,0.047619047619047616,1,CALABRIA,1,0.32984977139124755,FALSE,TRUE,TRUE,TRUE
19480418,1948,FR.UN.ANTICOM.RIS.N.,TERRITORIAL_LISTS,auto: top region share >= 0.8,auto,1444,5.5552516325091785e-5,33,5,0.047619047619047616,1,SICILIA,1,0.4577562326869806,FALSE,TRUE,TRUE,TRUE
19480418,1948,M.NAZ.SIN.DAN.GUERRA,TERRITORIAL_LISTS,auto: top region share >= 0.8,auto,1179,4.5357629326373416e-5,34,5,0.047619047619047616,1,SICILIA,1,0.46904156064461405,FALSE,TRUE,TRUE,TRUE
19480418,1948,LEGA SARDA,TERRITORIAL_LISTS,auto: territorial keyword,auto,1117,4.297241048139025e-5,35,5,0.047619047619047616,1,SARDEGNA,1,0.3249776186213071,TRUE,TRUE,TRUE,TRUE
19480418,1948,M.CAT.IND.PAX JUSTIT,TERRITORIAL_LISTS,auto: top region share >= 0.8,auto,961,3.6970892097239064e-5,36,5,0.047619047619047616,1,SARDEGNA,1,0.3152965660770031,FALSE,TRUE,TRUE,TRUE
19480418,1948,P.ESISTENZIALISTA IT,TERRITORIAL_LISTS,auto: top region share >= 0.8,auto,816,3.139255770171392e-5,37,4,0.0380952380952381,1,VENETO,1,0.3174019607843137,FALSE,TRUE,TRUE,TRUE
19530607,1953,UN.SOCIAL.INDIP.,OTHER_LISTS,auto: other non-retained,auto,219777,0.008290495566629232,9,80,0.7547169811320755,17,PIEMONTE,0.13441806922471414,0.054191293902455674,FALSE,FALSE,FALSE,FALSE
19530607,1953,UNITA'POPOLARE,OTHER_LISTS,auto: other non-retained,auto,166966,0.0062983427873609,10,69,0.6509433962264151,12,LOMBARDIA,0.26779104727908676,0.1273133452319634,FALSE,FALSE,FALSE,FALSE
19530607,1953,ALL.DEMOC.NAZIONALE,OTHER_LISTS,auto: other non-retained,auto,118318,0.004463227974048411,11,101,0.9528301886792453,17,SICILIA,0.16740479047989318,0.06716644973714904,FALSE,FALSE,FALSE,FALSE
19530607,1953,CENTRO POLITICO IT.,OTHER_LISTS,auto: other non-retained; territorial coverage < 0.65,auto,14210,5.360339890061352e-4,15,19,0.1792452830188679,5,SICILIA,0.2817733990147783,0.1418015482054891,FALSE,FALSE,FALSE,TRUE
19530607,1953,UN.NAZ.DEM.IMP.PUB.,OTHER_LISTS,auto: other non-retained; territorial coverage < 0.65,auto,6436,2.4278077081234953e-4,18,19,0.1792452830188679,5,LAZIO,0.2851149782473586,0.22917961466749534,FALSE,FALSE,FALSE,TRUE
19530607,1953,P.NETTISTA ITALIANO,OTHER_LISTS,auto: other non-retained; territorial coverage < 0.65,auto,4260,1.6069702977946067e-4,19,11,0.10377358490566038,3,LAZIO,0.3901408450704225,0.23075117370892018,FALSE,FALSE,FALSE,TRUE
19530607,1953,PPST,TERRITORIAL_LISTS,auto: top region share >= 0.8,auto,99011,0.003734923383918822,12,3,0.02830188679245283,2,TRENTINO-ALTO ADIGE/SÜDTIROL,0.9984850168163133,0.9540758097585117,FALSE,TRUE,TRUE,TRUE
19530607,1953,PS D'AZ.,TERRITORIAL_LISTS,auto: top region share >= 0.8,auto,27222,0.0010268766536752297,13,23,0.2169811320754717,5,SARDEGNA,0.9213136433766806,0.30728822276100215,FALSE,TRUE,FALSE,TRUE
19530607,1953,IND.SIN.,TERRITORIAL_LISTS,auto: top region share >= 0.8,auto,21516,8.116331673086564e-4,14,1,0.009433962264150943,1,VALLE D'AOSTA/VALLÉE D'AOSTE,1,1,FALSE,TRUE,TRUE,TRUE
19530607,1953,P.MONARCHICO NAZ.IT.,TERRITORIAL_LISTS,auto: top region share >= 0.8,auto,7903,2.9811939585612155e-4,16,2,0.018867924528301886,1,CAMPANIA,1,0.7732506643046945,FALSE,TRUE,TRUE,TRUE
19530607,1953,LISTA MONARCHICA,TERRITORIAL_LISTS,auto: top region share >= 0.8,auto,6718,2.534184615160603e-4,17,3,0.02830188679245283,1,PUGLIA,1,0.4690384042869902,FALSE,TRUE,TRUE,TRUE
19530607,1953,P.RADICAL SOCIALISTA,TERRITORIAL_LISTS,auto: top region share >= 0.8,auto,3236,1.2206938694045416e-4,20,6,0.05660377358490566,1,VENETO,1,0.29171817058096416,FALSE,TRUE,TRUE,TRUE
19530607,1953,P.NAZIONALI FEDERATI,TERRITORIAL_LISTS,auto: top region share >= 0.8,auto,2847,1.0739540933852688e-4,21,4,0.03773584905660377,1,LAZIO,1,0.6087109237794169,FALSE,TRUE,TRUE,TRUE
19530607,1953,MOV.SOC.CRISTIANO,TERRITORIAL_LISTS,auto: positive regions <= 2,auto,2686,1.0132211783747215e-4,22,7,0.0660377358490566,2,LOMBARDIA,0.5405807892777365,0.33097542814594194,FALSE,FALSE,TRUE,TRUE
19530607,1953,M.FEMMINILE IT.,TERRITORIAL_LISTS,auto: top region share >= 0.8,auto,1650,6.224180730894604e-5,23,4,0.03773584905660377,1,LAZIO,1,0.396969696969697,FALSE,TRUE,TRUE,TRUE
19530607,1953,PPTT,TERRITORIAL_LISTS,auto: top region share >= 0.8,auto,1524,5.748879656899016e-5,24,2,0.018867924528301886,1,TRENTINO-ALTO ADIGE/SÜDTIROL,1,0.8582677165354331,FALSE,TRUE,TRUE,TRUE
19530607,1953,P.CRIST.MILITANTE,TERRITORIAL_LISTS,auto: top region share >= 0.8,auto,1468,5.537634735123199e-5,25,3,0.02830188679245283,1,PUGLIA,1,0.4420980926430518,FALSE,TRUE,TRUE,TRUE
19530607,1953,MOV.NAZIONALE IT.,TERRITORIAL_LISTS,auto: top region share >= 0.8,auto,1229,4.636071586829981e-5,26,2,0.018867924528301886,1,CAMPANIA,1,0.7550854353132628,FALSE,TRUE,TRUE,TRUE
19530607,1953,P.UN.SOCIALE IT.,TERRITORIAL_LISTS,auto: top region share >= 0.8,auto,1097,4.138137128358412e-5,27,4,0.03773584905660377,1,LAZIO,1,0.4749316317228806,FALSE,TRUE,TRUE,TRUE
19530607,1953,P.VOLONTA'NAZIONALE,TERRITORIAL_LISTS,auto: top region share >= 0.8,auto,989,3.7307362077907655e-5,28,5,0.04716981132075472,1,PIEMONTE,1,0.7977755308392316,FALSE,TRUE,TRUE,TRUE
19530607,1953,P.FEDERALISTA IT.,TERRITORIAL_LISTS,auto: top region share >= 0.8,auto,831,3.134723749923282e-5,29,4,0.03773584905660377,1,VENETO,1,0.34777376654632974,FALSE,TRUE,TRUE,TRUE
19530607,1953,M.GARIB.ANTIF.PART.,TERRITORIAL_LISTS,auto: top region share >= 0.8,auto,719,2.7122339063716484e-5,30,2,0.018867924528301886,1,CAMPANIA,1,0.7148817802503477,FALSE,TRUE,TRUE,TRUE
19530607,1953,P.ESISTENZIALISTA UN,TERRITORIAL_LISTS,auto: top region share >= 0.8,auto,710,2.678283829657678e-5,31,4,0.03773584905660377,1,VENETO,1,0.33943661971830985,FALSE,TRUE,TRUE,TRUE
19530607,1953,P.UNIONE NAZIONALE,TERRITORIAL_LISTS,auto: territorial keyword,auto,550,2.0747269102982014e-5,32,3,0.02830188679245283,1,PUGLIA,1,0.6218181818181818,TRUE,TRUE,TRUE,TRUE
19530607,1953,IND,TERRITORIAL_LISTS,auto: top region share >= 0.8,auto,519,1.9577877571723026e-5,33,2,0.018867924528301886,1,BASILICATA,1,0.7456647398843931,FALSE,TRUE,TRUE,TRUE
19580525,1958,COMUNITA',OTHER_LISTS,auto: other non-retained; territorial coverage < 0.65,auto,169628,0.005878000408412012,10,36,0.3364485981308411,8,PIEMONTE,0.5545841488433514,0.35556629801683687,FALSE,FALSE,FALSE,TRUE
19580525,1958,MOVIM.AUT.REG.-M.A.R.P.,OTHER_LISTS,auto: other non-retained; territorial coverage < 0.65,auto,66646,0.0023094372109500024,12,29,0.27102803738317754,6,PIEMONTE,0.7766407586351769,0.39525252828376795,FALSE,FALSE,FALSE,TRUE
19580525,1958,P.CAT.RIS.NAZ.CPI,OTHER_LISTS,auto: other non-retained; territorial coverage < 0.65,auto,15564,5.393284030733403e-4,14,18,0.16822429906542055,5,LAZIO,0.34007967103572345,0.2636854279105628,FALSE,FALSE,FALSE,TRUE
19580525,1958,P.NAZIONALE LAVORO,OTHER_LISTS,auto: other non-retained; territorial coverage < 0.65,auto,7067,2.448878067668527e-4,16,17,0.1588785046728972,5,ABRUZZO,0.4271968303381916,0.18650063676241688,FALSE,FALSE,FALSE,TRUE
19580525,1958,CONC.EUROPEA DEMOC.,OTHER_LISTS,auto: other non-retained; territorial coverage < 0.65,auto,4093,1.418318654445632e-4,21,17,0.1588785046728972,3,SICILIA,0.5712191546542879,0.21231370632787686,FALSE,FALSE,FALSE,TRUE
19580525,1958,PPST,TERRITORIAL_LISTS,auto: top region share >= 0.8,auto,107971,0.003741443524044694,11,3,0.028037383177570093,2,TRENTINO-ALTO ADIGE/SÜDTIROL,0.9986663085458132,0.9573681821970714,FALSE,TRUE,TRUE,TRUE
19580525,1958,UV,TERRITORIAL_LISTS,auto: top region share >= 0.8,auto,30529,0.0010579000782206377,13,1,0.009345794392523364,1,VALLE D'AOSTA/VALLÉE D'AOSTE,1,1,FALSE,TRUE,TRUE,TRUE
19580525,1958,FED.AUT.SOCIALDEM.IT,TERRITORIAL_LISTS,auto: top region share >= 0.8,auto,9068,3.142270598219641e-4,15,4,0.037383177570093455,1,LAZIO,1,0.7636744596382885,FALSE,TRUE,TRUE,TRUE
19580525,1958,AUT.PIEMONT-MOV.VIL.,TERRITORIAL_LISTS,auto: territorial keyword,auto,6670,2.31130843517038e-4,17,5,0.04672897196261682,1,PIEMONTE,1,0.7620689655172413,TRUE,TRUE,TRUE,TRUE
19580525,1958,UNIONE TRIESTINA,TERRITORIAL_LISTS,auto: territorial keyword,auto,6437,2.2305685752911148e-4,18,1,0.009345794392523364,1,FRIULI-VENEZIA GIULIA,1,1,TRUE,TRUE,TRUE,TRUE
19580525,1958,FR.DELL'INDIPENDENZA,TERRITORIAL_LISTS,auto: top region share >= 0.8,auto,6185,2.14324477834015e-4,19,1,0.009345794392523364,1,FRIULI-VENEZIA GIULIA,1,1,FALSE,TRUE,TRUE,TRUE
19580525,1958,MOV.PRO PENSIONATI,TERRITORIAL_LISTS,auto: top region share >= 0.8,auto,4903,1.699002287502305e-4,20,5,0.04672897196261682,1,PIEMONTE,1,0.8562104833775239,FALSE,TRUE,TRUE,TRUE
19580525,1958,FR.UNICO SOLDATO IT.,TERRITORIAL_LISTS,auto: positive regions <= 2,auto,4033,1.397527274219212e-4,22,9,0.08411214953271028,2,CALABRIA,0.5958343664765683,0.24150756260848005,FALSE,FALSE,TRUE,TRUE
19580525,1958,MOV.INDIP.DIVORZISTI,TERRITORIAL_LISTS,auto: top region share >= 0.8,auto,3893,1.349014053690898e-4,23,5,0.04672897196261682,1,PIEMONTE,1,0.8381710762907784,FALSE,TRUE,TRUE,TRUE
19580525,1958,P.SOC.SICILIANO,TERRITORIAL_LISTS,auto: territorial keyword,auto,3109,1.0773400187323405e-4,24,5,0.04672897196261682,1,SICILIA,1,0.6921839819877774,TRUE,TRUE,TRUE,TRUE
19580525,1958,MOV.NAZIONALE IT.,TERRITORIAL_LISTS,auto: top region share >= 0.8,auto,1463,5.0696315452087944e-5,25,2,0.018691588785046728,1,CAMPANIA,1,0.7361585782638415,FALSE,TRUE,TRUE,TRUE
19580525,1958,MOV.AZIONE-RINNOVAM.,TERRITORIAL_LISTS,auto: top region share >= 0.8,auto,750,2.598922528302526e-5,26,4,0.037383177570093455,1,ABRUZZO,1,0.476,FALSE,TRUE,TRUE,TRUE
19580525,1958,MOV.ECONOMICO IT.SOC,TERRITORIAL_LISTS,auto: top region share >= 0.8,auto,552,1.9128069808306593e-5,27,2,0.018691588785046728,1,CAMPANIA,1,0.7590579710144928,FALSE,TRUE,TRUE,TRUE
19580525,1958,P.IT.MUT.INV.GUERRA,TERRITORIAL_LISTS,auto: top region share >= 0.8,auto,465,1.6113319675475662e-5,28,3,0.028037383177570093,1,PUGLIA,1,0.3849462365591398,FALSE,TRUE,TRUE,TRUE
19630428,1963,CONC.UNITA'RURALE,OTHER_LISTS,auto: other non-retained; territorial coverage < 0.65,auto,90957,0.0030415420939768523,10,50,0.4672897196261682,9,PUGLIA,0.23537495739745154,0.09224138878810867,FALSE,FALSE,FALSE,TRUE
19630428,1963,PAPI,OTHER_LISTS,auto: other non-retained; territorial coverage < 0.65,auto,86008,0.002876050797835913,11,60,0.5607476635514018,13,PIEMONTE,0.1433820109757232,0.11669844665612501,FALSE,FALSE,FALSE,TRUE
19630428,1963,M.COMB.IT-FR.RIN.NAZ,OTHER_LISTS,auto: other non-retained; territorial coverage < 0.65,auto,19527,6.529700019689083e-4,13,21,0.19626168224299065,7,LOMBARDIA,0.5026885850361038,0.4068213243201721,FALSE,FALSE,FALSE,TRUE
19630428,1963,MOV.POL.CATT.IT.,OTHER_LISTS,auto: other non-retained; territorial coverage < 0.65,auto,7115,2.3792090766675797e-4,14,16,0.14953271028037382,3,LOMBARDIA,0.44638088545326776,0.21138439915671117,FALSE,FALSE,FALSE,TRUE
19630428,1963,RINN.SOC.,OTHER_LISTS,auto: other non-retained; territorial coverage < 0.65,auto,1699,5.6813439511710724e-5,21,10,0.09345794392523364,3,LAZIO,0.468510888758093,0.2548557975279576,FALSE,FALSE,FALSE,TRUE
19630428,1963,PPST,TERRITORIAL_LISTS,auto: top region share >= 0.8,auto,99003,0.003310595027650322,9,3,0.028037383177570093,2,TRENTINO-ALTO ADIGE/SÜDTIROL,0.9983939880609678,0.9662838499843439,FALSE,TRUE,TRUE,TRUE
19630428,1963,UV,TERRITORIAL_LISTS,auto: top region share >= 0.8,auto,31783,0.0010628025591528558,12,1,0.009345794392523364,1,VALLE D'AOSTA/VALLÉE D'AOSTE,1,1,FALSE,TRUE,TRUE,TRUE
19630428,1963,PART.SOC.CRIST.,TERRITORIAL_LISTS,auto: top region share >= 0.8,auto,6716,2.245786108067388e-4,15,4,0.037383177570093455,1,LAZIO,1,0.7211137581893985,FALSE,TRUE,TRUE,TRUE
19630428,1963,PART.MON.NAZ.,TERRITORIAL_LISTS,auto: top region share >= 0.8,auto,6357,2.1257388756677168e-4,16,4,0.037383177570093455,1,LAZIO,1,0.7989617744218971,FALSE,TRUE,TRUE,TRUE
19630428,1963,L.UNIT.SLOV.,TERRITORIAL_LISTS,auto: top region share >= 0.8,auto,5500,1.8391637275715655e-4,17,1,0.009345794392523364,1,FRIULI-VENEZIA GIULIA,1,1,FALSE,TRUE,TRUE,TRUE
19630428,1963,MOV.IND.TLT,TERRITORIAL_LISTS,auto: top region share >= 0.8,auto,4255,1.4228439383303656e-4,18,1,0.009345794392523364,1,FRIULI-VENEZIA GIULIA,1,1,FALSE,TRUE,TRUE,TRUE
19630428,1963,UN.NAZ.SAL.PUB.,TERRITORIAL_LISTS,auto: top region share >= 0.8,auto,2913,9.740879888029037e-5,19,2,0.018691588785046728,1,CAMPANIA,1,0.9162375557844147,FALSE,TRUE,TRUE,TRUE
19630428,1963,MOV.COLT.E SAL.,TERRITORIAL_LISTS,auto: top region share >= 0.8,auto,2679,8.958399320298589e-5,20,4,0.037383177570093455,1,SICILIA,1,0.4247853676745054,FALSE,TRUE,TRUE,TRUE
19630428,1963,MOV.POP.IT.,TERRITORIAL_LISTS,auto: top region share >= 0.8,auto,1602,5.3569823483084506e-5,22,4,0.037383177570093455,1,LAZIO,1,0.5892634207240949,FALSE,TRUE,TRUE,TRUE
19630428,1963,AV.NAZ.,TERRITORIAL_LISTS,auto: top region share >= 0.8,auto,946,3.163361611423093e-5,23,4,0.037383177570093455,1,LAZIO,1,0.4799154334038055,FALSE,TRUE,TRUE,TRUE
19630428,1963,PART.LAB.IT.,TERRITORIAL_LISTS,auto: top region share >= 0.8,auto,752,2.5146384056978497e-5,24,4,0.037383177570093455,1,LAZIO,1,0.6462765957446809,FALSE,TRUE,TRUE,TRUE
19680519,1968,SOCIALDEMOCRAZIA,OTHER_LISTS,auto: other non-retained; territorial coverage < 0.65,auto,99393,0.0031568259608209673,10,28,0.2616822429906542,7,PIEMONTE,0.3562323302445846,0.29040274466008675,FALSE,FALSE,FALSE,TRUE
19680519,1968,NUOVA REPUBBLICA,OTHER_LISTS,auto: other non-retained; territorial coverage < 0.65,auto,63217,0.0020078382458042225,11,57,0.5327102803738317,12,SICILIA,0.3420915260135723,0.13789012449182972,FALSE,FALSE,FALSE,TRUE
19680519,1968,PAPI,OTHER_LISTS,auto: other non-retained; territorial coverage < 0.65,auto,41480,0.0013174483198500268,12,16,0.14953271028037382,4,CAMPANIA,0.3446480231436837,0.15113307618129218,FALSE,FALSE,FALSE,TRUE
19680519,1968,PART.MON.NAZ.,OTHER_LISTS,auto: other non-retained; territorial coverage < 0.65,auto,18765,5.959960878010066e-4,15,16,0.14953271028037382,4,LOMBARDIA,0.3834265920596856,0.30498268052224886,FALSE,FALSE,FALSE,TRUE
19680519,1968,PPST,TERRITORIAL_LISTS,auto: top region share >= 0.8,auto,140381,0.004458647844476051,9,6,0.056074766355140186,3,TRENTINO-ALTO ADIGE/SÜDTIROL,0.9714704981443357,0.9014396535143645,FALSE,TRUE,FALSE,TRUE
19680519,1968,UV,TERRITORIAL_LISTS,auto: top region share >= 0.8,auto,31428,9.981862535257146e-4,13,1,0.009345794392523364,1,VALLE D'AOSTA/VALLÉE D'AOSTE,1,1,FALSE,TRUE,TRUE,TRUE
19680519,1968,PS D'AZ.,TERRITORIAL_LISTS,auto: top region share >= 0.8,auto,26992,8.572942393778189e-4,14,5,0.04672897196261682,1,SARDEGNA,1,0.30649822169531715,FALSE,TRUE,TRUE,TRUE
19680519,1968,MOV.SOC.,TERRITORIAL_LISTS,auto: top region share >= 0.8,auto,6540,2.0771726161569854e-4,16,2,0.018691588785046728,1,CAMPANIA,1,0.8264525993883792,FALSE,TRUE,TRUE,TRUE
19680519,1968,UNIONE SLOVENA,TERRITORIAL_LISTS,auto: territorial keyword,auto,6142,1.9507636404336704e-4,17,1,0.009345794392523364,1,FRIULI-VENEZIA GIULIA,1,1,TRUE,TRUE,TRUE,TRUE
19680519,1968,PST.PROG.SOC.,TERRITORIAL_LISTS,auto: top region share >= 0.8,auto,5012,1.5918637847368213e-4,18,3,0.028037383177570093,2,TRENTINO-ALTO ADIGE/SÜDTIROL,0.9924181963288109,0.9517158818834797,FALSE,TRUE,TRUE,TRUE
19680519,1968,UN.NAZ.SAL.PUB.,TERRITORIAL_LISTS,auto: top region share >= 0.8,auto,3693,1.1729355460959858e-4,19,2,0.018691588785046728,1,CAMPANIA,1,0.8245329000812348,FALSE,TRUE,TRUE,TRUE
19680519,1968,"RAG.VOL.""T""",TERRITORIAL_LISTS,auto: top region share >= 0.8,auto,3137,9.963441126734653e-5,20,4,0.037383177570093455,1,LOMBARDIA,1,0.7503984698756774,FALSE,TRUE,TRUE,TRUE
19680519,1968,PART.ORD.ECON.,TERRITORIAL_LISTS,auto: top region share >= 0.8,auto,2944,9.350452877624106e-5,21,4,0.037383177570093455,1,LAZIO,1,0.6735733695652174,FALSE,TRUE,TRUE,TRUE
19680519,1968,PART.DEM.PROG.,TERRITORIAL_LISTS,auto: top region share >= 0.8,auto,2189,6.952493664782326e-5,22,4,0.037383177570093455,1,LAZIO,1,0.5340338053905893,FALSE,TRUE,TRUE,TRUE
19680519,1968,PART.AGRICOLTORI,TERRITORIAL_LISTS,auto: top region share >= 0.8,auto,2061,6.545952235320408e-5,23,2,0.018691588785046728,1,MOLISE,1,0.739932071809801,FALSE,TRUE,TRUE,TRUE
19680519,1968,RAGGR.ITAL.,TERRITORIAL_LISTS,auto: positive regions <= 2,auto,1795,5.7011083272198605e-5,24,8,0.07476635514018691,2,LAZIO,0.6272980501392758,0.4947075208913649,FALSE,FALSE,TRUE,TRUE
19680519,1968,P.COM.RIVOL.,TERRITORIAL_LISTS,auto: positive regions <= 2,auto,1765,5.605825179689724e-5,25,8,0.07476635514018691,2,LAZIO,0.691784702549575,0.46685552407932013,FALSE,FALSE,TRUE,TRUE
19680519,1968,P.RAD,TERRITORIAL_LISTS,auto: top region share >= 0.8,auto,1536,4.8784971535430114e-5,26,4,0.037383177570093455,1,LOMBARDIA,1,0.716796875,FALSE,TRUE,TRUE,TRUE
19680519,1968,RIS.POP.,TERRITORIAL_LISTS,auto: top region share >= 0.8,auto,1164,3.696986124169313e-5,27,4,0.037383177570093455,1,LAZIO,1,0.7328178694158075,FALSE,TRUE,TRUE,TRUE
19680519,1968,SACRO IDEAL.MONDO,TERRITORIAL_LISTS,auto: top region share >= 0.8,auto,1094,3.4746587799323276e-5,28,2,0.018691588785046728,1,VENETO,1,0.5082266910420475,FALSE,TRUE,TRUE,TRUE
19680519,1968,P.PROG.UNSIPO,TERRITORIAL_LISTS,auto: top region share >= 0.8,auto,1057,3.3571428979784916e-5,29,4,0.037383177570093455,1,ABRUZZO,1,0.31598864711447494,FALSE,TRUE,TRUE,TRUE
19680519,1968,PART.NAZ.MUT.COMB.IT,TERRITORIAL_LISTS,auto: top region share >= 0.8,auto,524,1.6642789768597255e-5,30,2,0.018691588785046728,1,MOLISE,1,0.5381679389312977,FALSE,TRUE,TRUE,TRUE
19720507,1972,MANIFESTO,OTHER_LISTS,auto: other non-retained,auto,222507,0.006721710253798961,9,101,0.9439252336448598,17,LOMBARDIA,0.18320322506707654,0.10678315738381264,FALSE,FALSE,FALSE,FALSE
19720507,1972,MOV.POL.LAV.,OTHER_LISTS,auto: other non-retained,auto,118759,0.0035875886512824803,11,106,0.9906542056074766,19,LOMBARDIA,0.22964154295674433,0.07559848095723272,FALSE,FALSE,FALSE,FALSE
19720507,1972,PC(MARX-LEN)IT,OTHER_LISTS,auto: other non-retained,auto,85328,0.0025776721295786547,12,85,0.794392523364486,15,LOMBARDIA,0.18210903806487905,0.09898274892180761,FALSE,FALSE,FALSE,FALSE
19720507,1972,STELLA ROSSA-R.S.,OTHER_LISTS,auto: other non-retained; territorial coverage < 0.65,auto,9057,2.7360276201942945e-4,16,12,0.11214953271028037,3,LIGURIA,0.5248978690515623,0.2777961797504693,FALSE,FALSE,FALSE,TRUE
19720507,1972,PPST,TERRITORIAL_LISTS,auto: top region share >= 0.8,auto,152475,0.004606114733235344,10,2,0.018691588785046728,1,TRENTINO-ALTO ADIGE/SÜDTIROL,1,0.9242826692900475,FALSE,TRUE,TRUE,TRUE
19720507,1972,DC-UV-RV-PSDI,TERRITORIAL_LISTS,auto: top region share >= 0.8,auto,33835,0.0010221209509691284,13,1,0.009345794392523364,1,VALLE D'AOSTA/VALLÉE D'AOSTE,1,1,FALSE,TRUE,TRUE,TRUE
19720507,1972,DEM.POP.,TERRITORIAL_LISTS,auto: top region share >= 0.8,auto,28624,8.647019388367173e-4,14,1,0.009345794392523364,1,VALLE D'AOSTA/VALLÉE D'AOSTE,1,1,FALSE,TRUE,TRUE,TRUE
19720507,1972,PAPI,TERRITORIAL_LISTS,auto: top region share >= 0.8,auto,15273,4.6138180239844827e-4,15,5,0.04672897196261682,1,CAMPANIA,1,0.5438355267465462,FALSE,TRUE,TRUE,TRUE
19720507,1972,AZ.CR.POP.,TERRITORIAL_LISTS,auto: top region share >= 0.8,auto,8955,2.705214457197737e-4,17,9,0.08411214953271028,2,LAZIO,0.8062534896705751,0.6288107202680067,FALSE,TRUE,TRUE,TRUE
19720507,1972,RINN.DEM.NAZ.,TERRITORIAL_LISTS,auto: top region share >= 0.8,auto,5813,1.7560482009704574e-4,18,5,0.04672897196261682,1,PIEMONTE,1,0.7330122140030965,FALSE,TRUE,TRUE,TRUE
19720507,1972,PCS (MARX.-LEN.),TERRITORIAL_LISTS,auto: top region share >= 0.8,auto,2958,8.935817269001571e-5,19,5,0.04672897196261682,1,SICILIA,1,0.31304935767410413,FALSE,TRUE,TRUE,TRUE
19720507,1972,FR.NAZ.SIC.,TERRITORIAL_LISTS,auto: top region share >= 0.8,auto,2884,8.712270792359882e-5,20,4,0.037383177570093455,1,SICILIA,1,0.5162968099861304,FALSE,TRUE,TRUE,TRUE
19720507,1972,UN.FORZE DEM.,TERRITORIAL_LISTS,auto: top region share >= 0.8,auto,2175,6.570453874265862e-5,21,4,0.037383177570093455,1,LOMBARDIA,1,0.6731034482758621,FALSE,TRUE,TRUE,TRUE
19720507,1972,PART.AGRICOLTORI,TERRITORIAL_LISTS,auto: top region share >= 0.8,auto,1705,5.150631657757836e-5,22,2,0.018691588785046728,1,MOLISE,1,0.7214076246334311,FALSE,TRUE,TRUE,TRUE
19720507,1972,FR.UOMO QUALUNQUE,TERRITORIAL_LISTS,auto: top region share >= 0.8,auto,1012,3.057149112991748e-5,23,4,0.037383177570093455,1,LAZIO,1,0.8596837944664032,FALSE,TRUE,TRUE,TRUE
19760620,1976,NPP,OTHER_LISTS,auto: other non-retained; territorial coverage < 0.65,auto,10722,2.9650171940301775e-4,14,33,0.308411214953271,8,SICILIA,0.28483491885842194,0.17039731393396754,FALSE,FALSE,FALSE,TRUE
19760620,1976,POE,OTHER_LISTS,auto: other non-retained; territorial coverage < 0.65,auto,5375,1.486380098667432e-4,17,13,0.12149532710280374,3,LOMBARDIA,0.36986046511627907,0.2645581395348837,FALSE,FALSE,FALSE,TRUE
19760620,1976,PPST,TERRITORIAL_LISTS,auto: top region share >= 0.8,auto,166379,0.004600975524394207,10,2,0.018691588785046728,1,TRENTINO-ALTO ADIGE/SÜDTIROL,1,0.8710474278604872,FALSE,TRUE,TRUE,TRUE
19760620,1976,PCI-PSI-PDUP,TERRITORIAL_LISTS,auto: top region share >= 0.8,auto,26743,7.395397763472211e-4,11,1,0.009345794392523364,1,VALLE D'AOSTA/VALLÉE D'AOSTE,1,1,FALSE,TRUE,TRUE,TRUE
19760620,1976,DC-RV-UV-UVP-PRI,TERRITORIAL_LISTS,auto: top region share >= 0.8,auto,24080,6.658982842030095e-4,12,1,0.009345794392523364,1,VALLE D'AOSTA/VALLÉE D'AOSTE,1,1,FALSE,TRUE,TRUE,TRUE
19760620,1976,DEM.POP-UVP M.REG,TERRITORIAL_LISTS,auto: top region share >= 0.8,auto,20210,5.588789170989544e-4,13,1,0.009345794392523364,1,VALLE D'AOSTA/VALLÉE D'AOSTE,1,1,FALSE,TRUE,TRUE,TRUE
19760620,1976,UNIONE SLOVENA,TERRITORIAL_LISTS,auto: territorial keyword,auto,7541,2.0853567114513682e-4,15,5,0.04672897196261682,2,FRIULI-VENEZIA GIULIA,0.9802413473014189,0.6076117225832117,TRUE,TRUE,TRUE,TRUE
19760620,1976,TIROL.,TERRITORIAL_LISTS,auto: territorial keyword,auto,6860,1.8970358096481084e-4,16,2,0.018691588785046728,1,TRENTINO-ALTO ADIGE/SÜDTIROL,1,0.7927113702623907,TRUE,TRUE,TRUE,TRUE
19760620,1976,MOV.IND.TLT,TERRITORIAL_LISTS,auto: top region share >= 0.8,auto,4535,1.2540899995268473e-4,18,1,0.009345794392523364,1,FRIULI-VENEZIA GIULIA,1,1,FALSE,TRUE,TRUE,TRUE
19760620,1976,P.DEM.,TERRITORIAL_LISTS,auto: top region share >= 0.8,auto,2774,7.6711039882855e-5,19,5,0.04672897196261682,1,EMILIA-ROMAGNA,1,0.41888968997837056,FALSE,TRUE,TRUE,TRUE
19760620,1976,PART.SIN.DEM.,TERRITORIAL_LISTS,auto: top region share >= 0.8,auto,1760,4.86703064865987e-5,20,2,0.018691588785046728,1,CAMPANIA,1,0.8125,FALSE,TRUE,TRUE,TRUE
19760620,1976,PART.BEN.CIV.,TERRITORIAL_LISTS,auto: top region share >= 0.8,auto,1299,3.592200461709756e-5,21,4,0.037383177570093455,1,SICILIA,1,0.47421093148575827,FALSE,TRUE,TRUE,TRUE
19790603,1979,NUOVA SIN.UNITA,OTHER_LISTS,auto: other non-retained,auto,287375,0.007880375691341006,10,100,0.9345794392523364,18,LOMBARDIA,0.23517007394519357,0.12099173553719009,FALSE,FALSE,FALSE,FALSE
19790603,1979,DN-CD,OTHER_LISTS,auto: other non-retained,auto,227853,0.006248167872637224,11,107,1,20,SICILIA,0.1741254229700728,0.10380815701351309,FALSE,FALSE,FALSE,FALSE
19790603,1979,POE,OTHER_LISTS,auto: other non-retained; territorial coverage < 0.65,auto,7494,2.054999058056877e-4,19,17,0.1588785046728972,4,LOMBARDIA,0.526287696824126,0.22844942620763278,FALSE,FALSE,FALSE,TRUE
19790603,1979,PARTITO POPOLARE ITALIANO,OTHER_LISTS,auto: other non-retained; territorial coverage < 0.65,auto,6536,1.7922970167413594e-4,20,14,0.1308411214953271,3,CAMPANIA,0.5824663402692778,0.2717258261933905,FALSE,FALSE,FALSE,TRUE
19790603,1979,PPST,TERRITORIAL_LISTS,auto: top region share >= 0.8,auto,201362,0.005521733657972362,12,2,0.018691588785046728,1,TRENTINO-ALTO ADIGE/SÜDTIROL,1,0.8478958294017739,FALSE,TRUE,TRUE,TRUE
19790603,1979,LISTA PER TRIESTE,TERRITORIAL_LISTS,auto: territorial keyword,auto,65053,0.0017838784857722714,13,8,0.07476635514018691,4,FRIULI-VENEZIA GIULIA,0.9976480715724102,0.9616466573409373,TRUE,TRUE,FALSE,TRUE
19790603,1979,UNIONE VALDOSTANA-DEMPROL-PLI,TERRITORIAL_LISTS,auto: territorial keyword,auto,33250,9.117790056097032e-4,14,1,0.009345794392523364,1,VALLE D'AOSTA/VALLÉE D'AOSTE,1,1,TRUE,TRUE,TRUE,TRUE
19790603,1979,MOV.FRIULI,TERRITORIAL_LISTS,auto: territorial keyword,auto,32675,8.96011398745776e-4,15,5,0.04672897196261682,2,FRIULI-VENEZIA GIULIA,0.987911247130834,0.6376128538638103,TRUE,TRUE,TRUE,TRUE
19790603,1979,UNITA DELLA SINISTRA,TERRITORIAL_LISTS,auto: top region share >= 0.8,auto,23909,6.556308043645832e-4,16,1,0.009345794392523364,1,VALLE D'AOSTA/VALLÉE D'AOSTE,1,1,FALSE,TRUE,TRUE,TRUE
19790603,1979,PS D'AZ.,TERRITORIAL_LISTS,auto: top region share >= 0.8,auto,18178,4.984757522999454e-4,17,5,0.04672897196261682,1,SARDEGNA,1,0.267136098580702,FALSE,TRUE,TRUE,TRUE
19790603,1979,DC-PSDI-PRI,TERRITORIAL_LISTS,auto: top region share >= 0.8,auto,13442,3.686055155911468e-4,18,1,0.009345794392523364,1,VALLE D'AOSTA/VALLÉE D'AOSTE,1,1,FALSE,TRUE,TRUE,TRUE
19790603,1979,FRONTE GIUST.SIC.,TERRITORIAL_LISTS,auto: top region share >= 0.8,auto,5104,1.3996150510171203e-4,21,5,0.04672897196261682,1,SICILIA,1,0.36344043887147337,FALSE,TRUE,TRUE,TRUE
19790603,1979,PART.CRIST.AZ.SOC.,TERRITORIAL_LISTS,auto: top region share >= 0.8,auto,3093,8.481601396543796e-5,22,3,0.028037383177570093,1,LOMBARDIA,1,0.6475913352731976,FALSE,TRUE,TRUE,TRUE
19790603,1979,P.DEM.,TERRITORIAL_LISTS,auto: top region share >= 0.8,auto,3087,8.46514824155535e-5,23,5,0.04672897196261682,1,EMILIA-ROMAGNA,1,0.3676708778749595,FALSE,TRUE,TRUE,TRUE
19790603,1979,PART.BEN.CIV.,TERRITORIAL_LISTS,auto: top region share >= 0.8,auto,3043,8.34449177164008e-5,24,4,0.037383177570093455,1,SICILIA,1,0.5103516266841932,FALSE,TRUE,TRUE,TRUE
19790603,1979,PART.POP.CALAB.,TERRITORIAL_LISTS,auto: top region share >= 0.8,auto,2934,8.045592789349983e-5,25,5,0.04672897196261682,1,CALABRIA,1,0.3946830265848671,FALSE,TRUE,TRUE,TRUE
19790603,1979,FR.NAZ.SIC.,TERRITORIAL_LISTS,auto: top region share >= 0.8,auto,2725,7.472474557252455e-5,26,4,0.037383177570093455,1,SICILIA,1,0.6223853211009174,FALSE,TRUE,TRUE,TRUE
19790603,1979,NPP,TERRITORIAL_LISTS,auto: top region share >= 0.8,auto,2130,5.840870020898249e-5,27,4,0.037383177570093455,1,LAZIO,1,0.7192488262910798,FALSE,TRUE,TRUE,TRUE
19790603,1979,ASS.VAL.IND,TERRITORIAL_LISTS,auto: top region share >= 0.8,auto,2088,5.7256979359791285e-5,28,4,0.037383177570093455,1,LAZIO,1,0.7092911877394636,FALSE,TRUE,TRUE,TRUE
19790603,1979,FIORE MARGHERITA,TERRITORIAL_LISTS,auto: top region share >= 0.8,auto,2064,5.659885316025345e-5,29,4,0.037383177570093455,1,ABRUZZO,1,0.6090116279069767,FALSE,TRUE,TRUE,TRUE
19790603,1979,MOV.POP.CRIST.,TERRITORIAL_LISTS,auto: top region share >= 0.8,auto,1905,5.223876708831532e-5,30,5,0.04672897196261682,1,SICILIA,1,0.3485564304461942,FALSE,TRUE,TRUE,TRUE
19790603,1979,PART.SIN.DEM.,TERRITORIAL_LISTS,auto: top region share >= 0.8,auto,1552,4.2558827570113066e-5,31,2,0.018691588785046728,1,CAMPANIA,1,0.8054123711340206,FALSE,TRUE,TRUE,TRUE
19790603,1979,PART.NAZ.PENS.,TERRITORIAL_LISTS,auto: positive regions <= 2,auto,106,2.906724047958753e-6,32,4,0.037383177570093455,2,SARDEGNA,0.7547169811320755,0.6792452830188679,FALSE,FALSE,TRUE,TRUE
19790603,1979,DEM.PROL,TERRITORIAL_LISTS,auto: positive regions <= 2,auto,96,2.6325047981513233e-6,33,4,0.037383177570093455,2,SARDEGNA,0.6770833333333334,0.5104166666666666,FALSE,FALSE,TRUE,TRUE
19790603,1979,MOV.ECOL.SARDO,TERRITORIAL_LISTS,auto: territorial keyword,auto,21,5.75860424595602e-7,34,2,0.018691588785046728,1,SARDEGNA,1,0.7142857142857143,TRUE,TRUE,TRUE,TRUE
19790603,1979,GIUST. E LIB.,TERRITORIAL_LISTS,auto: top region share >= 0.8,auto,2,5.4843849961485905e-8,35,1,0.009345794392523364,1,SICILIA,1,1,FALSE,TRUE,TRUE,TRUE
19830626,1983,PPST,TERRITORIAL_LISTS,auto: top region share >= 0.8,auto,184918,0.005010951480826427,11,2,0.018691588785046728,1,TRENTINO-ALTO ADIGE/SÜDTIROL,1,0.9090894342357153,FALSE,TRUE,TRUE,TRUE
19830626,1983,LIGA VENETA,TERRITORIAL_LISTS,auto: territorial keyword,auto,125301,0.003395435985134125,12,10,0.09345794392523364,2,VENETO,0.9887151738613419,0.2870288345663642,TRUE,TRUE,TRUE,TRUE
19830626,1983,LISTA PER TRIESTE,TERRITORIAL_LISTS,auto: territorial keyword,auto,92091,0.002495503589811627,13,92,0.8598130841121495,16,FRIULI-VENEZIA GIULIA,0.46116341444875175,0.4350805181831015,TRUE,FALSE,FALSE,FALSE
19830626,1983,PS D'AZ.,TERRITORIAL_LISTS,auto: top region share >= 0.8,auto,91917,0.002490788496864138,14,5,0.04672897196261682,1,SARDEGNA,1,0.2819391407465431,FALSE,TRUE,TRUE,TRUE
19830626,1983,UV-UVP-D.POP.,TERRITORIAL_LISTS,auto: top region share >= 0.8,auto,28078,7.608642516068983e-4,15,1,0.009345794392523364,1,VALLE D'AOSTA/VALLÉE D'AOSTE,1,1,FALSE,TRUE,TRUE,TRUE
19830626,1983,MOV.FRIULI,TERRITORIAL_LISTS,auto: territorial keyword,auto,26190,7.097027833031079e-4,16,4,0.037383177570093455,2,FRIULI-VENEZIA GIULIA,0.9920580374188621,0.7369224894998091,TRUE,TRUE,TRUE,TRUE
19830626,1983,PPTT,TERRITORIAL_LISTS,auto: top region share >= 0.8,auto,18655,5.055175800885636e-4,17,2,0.018691588785046728,1,TRENTINO-ALTO ADIGE/SÜDTIROL,1,0.875797373358349,FALSE,TRUE,TRUE,TRUE
19830626,1983,UN.DIF.PENS.,TERRITORIAL_LISTS,auto: top region share >= 0.8,auto,15182,4.1140540878609335e-4,18,4,0.037383177570093455,1,LAZIO,1,0.857923857199315,FALSE,TRUE,TRUE,TRUE
19830626,1983,PART.MON.NAZ.,TERRITORIAL_LISTS,auto: top region share >= 0.8,auto,13572,3.6777724990415354e-4,19,4,0.037383177570093455,1,LAZIO,1,0.8941939286766873,FALSE,TRUE,TRUE,TRUE
19830626,1983,PART.SUD.TIROL,TERRITORIAL_LISTS,auto: territorial keyword,auto,12270,3.3249534750397615e-4,20,2,0.018691588785046728,1,TRENTINO-ALTO ADIGE/SÜDTIROL,1,0.9783211083944581,TRUE,TRUE,TRUE,TRUE
19830626,1983,UN.PEN.PENS.IT.,TERRITORIAL_LISTS,auto: positive regions <= 2,auto,9944,2.6946485212547177e-4,21,9,0.08411214953271028,2,LAZIO,0.6564762670957361,0.5737127916331456,FALSE,FALSE,TRUE,TRUE
19830626,1983,UNIONE SLOVENA,TERRITORIAL_LISTS,auto: territorial keyword,auto,9433,2.556176538716387e-4,22,5,0.04672897196261682,2,FRIULI-VENEZIA GIULIA,0.968408777695325,0.5854977207675183,TRUE,TRUE,TRUE,TRUE
19830626,1983,POE,TERRITORIAL_LISTS,auto: positive regions <= 2,auto,8070,2.1868275911630702e-4,23,11,0.102803738317757,2,LOMBARDIA,0.6827757125154895,0.24002478314745973,FALSE,FALSE,TRUE,TRUE
19830626,1983,LISTA DI LOTTA,TERRITORIAL_LISTS,auto: top region share >= 0.8,auto,6861,1.8592099260185657e-4,24,4,0.037383177570093455,1,LAZIO,1,0.8166448039644366,FALSE,TRUE,TRUE,TRUE
19830626,1983,PART.CRIST.AZ.SOC.,TERRITORIAL_LISTS,auto: top region share >= 0.8,auto,6354,1.7218218728934508e-4,25,3,0.028037383177570093,1,LOMBARDIA,1,0.6468366383380547,FALSE,TRUE,TRUE,TRUE
19830626,1983,VIV.LIB.,TERRITORIAL_LISTS,auto: top region share >= 0.8,auto,5257,1.4245542313189914e-4,26,4,0.037383177570093455,1,LOMBARDIA,1,0.7213239490203538,FALSE,TRUE,TRUE,TRUE
19830626,1983,FR.NAZ.SIC.,TERRITORIAL_LISTS,auto: top region share >= 0.8,auto,5228,1.416695743073176e-4,27,4,0.037383177570093455,1,SICILIA,1,0.6907039020657996,FALSE,TRUE,TRUE,TRUE
19830626,1983,PART.NAZ.INQ.,TERRITORIAL_LISTS,auto: top region share >= 0.8,auto,4768,1.292043860553348e-4,28,2,0.018691588785046728,1,CAMPANIA,1,0.9033137583892618,FALSE,TRUE,TRUE,TRUE
19830626,1983,MOV.ECOL.SARDO,TERRITORIAL_LISTS,auto: territorial keyword,auto,4263,1.1551977721348413e-4,29,5,0.04672897196261682,1,SARDEGNA,1,0.38048322777386817,TRUE,TRUE,TRUE,TRUE
19830626,1983,PLI-PRI-PSDI,TERRITORIAL_LISTS,auto: top region share >= 0.8,auto,4239,1.1486941956555458e-4,30,1,0.009345794392523364,1,VALLE D'AOSTA/VALLÉE D'AOSTE,1,1,FALSE,TRUE,TRUE,TRUE
19830626,1983,MOV.IND.TLT,TERRITORIAL_LISTS,auto: top region share >= 0.8,auto,2913,7.893715951744764e-5,31,1,0.009345794392523364,1,FRIULI-VENEZIA GIULIA,1,1,FALSE,TRUE,TRUE,TRUE
19830626,1983,NUOVA SINISTRA,TERRITORIAL_LISTS,auto: top region share >= 0.8,auto,1852,5.018593183189599e-5,32,1,0.009345794392523364,1,VALLE D'AOSTA/VALLÉE D'AOSTE,1,1,FALSE,TRUE,TRUE,TRUE
19830626,1983,GIUST. E LIB.,TERRITORIAL_LISTS,auto: top region share >= 0.8,auto,1692,4.58502141790324e-5,33,5,0.04672897196261682,1,SICILIA,1,0.5455082742316785,FALSE,TRUE,TRUE,TRUE
19830626,1983,MOV.POP.CRIST.,TERRITORIAL_LISTS,auto: top region share >= 0.8,auto,1606,4.351976594061823e-5,34,5,0.04672897196261682,1,SICILIA,1,0.41469489414694893,FALSE,TRUE,TRUE,TRUE
19870614,1987,PS D'AZ.,OTHER_LISTS,auto: other non-retained,auto,168462,0.00438161094622972,14,106,0.9906542056074766,19,SARDEGNA,0.731737721266517,0.20835559354631905,FALSE,FALSE,FALSE,FALSE
19870614,1987,CPA,OTHER_LISTS,auto: other non-retained; territorial coverage < 0.65,auto,55814,0.0014516937549884578,17,20,0.18691588785046728,4,TOSCANA,0.3507363743863547,0.24796646002794998,FALSE,FALSE,FALSE,TRUE
19870614,1987,ALL.POP.,OTHER_LISTS,auto: other non-retained,auto,25223,6.560374024809881e-4,20,106,0.9906542056074766,19,LOMBARDIA,0.17040003171708362,0.06926218134242557,FALSE,FALSE,FALSE,FALSE
19870614,1987,MOV.LIB.FISCALE,OTHER_LISTS,auto: other non-retained; territorial coverage < 0.65,auto,24850,6.463358621754968e-4,21,14,0.1308411214953271,4,PIEMONTE,0.5303822937625755,0.43480885311871226,FALSE,FALSE,FALSE,TRUE
19870614,1987,ALL.UM.,OTHER_LISTS,auto: other non-retained; territorial coverage < 0.65,auto,5602,1.4570517102241985e-4,31,17,0.1588785046728972,4,LOMBARDIA,0.32488397001071045,0.24044983934309175,FALSE,FALSE,FALSE,TRUE
19870614,1987,NPP,OTHER_LISTS,auto: other non-retained; territorial coverage < 0.65,auto,5080,1.3212821649301906e-4,32,11,0.102803738317757,3,LAZIO,0.4828740157480315,0.4311023622047244,FALSE,FALSE,FALSE,TRUE
19870614,1987,LIGA VENETA-PU,TERRITORIAL_LISTS,auto: territorial keyword,auto,297359,0.007734156363808593,11,102,0.9532710280373832,19,VENETO,0.32389804915943354,0.07559885525576827,TRUE,FALSE,FALSE,FALSE
19870614,1987,PPST,TERRITORIAL_LISTS,auto: top region share >= 0.8,auto,192992,0.005019623771145814,12,2,0.018691588785046728,1,TRENTINO-ALTO ADIGE/SÜDTIROL,1,0.8764301110926878,FALSE,TRUE,TRUE,TRUE
19870614,1987,LEGA LOMBARDA,TERRITORIAL_LISTS,auto: territorial keyword,auto,185698,0.004829910540614302,13,11,0.102803738317757,2,LOMBARDIA,0.9994561061508471,0.22274876412239228,TRUE,TRUE,TRUE,TRUE
19870614,1987,PIEMONT-AUT.REG.,TERRITORIAL_LISTS,auto: territorial keyword,auto,71880,0.0018695622443933486,15,8,0.07476635514018691,1,PIEMONTE,1,0.60279632721202,TRUE,TRUE,TRUE,TRUE
19870614,1987,PIEMONT,TERRITORIAL_LISTS,auto: territorial keyword,auto,61600,0.0016021846724350343,16,8,0.07476635514018691,1,PIEMONTE,1,0.7137175324675324,TRUE,TRUE,TRUE,TRUE
19870614,1987,UV-ADP-PRI,TERRITORIAL_LISTS,auto: top region share >= 0.8,auto,41700,0.0010845957928659242,18,1,0.009345794392523364,1,VALLE D'AOSTA/VALLÉE D'AOSTE,1,1,FALSE,TRUE,TRUE,TRUE
19870614,1987,DC-PCI-PSI-PSDI,TERRITORIAL_LISTS,auto: top region share >= 0.8,auto,29935,7.785941261256941e-4,19,1,0.009345794392523364,1,VALLE D'AOSTA/VALLÉE D'AOSTE,1,1,FALSE,TRUE,TRUE,TRUE
19870614,1987,ALL.PENS.,TERRITORIAL_LISTS,auto: top region share >= 0.8,auto,21274,5.533259208016708e-4,22,4,0.037383177570093455,1,LAZIO,1,0.8884553915577701,FALSE,TRUE,TRUE,TRUE
19870614,1987,P.VERDE I.VER.E.,TERRITORIAL_LISTS,auto: positive regions <= 2,auto,20895,5.434683235475657e-4,23,7,0.06542056074766354,2,CAMPANIA,0.5230916487197894,0.4501076812634602,FALSE,FALSE,TRUE,TRUE
19870614,1987,MOV.VEN.REG.AUT,TERRITORIAL_LISTS,auto: top region share >= 0.8,auto,18941,4.926457772823374e-4,24,4,0.037383177570093455,1,VENETO,1,0.425848688031255,FALSE,TRUE,TRUE,TRUE
19870614,1987,MOV.NAZ.IT.CACC.,TERRITORIAL_LISTS,auto: positive regions <= 2,auto,14782,3.84472302401537e-4,25,8,0.07476635514018691,2,LOMBARDIA,0.5104857258828305,0.3684210526315789,FALSE,FALSE,TRUE,TRUE
19870614,1987,PNI-CACCIA PESCA,TERRITORIAL_LISTS,auto: top region share >= 0.8,auto,14251,3.706612624492155e-4,26,4,0.037383177570093455,1,LAZIO,1,0.8216967230369798,FALSE,TRUE,TRUE,TRUE
19870614,1987,MOV.FRIULI,TERRITORIAL_LISTS,auto: territorial keyword,auto,12439,3.2353206396784726e-4,27,4,0.037383177570093455,2,FRIULI-VENEZIA GIULIA,0.988503899027253,0.7547230484765657,TRUE,TRUE,TRUE,TRUE
19870614,1987,PART.SUD.TIROL,TERRITORIAL_LISTS,auto: territorial keyword,auto,10636,2.7663695090939975e-4,28,2,0.018691588785046728,1,TRENTINO-ALTO ADIGE/SÜDTIROL,1,0.9634261000376081,TRUE,TRUE,TRUE,TRUE
19870614,1987,VERDI IT.-P.ECOL,TERRITORIAL_LISTS,auto: top region share >= 0.8,auto,10139,2.637102336658898e-4,29,5,0.04672897196261682,1,SARDEGNA,1,0.35743169937863695,FALSE,TRUE,TRUE,TRUE
19870614,1987,PARTIDU INDIP.,TERRITORIAL_LISTS,auto: positive regions <= 2,auto,9909,2.577280506356941e-4,30,9,0.08411214953271028,2,SARDEGNA,0.7017862549197699,0.246745382985165,FALSE,FALSE,TRUE,TRUE
19870614,1987,GIUST. E LIB.,TERRITORIAL_LISTS,auto: top region share >= 0.8,auto,4793,1.246634924509922e-4,33,5,0.04672897196261682,1,SICILIA,1,0.3914041310244106,FALSE,TRUE,TRUE,TRUE
19870614,1987,PART.NAZ.INQ.,TERRITORIAL_LISTS,auto: top region share >= 0.8,auto,2952,7.678001871799061e-5,34,2,0.018691588785046728,1,CAMPANIA,1,0.9170054200542005,FALSE,TRUE,TRUE,TRUE
19870614,1987,RINASCITA SIC.,TERRITORIAL_LISTS,auto: top region share >= 0.8,auto,2951,7.675400922655498e-5,35,5,0.04672897196261682,1,SICILIA,1,0.5249068112504236,FALSE,TRUE,TRUE,TRUE
19870614,1987,MOV.IND.TLT,TERRITORIAL_LISTS,auto: top region share >= 0.8,auto,2072,5.3891666254632976e-5,36,1,0.009345794392523364,1,FRIULI-VENEZIA GIULIA,1,1,FALSE,TRUE,TRUE,TRUE
19920405,1992,LISTA REFERENDUM,OTHER_LISTS,auto: other non-retained,auto,319549,0.00814869592024081,13,106,0.9906542056074766,19,LOMBARDIA,0.1344801579726427,0.11146021423944372,FALSE,FALSE,FALSE,FALSE
19920405,1992,PARTITO PENSIONATI,OTHER_LISTS,auto: other non-retained; territorial coverage < 0.65,auto,220426,0.005620998491358135,14,58,0.5420560747663551,11,LOMBARDIA,0.35390561911934165,0.12571112300726775,FALSE,FALSE,FALSE,TRUE
19920405,1992,CPA,OTHER_LISTS,auto: other non-retained,auto,192656,0.004912846421706572,16,71,0.6635514018691588,13,TOSCANA,0.21728884644132548,0.06493439083132631,FALSE,FALSE,FALSE,FALSE
19920405,1992,FEDERALISMO-PENS.UV.,OTHER_LISTS,auto: other non-retained,auto,154516,0.003940252977827904,17,106,0.9906542056074766,19,SARDEGNA,0.4500698956742344,0.13057547438452977,FALSE,FALSE,FALSE,FALSE
19920405,1992,LA LEGA CAS-PENS.,OTHER_LISTS,auto: other non-retained; territorial coverage < 0.65,auto,133506,0.003404485063410211,19,33,0.308411214953271,6,LOMBARDIA,0.5766707114286999,0.13572423711293874,FALSE,FALSE,FALSE,TRUE
19920405,1992,VERDI FEDERALISTI,OTHER_LISTS,auto: other non-retained; territorial coverage < 0.65,auto,42530,0.001084541142321965,25,15,0.14018691588785046,3,VENETO,0.4607100869974136,0.3075711262638138,FALSE,FALSE,FALSE,TRUE
19920405,1992,LEGA DELLE LEGHE,OTHER_LISTS,auto: other non-retained; territorial coverage < 0.65,auto,27863,7.105236268167626e-4,29,20,0.18691588785046728,6,BASILICATA,0.2914976851021067,0.24957829379463806,FALSE,FALSE,FALSE,TRUE
19920405,1992,MOV.POL.DIF.AUTOMOB.,OTHER_LISTS,auto: other non-retained; territorial coverage < 0.65,auto,10056,2.5643418121772116e-4,35,15,0.14018691588785046,4,LAZIO,0.41607000795544946,0.3474542561654734,FALSE,FALSE,FALSE,TRUE
19920405,1992,PPST,TERRITORIAL_LISTS,auto: top region share >= 0.8,auto,198433,0.0050601634727104276,15,2,0.018691588785046728,1,TRENTINO-ALTO ADIGE/SÜDTIROL,1,0.9033023741010819,FALSE,TRUE,TRUE,TRUE
19920405,1992,LEGA AUT.VENETA,TERRITORIAL_LISTS,auto: territorial keyword,auto,152280,0.003883233603404393,18,6,0.056074766355140186,1,VENETO,1,0.2132059364328868,TRUE,TRUE,TRUE,TRUE
19920405,1992,LEGA ALPINA LUMBARDA,TERRITORIAL_LISTS,auto: top region share >= 0.8,auto,90791,0.002315226307372526,20,7,0.06542056074766354,1,LOMBARDIA,1,0.37241576808273946,FALSE,TRUE,TRUE,TRUE
19920405,1992,LEGA ALPINA PIEMONT,TERRITORIAL_LISTS,auto: territorial keyword,auto,69631,0.001775633300752898,21,8,0.07476635514018691,1,PIEMONTE,1,0.42765434935589036,TRUE,TRUE,TRUE,TRUE
19920405,1992,LEGA D'AZIONE MERIDIONALE,TERRITORIAL_LISTS,auto: territorial keyword,auto,53732,0.0013701990279624695,22,19,0.17757009345794392,5,PUGLIA,0.7193664855207326,0.6034020695302613,TRUE,FALSE,FALSE,TRUE
19920405,1992,MOV.VEN.REG.AUT,TERRITORIAL_LISTS,auto: top region share >= 0.8,auto,49031,0.0012503206383538271,23,6,0.056074766355140186,1,VENETO,1,0.28386123064999697,FALSE,TRUE,TRUE,TRUE
19920405,1992,UNION VENETO,TERRITORIAL_LISTS,auto: territorial keyword,auto,48805,0.0012445574994362453,24,6,0.056074766355140186,1,VENETO,1,0.4386230918963221,TRUE,TRUE,TRUE,TRUE
19920405,1992,L.VALLE D'AOSTA,TERRITORIAL_LISTS,auto: territorial keyword,auto,41398,0.0010556744465046958,26,1,0.009345794392523364,1,VALLE D'AOSTA/VALLÉE D'AOSTE,1,1,TRUE,TRUE,TRUE,TRUE
19920405,1992,LG.LOMB.EUR.T.LIB.,TERRITORIAL_LISTS,auto: top region share >= 0.8,auto,33557,8.557241268022145e-4,27,3,0.028037383177570093,1,LOMBARDIA,1,0.5129779181690854,FALSE,TRUE,TRUE,TRUE
19920405,1992,GRUPPO DOLCHI-FOSSON,TERRITORIAL_LISTS,auto: top region share >= 0.8,auto,30719,7.833533823416046e-4,28,1,0.009345794392523364,1,VALLE D'AOSTA/VALLÉE D'AOSTE,1,1,FALSE,TRUE,TRUE,TRUE
19920405,1992,VERDI-VERDI,TERRITORIAL_LISTS,auto: top region share >= 0.8,auto,25848,6.591398882374361e-4,30,5,0.04672897196261682,1,PIEMONTE,1,0.8042788610337357,FALSE,TRUE,TRUE,TRUE
19920405,1992,PART.AMORE,TERRITORIAL_LISTS,auto: top region share >= 0.8,auto,22388,5.709077614461358e-4,31,4,0.037383177570093455,1,LAZIO,1,0.7939521172056458,FALSE,TRUE,TRUE,TRUE
19920405,1992,ALLEANZA LOMBARDA AUTONOMIA,TERRITORIAL_LISTS,auto: territorial keyword,auto,15056,3.839372546155539e-4,32,4,0.037383177570093455,1,LOMBARDIA,1,0.5838204038257173,TRUE,TRUE,TRUE,TRUE
19920405,1992,PARTIDU INDIP.,TERRITORIAL_LISTS,auto: top region share >= 0.8,auto,15055,3.839117540008743e-4,33,5,0.04672897196261682,1,SARDEGNA,1,0.27087346396545997,FALSE,TRUE,TRUE,TRUE
19920405,1992,PIEMONT LIBER,TERRITORIAL_LISTS,auto: territorial keyword,auto,11248,2.868309139157645e-4,34,5,0.04672897196261682,1,PIEMONTE,1,0.7654694167852063,TRUE,TRUE,TRUE,TRUE
19920405,1992,LEGA MARCHE,TERRITORIAL_LISTS,auto: top region share >= 0.8,auto,8026,2.046679334182011e-4,36,6,0.056074766355140186,2,MARCHE,0.9887864440568154,0.3073760279092948,FALSE,TRUE,TRUE,TRUE
19920405,1992,LEGA LAZIO,TERRITORIAL_LISTS,auto: top region share >= 0.8,auto,5915,1.5083613582963612e-4,37,4,0.037383177570093455,1,LAZIO,1,0.6566356720202874,FALSE,TRUE,TRUE,TRUE
19920405,1992,E.ROMAGNA-LG PADANA,TERRITORIAL_LISTS,auto: territorial keyword,auto,5836,1.4882158726995035e-4,38,4,0.037383177570093455,1,EMILIA-ROMAGNA,1,0.34184372858122003,TRUE,TRUE,TRUE,TRUE
19920405,1992,C.S.T.,TERRITORIAL_LISTS,auto: top region share >= 0.8,auto,5717,1.4578701412308194e-4,39,6,0.056074766355140186,2,MARCHE,0.9961518278817562,0.3797446213048802,FALSE,TRUE,TRUE,TRUE
19920405,1992,P.CRIST.DEMOCRAZIA,TERRITORIAL_LISTS,auto: top region share >= 0.8,auto,5039,1.284975973703358e-4,40,4,0.037383177570093455,1,LAZIO,1,0.8148442151220481,FALSE,TRUE,TRUE,TRUE
19920405,1992,MOV.AUT.TOSCANO,TERRITORIAL_LISTS,auto: top region share >= 0.8,auto,4395,1.1207520151669496e-4,41,3,0.028037383177570093,1,TOSCANA,1,0.7007963594994312,FALSE,TRUE,TRUE,TRUE
19920405,1992,LEGA MERID.D'IT.,TERRITORIAL_LISTS,auto: territorial keyword,auto,4053,1.033539912962832e-4,42,4,0.037383177570093455,1,LOMBARDIA,1,0.7031828275351591,TRUE,TRUE,TRUE,TRUE
19920405,1992,PART.EUROPA 2000,TERRITORIAL_LISTS,auto: positive regions <= 2,auto,3371,8.596257208481882e-5,43,8,0.07476635514018691,2,LIGURIA,0.5912192227825571,0.3761495105309997,FALSE,FALSE,TRUE,TRUE
19920405,1992,VIVERE INSIEME,TERRITORIAL_LISTS,auto: top region share >= 0.8,auto,2842,7.247274691932811e-5,44,4,0.037383177570093455,1,LAZIO,1,0.794862772695285,FALSE,TRUE,TRUE,TRUE
19920405,1992,PART.GIUSTIZIALISTA,TERRITORIAL_LISTS,auto: top region share >= 0.8,auto,2791,7.117221557067022e-5,45,4,0.037383177570093455,1,LAZIO,1,0.7355786456467216,FALSE,TRUE,TRUE,TRUE
19920405,1992,MOVIMENTO DELLE LIBERTA',TERRITORIAL_LISTS,auto: top region share >= 0.8,auto,2394,6.10484715428823e-5,46,5,0.04672897196261682,1,CALABRIA,1,0.6466165413533834,FALSE,TRUE,TRUE,TRUE
19920405,1992,MOV.EUR.AUTOMOB.,TERRITORIAL_LISTS,auto: top region share >= 0.8,auto,2094,5.339828713901234e-5,47,5,0.04672897196261682,1,EMILIA-ROMAGNA,1,0.43170964660936006,FALSE,TRUE,TRUE,TRUE
19920405,1992,LG.NAZ.PROTESTA,TERRITORIAL_LISTS,auto: top region share >= 0.8,auto,1446,3.687388882665322e-5,48,4,0.037383177570093455,1,LAZIO,1,0.8125864453665284,FALSE,TRUE,TRUE,TRUE
19920405,1992,RINNOVAMENTO,TERRITORIAL_LISTS,auto: top region share >= 0.8,auto,1189,3.032023085400462e-5,49,4,0.037383177570093455,2,FRIULI-VENEZIA GIULIA,0.8107653490328006,0.42304457527333894,FALSE,TRUE,TRUE,TRUE
19920405,1992,LG.MERID.UN.NAZ.,TERRITORIAL_LISTS,auto: territorial keyword,auto,464,1.1832285211318877e-5,50,2,0.018691588785046728,1,BASILICATA,1,0.7349137931034483,TRUE,TRUE,TRUE,TRUE
19940327,1994,SOCIALDEMOCRAZIA,OTHER_LISTS,auto: other non-retained; territorial coverage < 0.65,auto,180203,0.004644199663860383,14,54,0.5046728971962616,11,PUGLIA,0.21357580062485088,0.07832278041985982,FALSE,FALSE,FALSE,TRUE
19940327,1994,PART.LEGGE NATURALE,OTHER_LISTS,auto: other non-retained; territorial coverage < 0.65,auto,25351,6.533470901068494e-4,23,12,0.11214953271028037,5,VENETO,0.3404204962328902,0.24902370715159167,FALSE,FALSE,FALSE,TRUE
19940327,1994,SVP,TERRITORIAL_LISTS,auto: territorial keyword,auto,231825,0.005974604124650718,13,3,0.028037383177570093,2,TRENTINO-ALTO ADIGE/SÜDTIROL,0.9996592257090477,0.8036622452280815,TRUE,TRUE,TRUE,TRUE
19940327,1994,PROGRAMMA ITALIA,TERRITORIAL_LISTS,auto: positive regions <= 2,auto,150431,0.0038769143667651555,15,7,0.06542056074766354,2,PUGLIA,0.7632402895679747,0.23675971043202532,FALSE,FALSE,TRUE,TRUE
19940327,1994,LEGA ALPINA LUMBARDA,TERRITORIAL_LISTS,auto: top region share >= 0.8,auto,136411,0.0035155903084125055,16,13,0.12149532710280374,2,LOMBARDIA,0.9991276363343132,0.17885654382711072,FALSE,TRUE,TRUE,TRUE
19940327,1994,LEGA AUT.VENETA,TERRITORIAL_LISTS,auto: territorial keyword,auto,105345,0.002714955986245357,17,8,0.07476635514018691,2,VENETO,0.9998196402297214,0.2481465660449001,TRUE,TRUE,TRUE,TRUE
19940327,1994,LEGA D'AZIONE MERIDIONALE,TERRITORIAL_LISTS,auto: territorial keyword,auto,59753,0.0015399569514084087,18,6,0.056074766355140186,1,PUGLIA,1,0.8291633892858936,TRUE,TRUE,TRUE,TRUE
19940327,1994,LISTE VALDOSTANE,TERRITORIAL_LISTS,auto: territorial keyword,auto,43700,0.001126238327390214,19,1,0.009345794392523364,1,VALLE D'AOSTA/VALLÉE D'AOSTE,1,1,TRUE,TRUE,TRUE,TRUE
19940327,1994,UN.POP.,TERRITORIAL_LISTS,auto: top region share >= 0.8,auto,36255,9.34365459028197e-4,20,4,0.037383177570093455,1,CAMPANIA,1,0.45494414563508484,FALSE,TRUE,TRUE,TRUE
19940327,1994,VERDI-VERDI,TERRITORIAL_LISTS,auto: top region share >= 0.8,auto,32823,8.459158036597024e-4,21,1,0.009345794392523364,1,PIEMONTE,1,1,FALSE,TRUE,TRUE,TRUE
19940327,1994,SOLID.OCCUPAZ.SVILUP,TERRITORIAL_LISTS,auto: top region share >= 0.8,auto,32415,8.354008096648464e-4,22,9,0.08411214953271028,1,SICILIA,1,0.23532315286132963,FALSE,TRUE,TRUE,TRUE
19940327,1994,PARTIDU INDIP.,TERRITORIAL_LISTS,auto: top region share >= 0.8,auto,20792,5.358523410319755e-4,24,5,0.04672897196261682,1,SARDEGNA,1,0.2827529819161216,FALSE,TRUE,TRUE,TRUE
19940327,1994,UNIONE DEM.ITALIANA,TERRITORIAL_LISTS,auto: territorial keyword,auto,20085,5.176315058497128e-4,25,4,0.037383177570093455,1,CAMPANIA,1,0.5492158327109783,TRUE,TRUE,TRUE,TRUE
19940327,1994,PROGRESSISTI,TERRITORIAL_LISTS,auto: top region share >= 0.8,auto,17942,4.6240201533261375e-4,26,1,0.009345794392523364,1,VALLE D'AOSTA/VALLÉE D'AOSTE,1,1,FALSE,TRUE,TRUE,TRUE
19940327,1994,UN.CRIST.RIF.,TERRITORIAL_LISTS,auto: top region share >= 0.8,auto,15768,4.0637359144825845e-4,27,1,0.009345794392523364,1,CAMPANIA,1,1,FALSE,TRUE,TRUE,TRUE
19940327,1994,PATTO SOLIDARIETA',TERRITORIAL_LISTS,auto: territorial keyword,auto,15577,4.01451131024196e-4,28,4,0.037383177570093455,1,LIGURIA,1,0.6513449316299672,TRUE,TRUE,TRUE,TRUE
19940327,1994,LG.ANGELA BOSSI,TERRITORIAL_LISTS,auto: top region share >= 0.8,auto,15260,3.9328139304289857e-4,29,2,0.018691588785046728,1,LOMBARDIA,1,0.7451507208387942,FALSE,TRUE,TRUE,TRUE
19940327,1994,LEGA PER IL PIEMONTE,TERRITORIAL_LISTS,auto: territorial keyword,auto,15062,3.881785283101008e-4,30,1,0.009345794392523364,1,PIEMONTE,1,1,TRUE,TRUE,TRUE,TRUE
19940327,1994,ALL.MERIDIONALE,TERRITORIAL_LISTS,auto: territorial keyword,auto,14006,3.609632497351794e-4,31,5,0.04672897196261682,1,CAMPANIA,1,0.4940739682993003,TRUE,TRUE,TRUE,TRUE
19940327,1994,ADA,TERRITORIAL_LISTS,auto: top region share >= 0.8,auto,12898,3.324078248667959e-4,32,3,0.028037383177570093,2,TRENTINO-ALTO ADIGE/SÜDTIROL,0.999922468599783,0.9261901069933323,FALSE,TRUE,TRUE,TRUE
19940327,1994,ALL.POP.,TERRITORIAL_LISTS,auto: top region share >= 0.8,auto,11928,3.0740894208490787e-4,33,6,0.056074766355140186,1,PUGLIA,1,0.40987592219986585,FALSE,TRUE,TRUE,TRUE
19940327,1994,INIZIATIVA POP.DEM.,TERRITORIAL_LISTS,auto: top region share >= 0.8,auto,11596,2.988526234420348e-4,34,4,0.037383177570093455,1,VENETO,1,0.40979648154536047,FALSE,TRUE,TRUE,TRUE
19940327,1994,L'ARCA,TERRITORIAL_LISTS,auto: positive regions <= 2,auto,11427,2.944971479882832e-4,35,6,0.056074766355140186,2,CAMPANIA,0.6473265073947668,0.6473265073947668,FALSE,FALSE,TRUE,TRUE
19940327,1994,RIN.SALENTINA,TERRITORIAL_LISTS,auto: top region share >= 0.8,auto,11419,2.942909716354429e-4,36,6,0.056074766355140186,1,PUGLIA,1,0.840003502933707,FALSE,TRUE,TRUE,TRUE
19940327,1994,MOV.CRIST.DEM.,TERRITORIAL_LISTS,auto: top region share >= 0.8,auto,10875,2.802709796423016e-4,37,4,0.037383177570093455,1,LAZIO,1,0.5131034482758621,FALSE,TRUE,TRUE,TRUE
19940327,1994,INSIEME PER SVILUPPO,TERRITORIAL_LISTS,auto: top region share >= 0.8,auto,10252,2.642149961648621e-4,38,10,0.09345794392523364,1,TOSCANA,1,0.6879633242294186,FALSE,TRUE,TRUE,TRUE
19940327,1994,SOLID.PROGRESSO,TERRITORIAL_LISTS,auto: top region share >= 0.8,auto,10221,2.634160627976059e-4,39,6,0.056074766355140186,1,PUGLIA,1,0.5240191762058507,FALSE,TRUE,TRUE,TRUE
19940327,1994,LISTA FRANCO GRECO,TERRITORIAL_LISTS,auto: top region share >= 0.8,auto,10215,2.632614305329757e-4,40,5,0.04672897196261682,1,SICILIA,1,0.8543318649045522,FALSE,TRUE,TRUE,TRUE
19940327,1994,RINASCITA SOCIALISTA,TERRITORIAL_LISTS,auto: top region share >= 0.8,auto,9814,2.529268408468549e-4,41,1,0.009345794392523364,1,CAMPANIA,1,1,FALSE,TRUE,TRUE,TRUE
19940327,1994,DEM.E SOLIDARIETA',TERRITORIAL_LISTS,auto: top region share >= 0.8,auto,9542,2.459168448502843e-4,42,6,0.056074766355140186,1,PUGLIA,1,0.6064766296373926,FALSE,TRUE,TRUE,TRUE
19940327,1994,UNIONE MEDITERRANEA,TERRITORIAL_LISTS,auto: territorial keyword,auto,9186,2.3674199714889032e-4,43,7,0.06542056074766354,2,CALABRIA,0.6666666666666666,0.33137382974091006,TRUE,FALSE,TRUE,TRUE
19940327,1994,MOV.MERIDIONALE,TERRITORIAL_LISTS,auto: territorial keyword,auto,8897,2.2929387640253397e-4,44,5,0.04672897196261682,1,CALABRIA,1,0.37990333820388894,TRUE,TRUE,TRUE,TRUE
19940327,1994,DEMOCRAZIA SICILIANA,TERRITORIAL_LISTS,auto: territorial keyword,auto,8407,2.1666557479106476e-4,45,5,0.04672897196261682,1,SICILIA,1,0.4573569644343999,TRUE,TRUE,TRUE,TRUE
19940327,1994,MOV.CATTOLICO DEM.,TERRITORIAL_LISTS,auto: top region share >= 0.8,auto,8344,2.1504193601244728e-4,46,2,0.018691588785046728,1,MOLISE,1,0.9523010546500479,FALSE,TRUE,TRUE,TRUE
19940327,1994,RIFORMISTI IRPINI,TERRITORIAL_LISTS,auto: top region share >= 0.8,auto,8262,2.1292862839583407e-4,47,4,0.037383177570093455,1,CAMPANIA,1,0.5488985717743887,FALSE,TRUE,TRUE,TRUE
19940327,1994,P.DEM.,TERRITORIAL_LISTS,auto: top region share >= 0.8,auto,7649,1.9713036535944501e-4,48,9,0.08411214953271028,1,EMILIA-ROMAGNA,1,0.18629886259641784,FALSE,TRUE,TRUE,TRUE
19940327,1994,UNIONE POP.,TERRITORIAL_LISTS,auto: territorial keyword,auto,7545,1.9445007277252093e-4,49,6,0.056074766355140186,1,PUGLIA,1,0.5125248508946322,TRUE,TRUE,TRUE,TRUE
19940327,1994,ALL.MUNICIPALITA',TERRITORIAL_LISTS,auto: top region share >= 0.8,auto,7431,1.9151205974454646e-4,50,4,0.037383177570093455,1,ABRUZZO,1,0.6273718207509084,FALSE,TRUE,TRUE,TRUE
19940327,1994,UTOPIA,TERRITORIAL_LISTS,auto: top region share >= 0.8,auto,6894,1.776724720601404e-4,51,6,0.056074766355140186,1,PUGLIA,1,0.602697998259356,FALSE,TRUE,TRUE,TRUE
19940327,1994,MOV.REP.,TERRITORIAL_LISTS,auto: top region share >= 0.8,auto,6621,1.7063670401946468e-4,52,5,0.04672897196261682,1,SICILIA,1,0.651865277148467,FALSE,TRUE,TRUE,TRUE
19940327,1994,MOV.CRIST.VERITAS,TERRITORIAL_LISTS,auto: top region share >= 0.8,auto,6410,1.6519880271330143e-4,53,5,0.04672897196261682,1,CALABRIA,1,0.5839313572542901,FALSE,TRUE,TRUE,TRUE
19940327,1994,RINNOVAMENTO,TERRITORIAL_LISTS,auto: top region share >= 0.8,auto,6016,1.5504461733591596e-4,54,3,0.028037383177570093,2,PIEMONTE,0.8470744680851063,0.8470744680851063,FALSE,TRUE,TRUE,TRUE
19940327,1994,RIN.DEMOCRATICO,TERRITORIAL_LISTS,auto: top region share >= 0.8,auto,5578,1.4375646201790878e-4,55,5,0.04672897196261682,1,SICILIA,1,0.4790247400501972,FALSE,TRUE,TRUE,TRUE
19940327,1994,LIBERAL DEM.EUROPEI,TERRITORIAL_LISTS,auto: top region share >= 0.8,auto,4751,1.2244298154304135e-4,56,5,0.04672897196261682,1,CALABRIA,1,0.5794569564302252,FALSE,TRUE,TRUE,TRUE
19940327,1994,INSIEME PER CAMBIARE,TERRITORIAL_LISTS,auto: top region share >= 0.8,auto,4588,1.1824213835391995e-4,57,2,0.018691588785046728,1,BASILICATA,1,0.8138622493461203,FALSE,TRUE,TRUE,TRUE
19940327,1994,P.POP.PROGRESSISTA,TERRITORIAL_LISTS,auto: top region share >= 0.8,auto,4554,1.1736588885434862e-4,58,2,0.018691588785046728,1,MOLISE,1,0.8605621431708388,FALSE,TRUE,TRUE,TRUE
19940327,1994,CENTRO DEMOCRATICO,TERRITORIAL_LISTS,auto: top region share >= 0.8,auto,4427,1.1409283925300865e-4,59,5,0.04672897196261682,1,SARDEGNA,1,0.3844590015812062,FALSE,TRUE,TRUE,TRUE
19940327,1994,MEDITERRANEO,TERRITORIAL_LISTS,auto: top region share >= 0.8,auto,3821,9.847498052535487e-5,60,4,0.037383177570093455,1,SICILIA,1,0.4551164616592515,FALSE,TRUE,TRUE,TRUE
19940327,1994,MOV.LIBERALDEM.SOC.,TERRITORIAL_LISTS,auto: top region share >= 0.8,auto,3498,9.015061027942721e-5,61,5,0.04672897196261682,1,CALABRIA,1,0.6629502572898799,FALSE,TRUE,TRUE,TRUE
19940327,1994,ALL.PROGRAMMA,TERRITORIAL_LISTS,auto: top region share >= 0.8,auto,3376,8.700642089861242e-5,62,6,0.056074766355140186,1,PUGLIA,1,0.3936611374407583,FALSE,TRUE,TRUE,TRUE
19940327,1994,MOV.POP.CRIST.,TERRITORIAL_LISTS,auto: top region share >= 0.8,auto,3352,8.638789184009148e-5,63,5,0.04672897196261682,1,SICILIA,1,0.41079952267303105,FALSE,TRUE,TRUE,TRUE
19940327,1994,MOV.EUR.LIB.CRIST.,TERRITORIAL_LISTS,auto: top region share >= 0.8,auto,2900,7.473892790461374e-5,64,1,0.009345794392523364,1,LAZIO,1,1,FALSE,TRUE,TRUE,TRUE
19940327,1994,IDEA CITTA',TERRITORIAL_LISTS,auto: top region share >= 0.8,auto,2803,7.223903962642494e-5,65,5,0.04672897196261682,1,CALABRIA,1,0.45201569746699966,FALSE,TRUE,TRUE,TRUE
19940327,1994,AUTONOMIA SOCIALISTA,TERRITORIAL_LISTS,auto: territorial keyword,auto,2720,7.009995996570669e-5,66,2,0.018691588785046728,1,BASILICATA,1,0.7176470588235294,TRUE,TRUE,TRUE,TRUE
19940327,1994,ALL.PER I CASTELLI,TERRITORIAL_LISTS,auto: top region share >= 0.8,auto,2662,6.86051814076144e-5,67,1,0.009345794392523364,1,LAZIO,1,1,FALSE,TRUE,TRUE,TRUE
19940327,1994,CENTRO CRIST.DEM.,TERRITORIAL_LISTS,auto: top region share >= 0.8,auto,2646,6.819282870193379e-5,68,2,0.018691588785046728,1,MOLISE,1,0.5132275132275133,FALSE,TRUE,TRUE,TRUE
19940327,1994,DEM.E RINNOVAMENTO,TERRITORIAL_LISTS,auto: top region share >= 0.8,auto,2379,6.131169292588831e-5,69,1,0.009345794392523364,1,CAMPANIA,1,1,FALSE,TRUE,TRUE,TRUE
19960421,1996,MOV.SOC.TRICOLORE,OTHER_LISTS,auto: other non-retained,auto,338658,0.009016453194012076,11,83,0.7757009345794392,15,LAZIO,0.16852990332429768,0.09105646404337119,FALSE,FALSE,FALSE,FALSE
19960421,1996,SOCIALISTA,OTHER_LISTS,auto: other non-retained; territorial coverage < 0.65,auto,149511,0.003980590842354055,12,38,0.35514018691588783,9,CAMPANIA,0.27554494318143813,0.11114901244724469,FALSE,FALSE,FALSE,TRUE
19960421,1996,MANI PULITE,OTHER_LISTS,auto: other non-retained; territorial coverage < 0.65,auto,44508,0.001184983962460918,16,29,0.27102803738317754,5,PUGLIA,0.3914801833378269,0.15675833558012042,FALSE,FALSE,FALSE,TRUE
19960421,1996,PART.UMANISTA,OTHER_LISTS,auto: other non-retained; territorial coverage < 0.65,auto,14804,3.9414268401796146e-4,25,14,0.1308411214953271,4,LOMBARDIA,0.40266144285328287,0.3570656579302891,FALSE,FALSE,FALSE,TRUE
19960421,1996,RINNOVAMENTO,OTHER_LISTS,auto: other non-retained; territorial coverage < 0.65,auto,14041,3.738285210953929e-4,26,12,0.11214953271028037,4,SICILIA,0.623032547539349,0.2724164945516701,FALSE,FALSE,FALSE,TRUE
19960421,1996,LEGA D'AZIONE MERIDIONALE,TERRITORIAL_LISTS,auto: territorial keyword,auto,72243,0.001923402453492947,13,6,0.056074766355140186,1,PUGLIA,1,0.889982420442119,TRUE,TRUE,TRUE,TRUE
19960421,1996,UNIONE NORD EST,TERRITORIAL_LISTS,auto: territorial keyword,auto,63951,0.0017026356920854264,14,4,0.037383177570093455,1,VENETO,1,0.35400541039233163,TRUE,TRUE,TRUE,TRUE
19960421,1996,UNION FUR SUD TIROL,TERRITORIAL_LISTS,auto: territorial keyword,auto,55502,0.0014776889521997364,15,3,0.028037383177570093,2,TRENTINO-ALTO ADIGE/SÜDTIROL,0.9998738784187957,0.8943821844257864,TRUE,TRUE,TRUE,TRUE
19960421,1996,NOI SICILIANI-FNS,TERRITORIAL_LISTS,auto: territorial keyword,auto,40845,0.001087460005992545,17,9,0.08411214953271028,1,SICILIA,1,0.25503733627126945,TRUE,TRUE,TRUE,TRUE
19960421,1996,PS D'AZ.,TERRITORIAL_LISTS,auto: top region share >= 0.8,auto,37962,0.0010107028215813195,18,5,0.04672897196261682,1,SARDEGNA,1,0.2651072124756335,FALSE,TRUE,TRUE,TRUE
19960421,1996,LISTE VALDOSTANE,TERRITORIAL_LISTS,auto: territorial keyword,auto,37431,9.965654421424152e-4,19,1,0.009345794392523364,1,VALLE D'AOSTA/VALLÉE D'AOSTE,1,1,TRUE,TRUE,TRUE,TRUE
19960421,1996,VERDI-VERDI,TERRITORIAL_LISTS,auto: top region share >= 0.8,auto,25787,6.865548090226406e-4,20,1,0.009345794392523364,1,PIEMONTE,1,1,FALSE,TRUE,TRUE,TRUE
19960421,1996,SARDIGNA NATZIONE,TERRITORIAL_LISTS,auto: territorial keyword,auto,23322,6.209264845087069e-4,21,5,0.04672897196261682,1,SARDEGNA,1,0.3444387273818712,TRUE,TRUE,TRUE,TRUE
19960421,1996,GR.INDIP.LIBERTA',TERRITORIAL_LISTS,auto: top region share >= 0.8,auto,17435,4.6419060361072397e-4,22,6,0.056074766355140186,1,PUGLIA,1,0.3740177803269286,FALSE,TRUE,TRUE,TRUE
19960421,1996,POLO PER LE LIBERTA',TERRITORIAL_LISTS,auto: top region share >= 0.8,auto,15810,4.2092649515833357e-4,23,1,0.009345794392523364,1,VALLE D'AOSTA/VALLÉE D'AOSTE,1,1,FALSE,TRUE,TRUE,TRUE
19960421,1996,AMBIENTALISTI,TERRITORIAL_LISTS,auto: top region share >= 0.8,auto,15672,4.172523739482229e-4,24,6,0.056074766355140186,1,PUGLIA,1,0.6050918836140888,FALSE,TRUE,TRUE,TRUE
19960421,1996,PATTO PER L'AGRO,TERRITORIAL_LISTS,auto: territorial keyword,auto,12304,3.275825171681301e-4,27,4,0.037383177570093455,1,CAMPANIA,1,0.7762516254876463,TRUE,TRUE,TRUE,TRUE
19960421,1996,VALLE D'AOSTA-ULIVO,TERRITORIAL_LISTS,auto: territorial keyword,auto,11526,3.0686899324446255e-4,28,1,0.009345794392523364,1,VALLE D'AOSTA/VALLÉE D'AOSTE,1,1,TRUE,TRUE,TRUE,TRUE
19960421,1996,MOV.RIN.IT.,TERRITORIAL_LISTS,auto: top region share >= 0.8,auto,8917,2.3740680311997854e-4,29,4,0.037383177570093455,1,CAMPANIA,1,0.6899181339015364,FALSE,TRUE,TRUE,TRUE
19960421,1996,MOV.AUT.TOSCANO,TERRITORIAL_LISTS,auto: top region share >= 0.8,auto,8607,2.2915334243059945e-4,30,10,0.09345794392523364,1,TOSCANA,1,0.3479725804577669,FALSE,TRUE,TRUE,TRUE
19960421,1996,PART.LEGGE NATURALE,TERRITORIAL_LISTS,auto: top region share >= 0.8,auto,8302,2.2103300207492003e-4,31,3,0.028037383177570093,2,TRENTINO-ALTO ADIGE/SÜDTIROL,0.9996386412912551,0.7887256082871598,FALSE,TRUE,TRUE,TRUE
19960421,1996,NUOVA DEMOCRAZIA,TERRITORIAL_LISTS,auto: top region share >= 0.8,auto,8161,2.1727900866458952e-4,32,9,0.08411214953271028,1,EMILIA-ROMAGNA,1,0.3032716578850631,FALSE,TRUE,TRUE,TRUE
19960421,1996,DEMOCRAZIA SOCIALE,TERRITORIAL_LISTS,auto: top region share >= 0.8,auto,8003,2.130724061196802e-4,33,1,0.009345794392523364,1,CAMPANIA,1,1,FALSE,TRUE,TRUE,TRUE
19960421,1996,FEDERALISTI LIBERALI,TERRITORIAL_LISTS,auto: top region share >= 0.8,auto,6479,1.7249732840802297e-4,34,4,0.037383177570093455,1,SICILIA,1,0.5047075165920667,FALSE,TRUE,TRUE,TRUE
19960421,1996,PER LE MARCHE,TERRITORIAL_LISTS,auto: top region share >= 0.8,auto,5545,1.4763045007292597e-4,35,6,0.056074766355140186,2,MARCHE,0.9931469792605951,0.6211000901713255,FALSE,TRUE,TRUE,TRUE
19960421,1996,NUOVE ENERGIE,TERRITORIAL_LISTS,auto: top region share >= 0.8,auto,5477,1.4582001353461056e-4,36,1,0.009345794392523364,1,PIEMONTE,1,1,FALSE,TRUE,TRUE,TRUE
19960421,1996,SVILUPPO-LEGALITA',TERRITORIAL_LISTS,auto: top region share >= 0.8,auto,5003,1.3320020589988255e-4,37,1,0.009345794392523364,1,CAMPANIA,1,1,FALSE,TRUE,TRUE,TRUE
19960421,1996,NORD LIBERO AUT.,TERRITORIAL_LISTS,auto: top region share >= 0.8,auto,4961,1.3208199509680537e-4,38,4,0.037383177570093455,1,FRIULI-VENEZIA GIULIA,1,0.3729086877645636,FALSE,TRUE,TRUE,TRUE
19960421,1996,PART.FEDERAL.,TERRITORIAL_LISTS,auto: top region share >= 0.8,auto,3769,1.0034610754280577e-4,39,1,0.009345794392523364,1,PIEMONTE,1,1,FALSE,TRUE,TRUE,TRUE
19960421,1996,RISORGIMENTO DEL SUD,TERRITORIAL_LISTS,auto: top region share >= 0.8,auto,3044,8.104365915635468e-5,40,2,0.018691588785046728,1,MOLISE,1,0.9411957950065704,FALSE,TRUE,TRUE,TRUE
20010513,2001,NUOVO PSI,OTHER_LISTS,auto: other non-retained,auto,352329,0.009518668941953705,13,95,0.8878504672897196,18,SICILIA,0.12058048017619895,0.051014818536084174,FALSE,FALSE,FALSE,FALSE
20010513,2001,FIAMMA TRICOLORE,OTHER_LISTS,auto: other non-retained; territorial coverage < 0.65,auto,142074,0.003838331137258445,15,38,0.35514018691588783,10,PUGLIA,0.24417557047735686,0.10994974449934541,FALSE,FALSE,FALSE,TRUE
20010513,2001,PAESE NUOVO,OTHER_LISTS,auto: other non-retained,auto,33345,9.008625911277421e-4,19,71,0.6635514018691588,16,SICILIA,0.18953366321787374,0.06738641475483581,FALSE,FALSE,FALSE,FALSE
20010513,2001,ABOLIZIONE SCORPORO,OTHER_LISTS,auto: other non-retained,auto,26727,7.220679104234868e-4,20,106,0.9906542056074766,19,LOMBARDIA,0.13054214838926928,0.06768436412616455,FALSE,FALSE,FALSE,FALSE
20010513,2001,FRONTE NAZIONALE,OTHER_LISTS,auto: other non-retained; territorial coverage < 0.65,auto,23230,6.275914827379652e-4,23,7,0.06542056074766354,3,LAZIO,0.5011192423590185,0.5011192423590185,FALSE,FALSE,FALSE,TRUE
20010513,2001,SVP,TERRITORIAL_LISTS,auto: territorial keyword,auto,200056,0.005404797316858647,14,3,0.028037383177570093,2,TRENTINO-ALTO ADIGE/SÜDTIROL,0.9998900307913784,0.907890790578638,TRUE,TRUE,TRUE,TRUE
20010513,2001,LIGA FRONTE VENETO,TERRITORIAL_LISTS,auto: territorial keyword,auto,74335,0.002008265728339503,16,8,0.07476635514018691,2,VENETO,0.9997847581892783,0.2656083944306181,TRUE,TRUE,TRUE,TRUE
20010513,2001,PARTITO PENSIONATI,TERRITORIAL_LISTS,auto: top region share >= 0.8,auto,66028,0.0017838403109006616,17,8,0.07476635514018691,1,LOMBARDIA,1,0.3074301811352759,FALSE,TRUE,TRUE,TRUE
20010513,2001,PS D'AZ-SARD.NATZ.,TERRITORIAL_LISTS,auto: territorial keyword,auto,34345,9.278790131138793e-4,18,5,0.04672897196261682,1,SARDEGNA,1,0.3629058087057796,TRUE,TRUE,TRUE,TRUE
20010513,2001,LISTE VALDOSTANE,TERRITORIAL_LISTS,auto: territorial keyword,auto,25577,6.90999025139429e-4,21,1,0.009345794392523364,1,VALLE D'AOSTA/VALLÉE D'AOSTE,1,1,TRUE,TRUE,TRUE,TRUE
20010513,2001,LEGA D'AZIONE MERIDIONALE,TERRITORIAL_LISTS,auto: territorial keyword,auto,23812,6.43315040333897e-4,22,6,0.056074766355140186,1,PUGLIA,1,0.8196287586091047,TRUE,TRUE,TRUE,TRUE
20010513,2001,VERDI-VERDI,TERRITORIAL_LISTS,auto: top region share >= 0.8,auto,18251,4.930767176689885e-4,24,1,0.009345794392523364,1,PIEMONTE,1,1,FALSE,TRUE,TRUE,TRUE
20010513,2001,CASA DELLE LIBERTA',TERRITORIAL_LISTS,auto: top region share >= 0.8,auto,16049,4.335865564555146e-4,25,1,0.009345794392523364,1,VALLE D'AOSTA/VALLÉE D'AOSTE,1,1,FALSE,TRUE,TRUE,TRUE
20010513,2001,FORZA NUOVA,TERRITORIAL_LISTS,auto: positive regions <= 2,auto,13535,3.656672715823659e-4,26,5,0.04672897196261682,2,VENETO,0.7420022164758034,0.3736239379386775,FALSE,FALSE,TRUE,TRUE
20010513,2001,LISTA AMADU,TERRITORIAL_LISTS,auto: top region share >= 0.8,auto,11513,3.1104006632639664e-4,27,5,0.04672897196261682,1,SARDEGNA,1,0.8730131156084426,FALSE,TRUE,TRUE,TRUE
20010513,2001,REPUBBLICANI EUROPEI,TERRITORIAL_LISTS,auto: top region share >= 0.8,auto,7983,2.156720967153326e-4,28,6,0.056074766355140186,2,MARCHE,0.989352373794313,0.49567831642239757,FALSE,TRUE,TRUE,TRUE
20010513,2001,NOI SICILIANI,TERRITORIAL_LISTS,auto: territorial keyword,auto,7798,2.1067405864789724e-4,29,5,0.04672897196261682,1,SICILIA,1,0.41754295973326494,TRUE,TRUE,TRUE,TRUE
20010513,2001,LIBERI E FORTI,TERRITORIAL_LISTS,auto: top region share >= 0.8,auto,7250,1.958690593994941e-4,30,4,0.037383177570093455,1,CAMPANIA,1,0.43282758620689654,FALSE,TRUE,TRUE,TRUE
20010513,2001,SOCIAL.AUTON.,TERRITORIAL_LISTS,auto: top region share >= 0.8,auto,6775,1.8303625895607897e-4,31,4,0.037383177570093455,1,CAMPANIA,1,0.5439114391143911,FALSE,TRUE,TRUE,TRUE
20010513,2001,MOVIMENTO DELLE LIBERTA',TERRITORIAL_LISTS,auto: top region share >= 0.8,auto,6772,1.8295520969012057e-4,32,4,0.037383177570093455,1,CAMPANIA,1,0.4802126402835204,FALSE,TRUE,TRUE,TRUE
20010513,2001,LISTA ALTERNATIVA,TERRITORIAL_LISTS,auto: top region share >= 0.8,auto,6612,1.7863258217233862e-4,33,1,0.009345794392523364,1,VALLE D'AOSTA/VALLÉE D'AOSTE,1,1,FALSE,TRUE,TRUE,TRUE
20010513,2001,LIBDEM.BASTA,TERRITORIAL_LISTS,auto: top region share >= 0.8,auto,6022,1.6269289320051773e-4,34,6,0.056074766355140186,1,LOMBARDIA,1,0.4310860179342411,FALSE,TRUE,TRUE,TRUE
20010513,2001,COMUNISMO,TERRITORIAL_LISTS,auto: top region share >= 0.8,auto,5203,1.4056644359387142e-4,35,10,0.09345794392523364,1,TOSCANA,1,0.23082836824908706,FALSE,TRUE,TRUE,TRUE
20010513,2001,TERZO POLO AUTONOMIA,TERRITORIAL_LISTS,auto: territorial keyword,auto,2913,7.869883724561742e-5,36,4,0.037383177570093455,1,FRIULI-VENEZIA GIULIA,1,0.7552351527634741,TRUE,TRUE,TRUE,TRUE
20060409,2006,PARTITO PENSIONATI,OTHER_LISTS,auto: other non-retained,auto,334870,0.008761076239101535,12,107,1,20,LOMBARDIA,0.3260668319049183,0.09159076656613015,FALSE,FALSE,FALSE,FALSE
20060409,2006,DEM.CRIST.-NUOVO PSI,OTHER_LISTS,auto: other non-retained,auto,285448,0.0074680672807329864,13,103,0.9626168224299065,19,CAMPANIA,0.18614949132591577,0.09415375129620807,FALSE,FALSE,FALSE,FALSE
20060409,2006,ALTERNATIVA SOCIALE MUSSOLINI,OTHER_LISTS,auto: other non-retained,auto,256965,0.006722877402516577,14,107,1,20,LOMBARDIA,0.15858579962251668,0.1012511431517911,FALSE,FALSE,FALSE,FALSE
20060409,2006,FIAMMA TRICOLORE,OTHER_LISTS,auto: other non-retained,auto,231550,0.006057954439525668,15,107,1,20,LAZIO,0.15307708918160223,0.1080155473979702,FALSE,FALSE,FALSE,FALSE
20060409,2006,I SOCIALISTI,OTHER_LISTS,auto: other non-retained; territorial coverage < 0.65,auto,115090,0.0030110558257180273,17,35,0.32710280373831774,8,PUGLIA,0.3387957250847163,0.14654618124945695,FALSE,FALSE,FALSE,TRUE
20060409,2006,LISTA CONSUMATORI,OTHER_LISTS,auto: other non-retained; territorial coverage < 0.65,auto,73687,0.0019278449094594168,19,20,0.18691588785046728,4,CALABRIA,0.7904515043359073,0.2656913702552689,FALSE,FALSE,FALSE,TRUE
20060409,2006,NO EURO,OTHER_LISTS,auto: other non-retained; territorial coverage < 0.65,auto,58704,0.0015358503883304464,20,63,0.5887850467289719,10,LOMBARDIA,0.2310915780866721,0.08975538293813028,FALSE,FALSE,FALSE,TRUE
20060409,2006,PENSIONATI UNITI,OTHER_LISTS,auto: other non-retained; territorial coverage < 0.65,auto,27818,7.277917365524726e-4,23,24,0.22429906542056074,5,VENETO,0.3633618520382486,0.15655331080595297,FALSE,FALSE,FALSE,TRUE
20060409,2006,AMBIENTA-LISTA,OTHER_LISTS,auto: other non-retained; territorial coverage < 0.65,auto,17372,4.5449701802392534e-4,26,21,0.19626168224299065,6,CAMPANIA,0.26899608565507716,0.23986875431729218,FALSE,FALSE,FALSE,TRUE
20060409,2006,TERZO POLO,OTHER_LISTS,auto: other non-retained; territorial coverage < 0.65,auto,16234,4.247239575524064e-4,28,12,0.11214953271028037,4,CAMPANIA,0.5927066650240237,0.30916594801034863,FALSE,FALSE,FALSE,TRUE
20060409,2006,P.LIBERALE ITALIANO,OTHER_LISTS,auto: other non-retained; territorial coverage < 0.65,auto,12308,3.220095151875704e-4,30,16,0.14953271028037382,3,SICILIA,0.4848878778030549,0.15144621384465387,FALSE,FALSE,FALSE,TRUE
20060409,2006,S.O.S. ITALIA,OTHER_LISTS,auto: other non-retained; territorial coverage < 0.65,auto,6956,1.8198717806668343e-4,33,19,0.17757009345794392,3,VENETO,0.3615583668775158,0.11500862564692352,FALSE,FALSE,FALSE,TRUE
20060409,2006,SOLIDARIETA',OTHER_LISTS,auto: other non-retained; territorial coverage < 0.65,auto,5878,1.5378387473777535e-4,34,14,0.1308411214953271,3,VENETO,0.4530452534875808,0.17761143246002042,FALSE,FALSE,FALSE,TRUE
20060409,2006,SVP,TERRITORIAL_LISTS,auto: territorial keyword,auto,182703,0.00477998898710714,16,2,0.018691588785046728,1,TRENTINO-ALTO ADIGE/SÜDTIROL,1,0.9084032555568327,TRUE,TRUE,TRUE,TRUE
20060409,2006,PROGETTO NORDEST,TERRITORIAL_LISTS,auto: top region share >= 0.8,auto,92079,0.002409027798907726,18,11,0.102803738317757,2,VENETO,0.9426905157527775,0.3448560475244084,FALSE,TRUE,TRUE,TRUE
20060409,2006,ALLEANZA LOMBARDA AUTONOMIA,TERRITORIAL_LISTS,auto: territorial keyword,auto,44573,0.00116614641862655,21,6,0.056074766355140186,1,LOMBARDIA,1,0.3210688084714962,TRUE,TRUE,TRUE,TRUE
20060409,2006,AUT.LIB. DEMOCRATIE,TERRITORIAL_LISTS,auto: top region share >= 0.8,auto,34168,8.939243674787866e-4,22,1,0.009345794392523364,1,VALLE D'AOSTA/VALLÉE D'AOSTE,1,1,FALSE,TRUE,TRUE,TRUE
20060409,2006,VALLEE D'AOSTE,TERRITORIAL_LISTS,auto: territorial keyword,auto,24119,6.310162087105143e-4,24,1,0.009345794392523364,1,VALLE D'AOSTA/VALLÉE D'AOSTE,1,1,TRUE,TRUE,TRUE,TRUE
20060409,2006,LIGA FRONTE VENETO,TERRITORIAL_LISTS,auto: territorial keyword,auto,22010,5.758392451477433e-4,25,8,0.07476635514018691,2,VENETO,0.9999091322126307,0.27237619263970925,TRUE,TRUE,TRUE,TRUE
20060409,2006,DIE FREIHEITLICHEN,TERRITORIAL_LISTS,auto: top region share >= 0.8,auto,17167,4.4913368112000496e-4,27,2,0.018691588785046728,1,TRENTINO-ALTO ADIGE/SÜDTIROL,1,0.9691850643676821,FALSE,TRUE,TRUE,TRUE
20060409,2006,FI-AN,TERRITORIAL_LISTS,auto: top region share >= 0.8,auto,13374,3.4989886708795636e-4,29,1,0.009345794392523364,1,VALLE D'AOSTA/VALLÉE D'AOSTE,1,1,FALSE,TRUE,TRUE,TRUE
20060409,2006,IRS,TERRITORIAL_LISTS,auto: top region share >= 0.8,auto,11649,3.047683492378947e-4,31,5,0.04672897196261682,1,SARDEGNA,1,0.35470855867456436,FALSE,TRUE,TRUE,TRUE
20060409,2006,SARDIGNA NATZIONE,TERRITORIAL_LISTS,auto: territorial keyword,auto,11000,2.877888094786541e-4,32,5,0.04672897196261682,1,SARDEGNA,1,0.3399090909090909,TRUE,TRUE,TRUE,TRUE
20060409,2006,MOV.DEM.SIC-NOI SIC.,TERRITORIAL_LISTS,auto: top region share >= 0.8,auto,5176,1.354177161692285e-4,35,4,0.037383177570093455,1,SICILIA,1,0.6186244204018547,FALSE,TRUE,TRUE,TRUE
20060409,2006,PER IL SUD,TERRITORIAL_LISTS,auto: top region share >= 0.8,auto,5130,1.3421423569322686e-4,36,5,0.04672897196261682,1,CALABRIA,1,0.30838206627680315,FALSE,TRUE,TRUE,TRUE
20060409,2006,MOVIMENTO TRIVENETO,TERRITORIAL_LISTS,auto: territorial keyword,auto,4518,1.1820271283859629e-4,37,4,0.037383177570093455,1,VENETO,1,0.36941124391323593,TRUE,TRUE,TRUE,TRUE
20060409,2006,DIMENSIONE CHRISTIANA,TERRITORIAL_LISTS,auto: top region share >= 0.8,auto,2447,6.401992879947877e-5,38,6,0.056074766355140186,1,PUGLIA,1,0.2689006947282387,FALSE,TRUE,TRUE,TRUE
20060409,2006,LEGA NORD V.D'AOSTE,TERRITORIAL_LISTS,auto: territorial keyword,auto,1566,4.0970661422142936e-5,39,1,0.009345794392523364,1,VALLE D'AOSTA/VALLÉE D'AOSTE,1,1,TRUE,TRUE,TRUE,TRUE
20060409,2006,DESTRA NAZIONALE,TERRITORIAL_LISTS,auto: top region share >= 0.8,auto,1088,2.846492951934324e-5,40,4,0.037383177570093455,1,ABRUZZO,1,0.2867647058823529,FALSE,TRUE,TRUE,TRUE
20060409,2006,LEGA SUD,TERRITORIAL_LISTS,auto: top region share >= 0.8,auto,847,2.2159738329856366e-5,41,1,0.009345794392523364,1,CAMPANIA,1,1,FALSE,TRUE,TRUE,TRUE
20080413,2008,PARTITO SOCIALISTA,OTHER_LISTS,auto: other non-retained,auto,355581,0.009734682865358255,9,106,0.9906542056074766,19,CAMPANIA,0.13942814717321791,0.051794105984290496,FALSE,FALSE,FALSE,FALSE
20080413,2008,PARTITO COMUNISTA DEI LAVORATORI,OTHER_LISTS,auto: other non-retained,auto,208394,0.005705168445567868,10,106,0.9906542056074766,19,LOMBARDIA,0.16138180561820398,0.05826943194141866,FALSE,FALSE,FALSE,FALSE
20080413,2008,SINISTRA CRITICA,OTHER_LISTS,auto: other non-retained,auto,167673,0.0045903562903620125,11,106,0.9906542056074766,19,LOMBARDIA,0.1551770410262833,0.08196310676137482,FALSE,FALSE,FALSE,FALSE
20080413,2008,"ASS.DIFESA DELLA VITA ABORTO?NO,GRAZIE",OTHER_LISTS,auto: other non-retained,auto,135578,0.0037116967259767574,13,104,0.9719626168224299,18,LOMBARDIA,0.20961365413267638,0.08353125138296774,FALSE,FALSE,FALSE,FALSE
20080413,2008,PER IL BENE COMUNE,OTHER_LISTS,auto: other non-retained,auto,119420,0.003269341803361492,14,101,0.9439252336448598,19,LOMBARDIA,0.16003182046558365,0.05984759671746776,FALSE,FALSE,FALSE,FALSE
20080413,2008,FORZA NUOVA,OTHER_LISTS,auto: other non-retained,auto,108837,0.002979612743698331,15,84,0.7850467289719626,15,LAZIO,0.19885700634894382,0.15711568676093607,FALSE,FALSE,FALSE,FALSE
20080413,2008,P.LIBERALE ITALIANO,OTHER_LISTS,auto: other non-retained,auto,103760,0.0028406205452754015,16,100,0.9345794392523364,19,TOSCANA,0.11487085582112568,0.070508866615266,FALSE,FALSE,FALSE,FALSE
20080413,2008,LISTA DEI GRILLI PARLANTI,OTHER_LISTS,auto: other non-retained; territorial coverage < 0.65,auto,66844,0.001829977252586632,18,35,0.32710280373831774,7,VENETO,0.3366046316797319,0.13126084614924302,FALSE,FALSE,FALSE,TRUE
20080413,2008,M.E.D.A.,OTHER_LISTS,auto: other non-retained; territorial coverage < 0.65,auto,16449,4.503215820088192e-4,23,29,0.27102803738317754,7,TOSCANA,0.30634081099154964,0.2035990029789045,FALSE,FALSE,FALSE,TRUE
20080413,2008,SVP,TERRITORIAL_LISTS,auto: territorial keyword,auto,147666,0.004042627924427886,12,2,0.018691588785046728,1,TRENTINO-ALTO ADIGE/SÜDTIROL,1,0.8980537158181301,TRUE,TRUE,TRUE,TRUE
20080413,2008,UNIONE DEMOCRATICA PER I CONSUMATORI,TERRITORIAL_LISTS,auto: territorial keyword,auto,91486,0.002504597255253136,17,106,0.9906542056074766,19,LOMBARDIA,0.1533895896639923,0.0694313884091555,TRUE,FALSE,FALSE,FALSE
20080413,2008,LG.VENETA REPUBBLICA,TERRITORIAL_LISTS,auto: territorial keyword,auto,31353,8.583459517735125e-4,19,4,0.037383177570093455,1,VENETO,1,0.3594233406691545,TRUE,TRUE,TRUE,TRUE
20080413,2008,AUT.LIB. DEMOCRATIE,TERRITORIAL_LISTS,auto: top region share >= 0.8,auto,29311,8.024424518366161e-4,20,1,0.009345794392523364,1,VALLE D'AOSTA/VALLÉE D'AOSTE,1,1,FALSE,TRUE,TRUE,TRUE
20080413,2008,VALLEE D'AOSTE,TERRITORIAL_LISTS,auto: territorial keyword,auto,28349,7.761059352160019e-4,21,1,0.009345794392523364,1,VALLE D'AOSTA/VALLÉE D'AOSTE,1,1,TRUE,TRUE,TRUE,TRUE
20080413,2008,DIE FREIHEITLICHEN,TERRITORIAL_LISTS,auto: top region share >= 0.8,auto,28347,7.760511815431939e-4,22,2,0.018691588785046728,1,TRENTINO-ALTO ADIGE/SÜDTIROL,1,0.9956609164991004,FALSE,TRUE,TRUE,TRUE
20080413,2008,PS D'AZ.,TERRITORIAL_LISTS,auto: top region share >= 0.8,auto,14856,4.0671028161730306e-4,24,5,0.04672897196261682,1,SARDEGNA,1,0.2598276790522348,FALSE,TRUE,TRUE,TRUE
20080413,2008,LEGA PER L'AUTONOMIA ALL.LOMB. LEGA PENS,TERRITORIAL_LISTS,auto: territorial keyword,auto,14003,3.8335784016472097e-4,25,7,0.06542056074766354,2,LOMBARDIA,0.9990002142398058,0.28508176819253017,TRUE,TRUE,TRUE,TRUE
20080413,2008,UNION FUR SUD TIROL,TERRITORIAL_LISTS,auto: territorial keyword,auto,12836,3.5140907208129385e-4,26,2,0.018691588785046728,1,TRENTINO-ALTO ADIGE/SÜDTIROL,1,0.9693829853536927,TRUE,TRUE,TRUE,TRUE
20080413,2008,SARDIGNA NATZIONE,TERRITORIAL_LISTS,auto: territorial keyword,auto,7182,1.9662043905327616e-4,27,5,0.04672897196261682,1,SARDEGNA,1,0.3609022556390977,TRUE,TRUE,TRUE,TRUE
20080413,2008,LEGA SUD,TERRITORIAL_LISTS,auto: top region share >= 0.8,auto,4346,1.189797310116316e-4,28,1,0.009345794392523364,1,CAMPANIA,1,1,FALSE,TRUE,TRUE,TRUE
20080413,2008,L'INTESA VENETA,TERRITORIAL_LISTS,auto: territorial keyword,auto,2388,6.537588533266826e-5,29,4,0.037383177570093455,1,VENETO,1,0.4882747068676717,TRUE,TRUE,TRUE,TRUE
20080413,2008,PARTITO DI ALTERNATIVA COMUNISTA,TERRITORIAL_LISTS,auto: top region share >= 0.8,auto,2049,5.609513779172415e-5,30,4,0.037383177570093455,1,LAZIO,1,0.3387018057589068,FALSE,TRUE,TRUE,TRUE
20080413,2008,IL LOTO,TERRITORIAL_LISTS,auto: top region share >= 0.8,auto,1799,4.9250928690732915e-5,31,1,0.009345794392523364,1,LAZIO,1,1,FALSE,TRUE,TRUE,TRUE
20080413,2008,AZ.SOCIALE MUSSOLINI,TERRITORIAL_LISTS,auto: top region share >= 0.8,auto,1066,2.918370760662662e-5,32,1,0.009345794392523364,1,VALLE D'AOSTA/VALLÉE D'AOSTE,1,1,FALSE,TRUE,TRUE,TRUE
20080413,2008,MOVIMENTO P.P.A.,TERRITORIAL_LISTS,auto: top region share >= 0.8,auto,945,2.587111040174686e-5,33,1,0.009345794392523364,1,PIEMONTE,1,1,FALSE,TRUE,TRUE,TRUE
20130224,2013,LA DESTRA,OTHER_LISTS,auto: other non-retained,auto,219671,0.00644669887937356,11,102,0.9532710280373832,19,LAZIO,0.2805286086920895,0.19399465564412235,FALSE,FALSE,FALSE,FALSE
20130224,2013,CENTRO DEMOCRATICO,OTHER_LISTS,auto: other non-retained,auto,167071,0.004903043316941335,12,104,0.9719626168224299,18,PUGLIA,0.19064948435096457,0.09855690095827523,FALSE,FALSE,FALSE,FALSE
20130224,2013,FUTURO E LIBERTA',OTHER_LISTS,auto: other non-retained,auto,159415,0.00467836219553485,13,104,0.9719626168224299,18,CAMPANIA,0.18584198475676694,0.0930339052159458,FALSE,FALSE,FALSE,FALSE
20130224,2013,GRANDE SUD - MPA,OTHER_LISTS,auto: other non-retained; territorial coverage < 0.65,auto,148549,0.004359476998930505,14,56,0.5233644859813084,12,SICILIA,0.31374832546836395,0.15031403779224364,FALSE,FALSE,FALSE,TRUE
20130224,2013,PARTITO COMUNISTA DEI LAVORATORI,OTHER_LISTS,auto: other non-retained; territorial coverage < 0.65,auto,89991,0.00264097162963571,16,66,0.616822429906542,14,TOSCANA,0.16699447722550032,0.08808658643642142,FALSE,FALSE,FALSE,TRUE
20130224,2013,FORZA NUOVA,OTHER_LISTS,auto: other non-retained,auto,89802,0.0026354250345539667,17,88,0.822429906542056,14,LOMBARDIA,0.14621055210351663,0.09204694772944923,FALSE,FALSE,FALSE,FALSE
20130224,2013,MIR - MODERATI IN RIVOLUZIONE,OTHER_LISTS,auto: other non-retained,auto,81978,0.0024058136064081543,18,92,0.8598130841121495,16,CAMPANIA,0.19191734367757204,0.08908487643026178,FALSE,FALSE,FALSE,FALSE
20130224,2013,LISTA AMNISTIA GIUSTIZIA LIBERTA',OTHER_LISTS,auto: other non-retained; territorial coverage < 0.65,auto,64713,0.001899136547750505,19,56,0.5233644859813084,10,CAMPANIA,0.19206341847851283,0.12793410906618455,FALSE,FALSE,FALSE,TRUE
20130224,2013,PARTITO PENSIONATI,OTHER_LISTS,auto: other non-retained; territorial coverage < 0.65,auto,54857,0.0016098918857099726,20,21,0.19626168224299065,5,CAMPANIA,0.2694642433964672,0.22494850247005851,FALSE,FALSE,FALSE,TRUE
20130224,2013,CASAPOUND ITALIA,OTHER_LISTS,auto: other non-retained; territorial coverage < 0.65,auto,48132,0.0014125328808172594,22,57,0.5327102803738317,12,LAZIO,0.3375924540846007,0.24790160392254634,FALSE,FALSE,FALSE,TRUE
20130224,2013,FIAMMA TRICOLORE,OTHER_LISTS,auto: other non-retained; territorial coverage < 0.65,auto,44744,0.0013131050282408263,23,40,0.37383177570093457,9,LOMBARDIA,0.2487931342749866,0.12882174146254247,FALSE,FALSE,FALSE,TRUE
20130224,2013,IO AMO L'ITALIA,OTHER_LISTS,auto: other non-retained; territorial coverage < 0.65,auto,42527,0.0012480425875200612,24,54,0.5046728971962616,9,LOMBARDIA,0.2379194394149599,0.07849131140216803,FALSE,FALSE,FALSE,TRUE
20130224,2013,LIBERALI PER L'ITALIA - PLI,OTHER_LISTS,auto: other non-retained; territorial coverage < 0.65,auto,28025,8.224514664859904e-4,26,25,0.2336448598130841,5,CAMPANIA,0.38658340767172167,0.17652096342551293,FALSE,FALSE,FALSE,TRUE
20130224,2013,INTESA POPOLARE,OTHER_LISTS,auto: other non-retained; territorial coverage < 0.65,auto,25632,7.522239425145017e-4,27,42,0.3925233644859813,10,CAMPANIA,0.28386392009987516,0.13799157303370788,FALSE,FALSE,FALSE,TRUE
20130224,2013,RIFORMISTI ITALIANI,OTHER_LISTS,auto: other non-retained; territorial coverage < 0.65,auto,8223,2.4132090665171453e-4,35,17,0.1588785046728972,4,CALABRIA,0.5570959503830719,0.19858932263164294,FALSE,FALSE,FALSE,TRUE
20130224,2013,SVP,TERRITORIAL_LISTS,auto: territorial keyword,auto,146804,0.004308266372382135,15,2,0.018691588785046728,1,TRENTINO-ALTO ADIGE/SÜDTIROL,1,0.90020707882619,TRUE,TRUE,TRUE,TRUE
20130224,2013,DIE FREIHEITLICHEN,TERRITORIAL_LISTS,auto: top region share >= 0.8,auto,48317,0.0014179620876433043,21,2,0.018691588785046728,1,TRENTINO-ALTO ADIGE/SÜDTIROL,1,0.9858641885878676,FALSE,TRUE,TRUE,TRUE
20130224,2013,INDIPENDENZA VENETA,TERRITORIAL_LISTS,auto: territorial keyword,auto,33274,9.764942050260428e-4,25,8,0.07476635514018691,2,VENETO,0.9997295185430065,0.3151710043878103,TRUE,TRUE,TRUE,TRUE
20130224,2013,PS D'AZ.,TERRITORIAL_LISTS,auto: top region share >= 0.8,auto,18585,5.454151830380779e-4,28,5,0.04672897196261682,1,SARDEGNA,1,0.3615819209039548,FALSE,TRUE,TRUE,TRUE
20130224,2013,VALLEE D'AOSTE,TERRITORIAL_LISTS,auto: territorial keyword,auto,18376,5.392816466778434e-4,29,1,0.009345794392523364,1,VALLE D'AOSTA/VALLÉE D'AOSTE,1,1,TRUE,TRUE,TRUE,TRUE
20130224,2013,UNION VALDOTAINE PROGRESSISTE,TERRITORIAL_LISTS,auto: territorial keyword,auto,18191,5.338524398517985e-4,30,1,0.009345794392523364,1,VALLE D'AOSTA/VALLÉE D'AOSTE,1,1,TRUE,TRUE,TRUE,TRUE
20130224,2013,LG.VENETA REPUBBLICA,TERRITORIAL_LISTS,auto: territorial keyword,auto,15838,4.6479879843729235e-4,31,4,0.037383177570093455,1,VENETO,1,0.3536431367596919,TRUE,TRUE,TRUE,TRUE
20130224,2013,AUTONOMIE LIBERTE' DEMOCRATIE,TERRITORIAL_LISTS,auto: territorial keyword,auto,14340,4.208368966782909e-4,32,1,0.009345794392523364,1,VALLE D'AOSTA/VALLÉE D'AOSTE,1,1,TRUE,TRUE,TRUE,TRUE
20130224,2013,VOTO DI PROTESTA,TERRITORIAL_LISTS,auto: top region share >= 0.8,auto,12745,3.740283297186066e-4,33,5,0.04672897196261682,1,CAMPANIA,1,0.47532365633581797,FALSE,TRUE,TRUE,TRUE
20130224,2013,VENETO STATO,TERRITORIAL_LISTS,auto: territorial keyword,auto,11378,3.3391089333372344e-4,34,8,0.07476635514018691,2,VENETO,0.9998242221831605,0.3301107400246089,TRUE,TRUE,TRUE,TRUE
20130224,2013,INDIPENDENZA PER LA SARDEGNA,TERRITORIAL_LISTS,auto: territorial keyword,auto,7598,2.2297899169886016e-4,36,5,0.04672897196261682,1,SARDEGNA,1,0.2658594366938668,TRUE,TRUE,TRUE,TRUE
20130224,2013,PRI,TERRITORIAL_LISTS,auto: positive regions <= 2,auto,7143,2.0962607761318216e-4,37,14,0.1308411214953271,2,EMILIA-ROMAGNA,0.7810443791124178,0.2736945261094778,FALSE,FALSE,TRUE,TRUE
20130224,2013,MERIS,TERRITORIAL_LISTS,auto: top region share >= 0.8,auto,5901,1.7317702421886994e-4,38,5,0.04672897196261682,1,SARDEGNA,1,0.6080325368581596,FALSE,TRUE,TRUE,TRUE
20130224,2013,PARTITO DI ALTERNATIVA COMUNISTA,TERRITORIAL_LISTS,auto: top region share >= 0.8,auto,5159,1.5140150278684122e-4,39,6,0.056074766355140186,1,PUGLIA,1,0.23124636557472378,FALSE,TRUE,TRUE,TRUE
20130224,2013,I PIRATI,TERRITORIAL_LISTS,auto: top region share >= 0.8,auto,4557,1.3373457030425187e-4,40,2,0.018691588785046728,1,LOMBARDIA,1,0.7645380732938336,FALSE,TRUE,TRUE,TRUE
20130224,2013,MOVIMENTO PROGETTO ITALIA - MID,TERRITORIAL_LISTS,auto: positive regions <= 2,auto,3967,1.1641980258875733e-4,41,6,0.056074766355140186,2,LAZIO,0.5250819258885808,0.5250819258885808,FALSE,FALSE,TRUE,TRUE
20130224,2013,LIBERI PER UNA ITALIA EQUA,TERRITORIAL_LISTS,auto: top region share >= 0.8,auto,3243,9.517252830737082e-5,42,1,0.009345794392523364,1,CAMPANIA,1,1,FALSE,TRUE,TRUE,TRUE
20130224,2013,RIFONDAZIONE MISSINA ITALIANA,TERRITORIAL_LISTS,auto: top region share >= 0.8,auto,3180,9.33236632801231e-5,43,5,0.04672897196261682,1,CAMPANIA,1,0.4110062893081761,FALSE,TRUE,TRUE,TRUE
20130224,2013,POPOLARI UNITI,TERRITORIAL_LISTS,auto: top region share >= 0.8,auto,2992,8.78064152623045e-5,44,2,0.018691588785046728,1,BASILICATA,1,0.8880347593582888,FALSE,TRUE,TRUE,TRUE
20130224,2013,PROGETTO NAZIONALE,TERRITORIAL_LISTS,auto: top region share >= 0.8,auto,2865,8.407933814388448e-5,45,4,0.037383177570093455,1,VENETO,1,0.44607329842931936,FALSE,TRUE,TRUE,TRUE
20130224,2013,MOVIMENTO P.P.A.,TERRITORIAL_LISTS,auto: top region share >= 0.8,auto,1526,4.478361954888926e-5,46,7,0.06542056074766354,1,PIEMONTE,1,0.22346002621231978,FALSE,TRUE,TRUE,TRUE
20130224,2013,UNIONE POP.,TERRITORIAL_LISTS,auto: territorial keyword,auto,1515,4.4460801845719025e-5,47,1,0.009345794392523364,1,LAZIO,1,1,TRUE,TRUE,TRUE,TRUE
20130224,2013,TUTTI INSIEME PER L'ITALIA,TERRITORIAL_LISTS,auto: top region share >= 0.8,auto,1452,4.26119368184713e-5,48,4,0.037383177570093455,1,LAZIO,1,0.5399449035812672,FALSE,TRUE,TRUE,TRUE
20130224,2013,STAMINALI D'ITALIA,TERRITORIAL_LISTS,auto: top region share >= 0.8,auto,585,1.71680323958717e-5,49,1,0.009345794392523364,1,LAZIO,1,1,FALSE,TRUE,TRUE,TRUE
20130224,2013,DEMOCRAZIA ATEA,TERRITORIAL_LISTS,auto: top region share >= 0.8,auto,556,1.631696754205926e-5,50,4,0.037383177570093455,1,LAZIO,1,0.37589928057553956,FALSE,TRUE,TRUE,TRUE
20130224,2013,NATION VAL D'OUTA,TERRITORIAL_LISTS,auto: top region share >= 0.8,auto,145,4.255324269062217e-6,51,1,0.009345794392523364,1,VALLE D'AOSTA/VALLÉE D'AOSTE,1,1,FALSE,TRUE,TRUE,TRUE
20180304,2018,CASAPOUND ITALIA,OTHER_LISTS,auto: other non-retained,auto,295913,0.009349944221928287,10,107,1,20,LOMBARDIA,0.18554439987428736,0.11623348754532582,FALSE,FALSE,FALSE,FALSE
20180304,2018,IL POPOLO DELLA FAMIGLIA,OTHER_LISTS,auto: other non-retained,auto,206346,0.006519901425141897,11,104,0.9719626168224299,18,LOMBARDIA,0.15143496845104823,0.0556734804648503,FALSE,FALSE,FALSE,FALSE
20180304,2018,ITALIA EUROPA INSIEME,OTHER_LISTS,auto: other non-retained,auto,180980,0.00571841353804862,12,106,0.9906542056074766,19,LOMBARDIA,0.1439606586363134,0.06092385898994364,FALSE,FALSE,FALSE,FALSE
20180304,2018,CIVICA POPOLARE LORENZIN,OTHER_LISTS,auto: other non-retained,auto,168268,0.005316753283348244,13,106,0.9906542056074766,19,CAMPANIA,0.16333468039080515,0.04809589464425797,FALSE,FALSE,FALSE,FALSE
20180304,2018,ITALIA AGLI ITALIANI,OTHER_LISTS,auto: other non-retained,auto,119980,0.0037910004215663245,15,85,0.794392523364486,15,LOMBARDIA,0.16305217536256042,0.058434739123187196,FALSE,FALSE,FALSE,FALSE
20180304,2018,PARTITO COMUNISTA,OTHER_LISTS,auto: other non-retained; territorial coverage < 0.65,auto,102030,0.003223835414339157,16,68,0.6355140186915887,14,TOSCANA,0.20928158384788786,0.11398608252474762,FALSE,FALSE,FALSE,TRUE
20180304,2018,PARTITO VALORE UMANO,OTHER_LISTS,auto: other non-retained,auto,45785,0.0014466657301334736,17,71,0.6635514018691588,18,PIEMONTE,0.1865894943758873,0.08950529649448509,FALSE,FALSE,FALSE,FALSE
20180304,2018,10 VOLTE MEGLIO,OTHER_LISTS,auto: other non-retained; territorial coverage < 0.65,auto,33225,0.0010498082097561356,18,44,0.411214953271028,11,LOMBARDIA,0.31581640331076,0.13875094055680964,FALSE,FALSE,FALSE,TRUE
20180304,2018,PER UNA SINISTRA RIVOLUZIONARIA,OTHER_LISTS,auto: other non-retained; territorial coverage < 0.65,auto,27138,8.57477658280271e-4,19,51,0.4766355140186916,9,LOMBARDIA,0.30621269069201856,0.10184980470189402,FALSE,FALSE,FALSE,TRUE
20180304,2018,PARTITO REPUBBLICANO ITALIANO - ALA,OTHER_LISTS,auto: other non-retained; territorial coverage < 0.65,auto,18866,5.961078009107375e-4,20,45,0.4205607476635514,10,EMILIA-ROMAGNA,0.30425103360542777,0.12339658645181809,FALSE,FALSE,FALSE,TRUE
20180304,2018,GRANDE NORD,OTHER_LISTS,auto: other non-retained; territorial coverage < 0.65,auto,18556,5.863127506466471e-4,21,16,0.14953271028037382,5,VENETO,0.5495796507868075,0.126805345979737,FALSE,FALSE,FALSE,TRUE
20180304,2018,LISTA DEL POPOLO PER LA COSTITUZIONE,OTHER_LISTS,auto: other non-retained; territorial coverage < 0.65,auto,9088,2.8715295741952625e-4,25,34,0.3177570093457944,8,SICILIA,0.27508802816901406,0.17462588028169015,FALSE,FALSE,FALSE,TRUE
20180304,2018,BLOCCO NAZIONALE PER LE LIBERTA',OTHER_LISTS,auto: other non-retained; territorial coverage < 0.65,auto,3376,1.0667125706957753e-4,28,14,0.1308411214953271,5,LAZIO,0.32671800947867297,0.32671800947867297,FALSE,FALSE,FALSE,TRUE
20180304,2018,SVP - PATT,TERRITORIAL_LISTS,auto: territorial keyword,auto,126769,0.004005512022349903,14,3,0.028037383177570093,2,TRENTINO-ALTO ADIGE/SÜDTIROL,0.9998816745418833,0.8854372914513801,TRUE,TRUE,TRUE,TRUE
20180304,2018,AUTODETERMINATZIONE,TERRITORIAL_LISTS,auto: top region share >= 0.8,auto,18237,5.762333279555348e-4,22,5,0.04672897196261682,1,SARDEGNA,1,0.2372100674453035,FALSE,TRUE,TRUE,TRUE
20180304,2018,PD-UV-UVP-EPAV,TERRITORIAL_LISTS,auto: top region share >= 0.8,auto,14429,4.559121943889023e-4,23,1,0.009345794392523364,1,VALLE D'AOSTA/VALLÉE D'AOSTE,1,1,FALSE,TRUE,TRUE,TRUE
20180304,2018,POUR TOUS PER TUTTI PE TCHEUT,TERRITORIAL_LISTS,auto: top region share >= 0.8,auto,12118,3.828916745169255e-4,24,1,0.009345794392523364,1,VALLE D'AOSTA/VALLÉE D'AOSTE,1,1,FALSE,TRUE,TRUE,TRUE
20180304,2018,PATTO PER L'AUTONOMIA,TERRITORIAL_LISTS,auto: territorial keyword,auto,5871,1.85505613227337e-4,26,4,0.037383177570093455,1,FRIULI-VENEZIA GIULIA,1,0.48322261965593594,TRUE,TRUE,TRUE,TRUE
20180304,2018,FI -FRAT. D'IT. -MOV.NUOVA VALLE D'AOSTA,TERRITORIAL_LISTS,auto: territorial keyword,auto,5533,1.7482584874584493e-4,27,1,0.009345794392523364,1,VALLE D'AOSTA/VALLÉE D'AOSTE,1,1,TRUE,TRUE,TRUE,TRUE
20180304,2018,RISPOSTA CIVICA,TERRITORIAL_LISTS,auto: top region share >= 0.8,auto,2623,8.28787640087387e-5,29,1,0.009345794392523364,1,VALLE D'AOSTA/VALLÉE D'AOSTE,1,1,FALSE,TRUE,TRUE,TRUE
20180304,2018,SIAMO,TERRITORIAL_LISTS,auto: top region share >= 0.8,auto,1298,4.1012823363836386e-5,30,4,0.037383177570093455,1,FRIULI-VENEZIA GIULIA,1,0.5308166409861325,FALSE,TRUE,TRUE,TRUE
20180304,2018,RINASCIMENTO MIR,TERRITORIAL_LISTS,auto: top region share >= 0.8,auto,676,2.1359528962984125e-5,31,4,0.037383177570093455,1,FRIULI-VENEZIA GIULIA,1,0.5266272189349113,FALSE,TRUE,TRUE,TRUE
20180304,2018,ITALIA NEL CUORE,TERRITORIAL_LISTS,auto: top region share >= 0.8,auto,502,1.5861662040559218e-5,32,1,0.009345794392523364,1,LOMBARDIA,1,1,FALSE,TRUE,TRUE,TRUE
20220925,2022,NOI MODERATI/LUPI - TOTI - BRUGNARO - UDC,OTHER_LISTS,auto: other non-retained,auto,247436,0.009122602287227917,12,106,0.9906542056074766,19,VENETO,0.20067007226110994,0.0626626683263551,FALSE,FALSE,FALSE,FALSE
20220925,2022,VITA,OTHER_LISTS,auto: other non-retained,auto,192038,0.0070801593059808396,14,76,0.7102803738317757,16,VENETO,0.2225965694289672,0.07832304023162083,FALSE,FALSE,FALSE,FALSE
20220925,2022,IMPEGNO CIVICO LUIGI DI MAIO - CENTRO DEMOCRATICO,OTHER_LISTS,auto: other non-retained,auto,161624,0.005958839748746848,15,106,0.9906542056074766,19,CAMPANIA,0.241325545711033,0.14830099490174725,FALSE,FALSE,FALSE,FALSE
20220925,2022,MASTELLA NOI DI CENTRO EUROPEISTI,OTHER_LISTS,auto: other non-retained; territorial coverage < 0.65,auto,43712,0.0016115973066946876,17,45,0.4205607476635514,9,CAMPANIA,0.7324075768667643,0.4446833821376281,FALSE,FALSE,FALSE,TRUE
20220925,2022,PARTITO COMUNISTA ITALIANO,OTHER_LISTS,auto: other non-retained; territorial coverage < 0.65,auto,24787,9.138603230472461e-4,18,17,0.1588785046728972,6,MARCHE,0.32214467261064267,0.17860168636785412,FALSE,FALSE,FALSE,TRUE
20220925,2022,PARTITO ANIMALISTA - UCDL - 10 VOLTE MEGLIO,OTHER_LISTS,auto: other non-retained; territorial coverage < 0.65,auto,20082,7.403938761219509e-4,20,18,0.16822429906542055,3,EMILIA-ROMAGNA,0.6772731799621552,0.14659894432825415,FALSE,FALSE,FALSE,TRUE
20220925,2022,ALTERNATIVA PER L'ITALIA - NO GREEN PASS,OTHER_LISTS,auto: other non-retained; territorial coverage < 0.65,auto,15814,5.830389780396639e-4,22,28,0.2616822429906542,7,VENETO,0.2218919944353105,0.13595548248387504,FALSE,FALSE,FALSE,TRUE
20220925,2022,SUD CHIAMA NORD,TERRITORIAL_LISTS,auto: territorial keyword,auto,208793,0.007697891573405562,13,23,0.21495327102803738,4,SICILIA,0.9764024655999004,0.38974965635821124,TRUE,TRUE,FALSE,TRUE
20220925,2022,SUDTIROLER VOLKSPARTEI (SVP) - PATT,TERRITORIAL_LISTS,auto: territorial keyword,auto,106092,0.003911456384101684,16,2,0.018691588785046728,1,TRENTINO-ALTO ADIGE/SÜDTIROL,1,0.8578215134034611,TRUE,TRUE,TRUE,TRUE
20220925,2022,VALLÉE D'AOSTE - AUTONOMIE PROGRÈS FÉDÉRALISME,TERRITORIAL_LISTS,auto: territorial keyword,auto,20763,7.655013469734124e-4,19,1,0.009345794392523364,1,VALLE D'AOSTA/VALLÉE D'AOSTE,1,1,TRUE,TRUE,TRUE,TRUE
20220925,2022,LEGA PER SALVINI PREM.-FORZA IT.-NOI MODERATI-FRAT. D'ITALIA,TERRITORIAL_LISTS,auto: top region share >= 0.8,auto,16016,5.904864216696128e-4,21,1,0.009345794392523364,1,VALLE D'AOSTA/VALLÉE D'AOSTE,1,1,FALSE,TRUE,TRUE,TRUE
20220925,2022,LA RENAISSANCE VALDOTAINE,TERRITORIAL_LISTS,auto: top region share >= 0.8,auto,6398,2.3588487299214432e-4,23,1,0.009345794392523364,1,VALLE D'AOSTA/VALLÉE D'AOSTE,1,1,FALSE,TRUE,TRUE,TRUE
20220925,2022,VALLE D'AOSTA APERTA,TERRITORIAL_LISTS,auto: territorial keyword,auto,5841,2.1534910021055252e-4,24,1,0.009345794392523364,1,VALLE D'AOSTA/VALLÉE D'AOSTE,1,1,TRUE,TRUE,TRUE,TRUE
20220925,2022,PARTITO DELLA FOLLIA CREATIVA,TERRITORIAL_LISTS,auto: top region share >= 0.8,auto,1304,4.8076566799274174e-5,25,1,0.009345794392523364,1,LAZIO,1,1,FALSE,TRUE,TRUE,TRUE
20220925,2022,FORZA DEL POPOLO,TERRITORIAL_LISTS,auto: top region share >= 0.8,auto,763,2.813069054282684e-5,26,5,0.04672897196261682,1,CALABRIA,1,0.6579292267365662,FALSE,TRUE,TRUE,TRUE
20220925,2022,FREE,TERRITORIAL_LISTS,auto: top region share >= 0.8,auto,736,2.7135240156645547e-5,27,6,0.056074766355140186,1,LOMBARDIA,1,0.37907608695652173,FALSE,TRUE,TRUE,TRUE
