territorial_match_status,province_actual_source,province_harmonized_source,n_rows
harmonized_resolved,situas_date_specific_name_province_raw_match,target_cadastral_code_match,104622
harmonized_resolved,situas_date_specific_name_match,target_cadastral_code_match,40332
harmonized_resolved,situas_date_specific_name_province_raw_match,historical_to_target_crosswalk,4421
harmonized_resolved,manual_actual_name_alias,target_cadastral_code_match,1034
harmonized_resolved,situas_date_specific_name_match,historical_to_target_crosswalk,1027
harmonized_resolved,situas_parent_municipality_match,target_cadastral_code_match,136
harmonized_resolved,situas_dash_parent_municipality_match,target_cadastral_code_match,100
harmonized_resolved,situas_date_specific_name_province_raw_match,target_name_match,89
harmonized_resolved,manual_actual_province_override,target_cadastral_code_match,81
harmonized_resolved,manual_actual_name_alias,historical_to_target_crosswalk,41
harmonized_resolved,manual_actual_name_alias,target_name_match,35
harmonized_resolved,situas_date_specific_name_match,target_name_match,18
harmonized_resolved,manual_actual_province_override,historical_to_target_crosswalk,15
