election_date,year,n_municipality_units,n_actual_provinces,n_harmonized_provinces
19480418,1948,7621,90,105
19530607,1953,7765,91,106
19580525,1958,7854,92,107
19630428,1963,7893,92,107
19680519,1968,7950,93,107
19720507,1972,7946,94,107
19760620,1976,7949,95,107
19790603,1979,8009,95,107
19830626,1983,8088,95,107
19870614,1987,8048,95,107
19920405,1992,8085,95,107
19940327,1994,8190,95,107
19960421,1996,8183,103,107
20010513,2001,8179,103,107
20060409,2006,8097,107,107
20080413,2008,8101,107,107
20130224,2013,8092,110,107
20180304,2018,7985,107,107
20220925,2022,7916,107,107
