election_date,municipality,registered_voters,voters,blank_ballots,null_ballots,raw_total_list_votes,idcom,municipality_site,source_url
20220925,ALLEIN,169,103,8,7,94,1,ALLEIN,https://elezioni.regione.vda.it/elezioni/VotiLista_i.aspx?idcom=1&idele=169&idsez=0&ord=1&setcar=n
20220925,ANTEY-SAINT-ANDRE',430,271,8,12,246,2,ANTEY-SAINT-ANDRÃ‰,https://elezioni.regione.vda.it/elezioni/VotiLista_i.aspx?idcom=2&idele=169&idsez=0&ord=1&setcar=n
20220925,AOSTA,26252,15828,406,753,14673,3,AOSTA,https://elezioni.regione.vda.it/elezioni/VotiLista_i.aspx?idcom=3&idele=169&idsez=0&ord=1&setcar=n
20220925,ARNAD,1010,596,18,35,517,4,ARNAD,https://elezioni.regione.vda.it/elezioni/VotiLista_i.aspx?idcom=4&idele=169&idsez=0&ord=1&setcar=n
20220925,ARVIER,654,378,12,18,343,5,ARVIER,https://elezioni.regione.vda.it/elezioni/VotiLista_i.aspx?idcom=5&idele=169&idsez=0&ord=1&setcar=n
20220925,AVISE,226,166,8,5,154,6,AVISE,https://elezioni.regione.vda.it/elezioni/VotiLista_i.aspx?idcom=6&idele=169&idsez=0&ord=1&setcar=n
20220925,AYAS,1042,676,21,21,623,7,AYAS,https://elezioni.regione.vda.it/elezioni/VotiLista_i.aspx?idcom=7&idele=169&idsez=0&ord=1&setcar=n
20220925,AYMAVILLES,1633,987,16,52,907,8,AYMAVILLES,https://elezioni.regione.vda.it/elezioni/VotiLista_i.aspx?idcom=8&idele=169&idsez=0&ord=1&setcar=n
20220925,BARD,86,54,3,8,40,9,BARD,https://elezioni.regione.vda.it/elezioni/VotiLista_i.aspx?idcom=9&idele=169&idsez=0&ord=1&setcar=n
20220925,BIONAZ,180,108,8,8,92,10,BIONAZ,https://elezioni.regione.vda.it/elezioni/VotiLista_i.aspx?idcom=10&idele=169&idsez=0&ord=1&setcar=n
20220925,BRISSOGNE,785,495,12,34,445,11,BRISSOGNE,https://elezioni.regione.vda.it/elezioni/VotiLista_i.aspx?idcom=11&idele=169&idsez=0&ord=1&setcar=n
20220925,BRUSSON,694,460,10,23,404,12,BRUSSON,https://elezioni.regione.vda.it/elezioni/VotiLista_i.aspx?idcom=12&idele=169&idsez=0&ord=1&setcar=n
20220925,CHALLAND-SAINT-ANSELME,565,359,19,16,324,13,CHALLAND-SAINT-ANSELME,https://elezioni.regione.vda.it/elezioni/VotiLista_i.aspx?idcom=13&idele=169&idsez=0&ord=1&setcar=n
20220925,CHALLAND-SAINT-VICTOR,415,252,9,22,217,14,CHALLAND-SAINT-VICTOR,https://elezioni.regione.vda.it/elezioni/VotiLista_i.aspx?idcom=14&idele=169&idsez=0&ord=1&setcar=n
20220925,CHAMBAVE,723,460,22,35,392,15,CHAMBAVE,https://elezioni.regione.vda.it/elezioni/VotiLista_i.aspx?idcom=15&idele=169&idsez=0&ord=1&setcar=n
20220925,CHAMOIS,98,67,2,1,57,16,CHAMOIS,https://elezioni.regione.vda.it/elezioni/VotiLista_i.aspx?idcom=16&idele=169&idsez=0&ord=1&setcar=n
20220925,CHAMPDEPRAZ,591,350,16,22,304,17,CHAMPDEPRAZ,https://elezioni.regione.vda.it/elezioni/VotiLista_i.aspx?idcom=17&idele=169&idsez=0&ord=1&setcar=n
20220925,CHAMPORCHER,336,188,8,15,163,18,CHAMPORCHER,https://elezioni.regione.vda.it/elezioni/VotiLista_i.aspx?idcom=18&idele=169&idsez=0&ord=1&setcar=n
20220925,CHARVENSOD,1944,1115,34,72,1011,19,CHARVENSOD,https://elezioni.regione.vda.it/elezioni/VotiLista_i.aspx?idcom=19&idele=169&idsez=0&ord=1&setcar=n
20220925,CHATILLON,3536,2134,79,130,1886,20,CHÃ‚TILLON,https://elezioni.regione.vda.it/elezioni/VotiLista_i.aspx?idcom=20&idele=169&idsez=0&ord=1&setcar=n
20220925,COGNE,1062,622,29,43,541,21,COGNE,https://elezioni.regione.vda.it/elezioni/VotiLista_i.aspx?idcom=21&idele=169&idsez=0&ord=1&setcar=n
20220925,COURMAYEUR,2097,1217,27,43,1116,22,COURMAYEUR,https://elezioni.regione.vda.it/elezioni/VotiLista_i.aspx?idcom=22&idele=169&idsez=0&ord=1&setcar=n
20220925,DONNAS,1968,1207,45,89,1065,23,DONNAS,https://elezioni.regione.vda.it/elezioni/VotiLista_i.aspx?idcom=23&idele=169&idsez=0&ord=1&setcar=n
20220925,DOUES,422,321,5,9,314,24,DOUES,https://elezioni.regione.vda.it/elezioni/VotiLista_i.aspx?idcom=24&idele=169&idsez=0&ord=1&setcar=n
20220925,EMARESE,180,119,7,6,102,25,EMARÃˆSE,https://elezioni.regione.vda.it/elezioni/VotiLista_i.aspx?idcom=25&idele=169&idsez=0&ord=1&setcar=n
20220925,ETROUBLES,378,227,8,11,204,26,ETROUBLES,https://elezioni.regione.vda.it/elezioni/VotiLista_i.aspx?idcom=26&idele=169&idsez=0&ord=1&setcar=n
20220925,FENIS,1426,833,31,81,691,27,FÃ‰NIS,https://elezioni.regione.vda.it/elezioni/VotiLista_i.aspx?idcom=27&idele=169&idsez=0&ord=1&setcar=n
20220925,FONTAINEMORE,329,189,13,19,148,28,FONTAINEMORE,https://elezioni.regione.vda.it/elezioni/VotiLista_i.aspx?idcom=28&idele=169&idsez=0&ord=1&setcar=n
20220925,GABY,351,211,10,12,186,29,GABY,https://elezioni.regione.vda.it/elezioni/VotiLista_i.aspx?idcom=29&idele=169&idsez=0&ord=1&setcar=n
20220925,GIGNOD,1344,798,23,31,743,30,GIGNOD,https://elezioni.regione.vda.it/elezioni/VotiLista_i.aspx?idcom=30&idele=169&idsez=0&ord=1&setcar=n
20220925,GRESSAN,2697,1692,57,95,1543,31,GRESSAN,https://elezioni.regione.vda.it/elezioni/VotiLista_i.aspx?idcom=31&idele=169&idsez=0&ord=1&setcar=n
20220925,GRESSONEY-LA-TRINITE',245,150,2,9,135,32,GRESSONEY-LA-TRINITÃ‰,https://elezioni.regione.vda.it/elezioni/VotiLista_i.aspx?idcom=32&idele=169&idsez=0&ord=1&setcar=n
20220925,GRESSONEY-SAINT-JEAN,632,404,21,22,353,33,GRESSONEY-SAINT-JEAN,https://elezioni.regione.vda.it/elezioni/VotiLista_i.aspx?idcom=33&idele=169&idsez=0&ord=1&setcar=n
20220925,HONE,925,573,24,39,500,34,HÃ”NE,https://elezioni.regione.vda.it/elezioni/VotiLista_i.aspx?idcom=34&idele=169&idsez=0&ord=1&setcar=n
20220925,INTROD,510,335,15,18,293,35,INTROD,https://elezioni.regione.vda.it/elezioni/VotiLista_i.aspx?idcom=35&idele=169&idsez=0&ord=1&setcar=n
20220925,ISSIME,296,194,10,13,173,36,ISSIME,https://elezioni.regione.vda.it/elezioni/VotiLista_i.aspx?idcom=36&idele=169&idsez=0&ord=1&setcar=n
20220925,ISSOGNE,1086,642,28,60,537,37,ISSOGNE,https://elezioni.regione.vda.it/elezioni/VotiLista_i.aspx?idcom=37&idele=169&idsez=0&ord=1&setcar=n
20220925,JOVENCAN,558,333,6,10,310,38,JOVENÃ‡AN,https://elezioni.regione.vda.it/elezioni/VotiLista_i.aspx?idcom=38&idele=169&idsez=0&ord=1&setcar=n
20220925,LA MAGDELEINE,95,67,3,2,63,39,LA MAGDELEINE,https://elezioni.regione.vda.it/elezioni/VotiLista_i.aspx?idcom=39&idele=169&idsez=0&ord=1&setcar=n
20220925,LA SALLE,1546,887,26,41,799,40,LA SALLE,https://elezioni.regione.vda.it/elezioni/VotiLista_i.aspx?idcom=40&idele=169&idsez=0&ord=1&setcar=n
20220925,LA THUILE,651,412,10,15,378,41,LA THUILE,https://elezioni.regione.vda.it/elezioni/VotiLista_i.aspx?idcom=41&idele=169&idsez=0&ord=1&setcar=n
20220925,LILLIANES,341,194,5,21,158,42,LILLIANES,https://elezioni.regione.vda.it/elezioni/VotiLista_i.aspx?idcom=42&idele=169&idsez=0&ord=1&setcar=n
20220925,MONTJOVET,1448,838,20,54,740,43,MONTJOVET,https://elezioni.regione.vda.it/elezioni/VotiLista_i.aspx?idcom=43&idele=169&idsez=0&ord=1&setcar=n
20220925,MORGEX,1621,1004,38,39,907,44,MORGEX,https://elezioni.regione.vda.it/elezioni/VotiLista_i.aspx?idcom=44&idele=169&idsez=0&ord=1&setcar=n
20220925,NUS,2395,1443,41,85,1305,45,NUS,https://elezioni.regione.vda.it/elezioni/VotiLista_i.aspx?idcom=45&idele=169&idsez=0&ord=1&setcar=n
20220925,OLLOMONT,138,98,5,7,86,46,OLLOMONT,https://elezioni.regione.vda.it/elezioni/VotiLista_i.aspx?idcom=46&idele=169&idsez=0&ord=1&setcar=n
20220925,OYACE,175,104,6,10,93,47,OYACE,https://elezioni.regione.vda.it/elezioni/VotiLista_i.aspx?idcom=47&idele=169&idsez=0&ord=1&setcar=n
20220925,PERLOZ,380,251,9,19,216,48,PERLOZ,https://elezioni.regione.vda.it/elezioni/VotiLista_i.aspx?idcom=48&idele=169&idsez=0&ord=1&setcar=n
20220925,POLLEIN,1183,693,25,40,629,49,POLLEIN,https://elezioni.regione.vda.it/elezioni/VotiLista_i.aspx?idcom=49&idele=169&idsez=0&ord=1&setcar=n
20220925,PONTBOSET,142,88,4,8,75,50,PONTBOSET,https://elezioni.regione.vda.it/elezioni/VotiLista_i.aspx?idcom=50&idele=169&idsez=0&ord=1&setcar=n
20220925,PONTEY,652,402,11,30,350,51,PONTEY,https://elezioni.regione.vda.it/elezioni/VotiLista_i.aspx?idcom=51&idele=169&idsez=0&ord=1&setcar=n
20220925,PONT-SAINT-MARTIN,2797,1712,52,122,1516,52,PONT-SAINT-MARTIN,https://elezioni.regione.vda.it/elezioni/VotiLista_i.aspx?idcom=52&idele=169&idsez=0&ord=1&setcar=n
20220925,PRE'-SAINT-DIDIER,770,431,6,17,393,53,PRÃ‰-SAINT-DIDIER,https://elezioni.regione.vda.it/elezioni/VotiLista_i.aspx?idcom=53&idele=169&idsez=0&ord=1&setcar=n
20220925,QUART,3272,1888,54,110,1709,54,QUART,https://elezioni.regione.vda.it/elezioni/VotiLista_i.aspx?idcom=54&idele=169&idsez=0&ord=1&setcar=n
20220925,RHEMES-NOTRE-DAME,73,48,9,3,37,55,RHÃŠMES-NOTRE-DAME,https://elezioni.regione.vda.it/elezioni/VotiLista_i.aspx?idcom=55&idele=169&idsez=0&ord=1&setcar=n
20220925,RHEMES-SAINT-GEORGES,144,88,10,9,68,56,RHÃŠMES-SAINT-GEORGES,https://elezioni.regione.vda.it/elezioni/VotiLista_i.aspx?idcom=56&idele=169&idsez=0&ord=1&setcar=n
20220925,ROISAN,810,490,10,17,455,57,ROISAN,https://elezioni.regione.vda.it/elezioni/VotiLista_i.aspx?idcom=57&idele=169&idsez=0&ord=1&setcar=n
20220925,SAINT-CHRISTOPHE,2790,1792,49,119,1620,58,SAINT-CHRISTOPHE,https://elezioni.regione.vda.it/elezioni/VotiLista_i.aspx?idcom=58&idele=169&idsez=0&ord=1&setcar=n
20220925,SAINT-DENIS,301,183,12,8,158,59,SAINT-DENIS,https://elezioni.regione.vda.it/elezioni/VotiLista_i.aspx?idcom=59&idele=169&idsez=0&ord=1&setcar=n
20220925,SAINT-MARCEL,1039,632,24,53,542,60,SAINT-MARCEL,https://elezioni.regione.vda.it/elezioni/VotiLista_i.aspx?idcom=60&idele=169&idsez=0&ord=1&setcar=n
20220925,SAINT-NICOLAS,253,171,7,10,153,61,SAINT-NICOLAS,https://elezioni.regione.vda.it/elezioni/VotiLista_i.aspx?idcom=61&idele=169&idsez=0&ord=1&setcar=n
20220925,SAINT-OYEN,166,129,1,2,126,62,SAINT-OYEN,https://elezioni.regione.vda.it/elezioni/VotiLista_i.aspx?idcom=62&idele=169&idsez=0&ord=1&setcar=n
20220925,SAINT-PIERRE,2478,1474,43,78,1349,63,SAINT-PIERRE,https://elezioni.regione.vda.it/elezioni/VotiLista_i.aspx?idcom=63&idele=169&idsez=0&ord=1&setcar=n
20220925,SAINT-RHEMY-EN-BOSSES,269,174,6,4,165,64,SAINT-RHÃ‰MY-EN-BOSSES,https://elezioni.regione.vda.it/elezioni/VotiLista_i.aspx?idcom=64&idele=169&idsez=0&ord=1&setcar=n
20220925,SAINT-VINCENT,3571,2064,55,112,1835,65,SAINT-VINCENT,https://elezioni.regione.vda.it/elezioni/VotiLista_i.aspx?idcom=65&idele=169&idsez=0&ord=1&setcar=n
20220925,SARRE,3887,2400,61,119,2213,66,SARRE,https://elezioni.regione.vda.it/elezioni/VotiLista_i.aspx?idcom=66&idele=169&idsez=0&ord=1&setcar=n
20220925,TORGNON,449,286,11,5,249,67,TORGNON,https://elezioni.regione.vda.it/elezioni/VotiLista_i.aspx?idcom=67&idele=169&idsez=0&ord=1&setcar=n
20220925,VALGRISENCHE,166,114,8,3,103,68,VALGRISENCHE,https://elezioni.regione.vda.it/elezioni/VotiLista_i.aspx?idcom=68&idele=169&idsez=0&ord=1&setcar=n
20220925,VALPELLINE,484,297,10,20,271,69,VALPELLINE,https://elezioni.regione.vda.it/elezioni/VotiLista_i.aspx?idcom=69&idele=169&idsez=0&ord=1&setcar=n
20220925,VALSAVARENCHE,136,89,5,11,77,70,VALSAVARENCHE,https://elezioni.regione.vda.it/elezioni/VotiLista_i.aspx?idcom=70&idele=169&idsez=0&ord=1&setcar=n
20220925,VALTOURNENCHE,1673,970,42,52,859,71,VALTOURNENCHE,https://elezioni.regione.vda.it/elezioni/VotiLista_i.aspx?idcom=71&idele=169&idsez=0&ord=1&setcar=n
20220925,VERRAYES,1034,635,25,24,567,72,VERRAYES,https://elezioni.regione.vda.it/elezioni/VotiLista_i.aspx?idcom=72&idele=169&idsez=0&ord=1&setcar=n
20220925,VERRES,1986,1228,37,79,1090,73,VERRÃˆS,https://elezioni.regione.vda.it/elezioni/VotiLista_i.aspx?idcom=73&idele=169&idsez=0&ord=1&setcar=n
20220925,VILLENEUVE,997,600,20,43,546,74,VILLENEUVE,https://elezioni.regione.vda.it/elezioni/VotiLista_i.aspx?idcom=74&idele=169&idsez=0&ord=1&setcar=n
