year,comparison_geometry,n_provinces,n_changed,share_changed,adjusted_rand,normalized_mutual_information,variation_of_information,coassignment_pearson
1948,aitchison,104,29,0.27884615384615385,0.5516868205695669,0.6319183616361032,0.8561114863244432,0.5640047985030591
1948,euclidean,104,37,0.3557692307692308,0.4026244066318337,0.41475705162365384,1.5385529082188327,0.4050167441762372
1953,aitchison,105,35,0.3333333333333333,0.5370988200432757,0.5587974860013833,1.1393240652400098,0.5381267493509856
1953,euclidean,105,20,0.19047619047619047,0.6540096437946904,0.6400435373974449,0.9580257008765218,0.6540140977312625
1958,aitchison,106,29,0.27358490566037735,0.5707230593896416,0.6321239121781846,1.0054635678241748,0.570986810687216
1958,euclidean,106,41,0.3867924528301887,0.29056602064227977,0.4110130871363413,1.557509739268982,0.29148224555063174
1963,aitchison,106,19,0.1792452830188679,0.6969475494411006,0.71985987080684255,0.7339083065024465,0.6971621694069364
1963,euclidean,106,47,0.44339622641509435,0.3067964078630691,0.3762805902009414,1.6253970206469668,0.3068467545160606
1968,aitchison,106,51,0.4811320754716981,0.30198155481941874,0.4483651570546576,1.2321273403416808,0.3351707456836125
1968,euclidean,106,45,0.42452830188679247,0.2261538805574331,0.3489545068350771,1.683945315505159,0.22646718468167495
1972,aitchison,106,44,0.41509433962264153,0.47078973059071366,0.6356657842656613,0.968343954232733,0.4717705490524215
1972,euclidean,106,14,0.1320754716981132,0.6541641346927884,0.7417404501321602,0.6784150351081184,0.6543138633440424
1976,aitchison,106,28,0.2641509433962264,0.6037264193542028,0.716401908660266,0.7216446470361371,0.6140769776235891
1976,euclidean,106,55,0.5188679245283019,0.13998140191809344,0.2850113461667193,1.8882831377525535,0.1404049195481074
1979,aitchison,106,38,0.3584905660377358,0.43440113553128706,0.5355494788933192,1.239506483753762,0.4350011892315217
1979,euclidean,106,21,0.19811320754716982,0.5316989979045208,0.6173174296259101,1.030149693073031,0.5322899251218413
1983,aitchison,106,36,0.33962264150943394,0.4642786270188808,0.6886280193675525,0.7454831904404602,0.4765607009482679
1983,euclidean,106,61,0.5754716981132075,0.120428982242512,0.2512409330472544,1.9483504312641484,0.12059771377138268
1987,aitchison,106,53,0.5,0.16779255586018044,0.3715090250645341,1.472396723810116,0.16921288569186518
1987,euclidean,106,49,0.46226415094339623,0.2303969022265247,0.37958964647771887,1.581819571137408,0.23132079392704735
1992,aitchison,106,4,0.03773584905660377,0.9050809762296932,0.9008207198630982,0.2678004937491898,0.9051201677247492
1992,euclidean,106,44,0.41509433962264153,0.45869106482196315,0.5994544477596434,1.0535072822187403,0.4604563186076358
1994,aitchison,106,12,0.11320754716981132,0.6825764967449894,0.8033352812573169,0.4829090799236391,0.6827931998755332
1994,euclidean,106,41,0.3867924528301887,0.35773703596407724,0.42717139771974977,1.4598959586357747,0.3584591902822257
1996,aitchison,106,37,0.3490566037735849,0.5426872671422106,0.6988133162869912,0.7135352149689984,0.5740934871500403
1996,euclidean,106,55,0.5188679245283019,0.20690873713555277,0.3456048573761551,1.7333202984944087,0.20714410669370983
2001,aitchison,106,6,0.05660377358490566,0.9006155295771705,0.8640149312206261,0.3532272136177319,0.9006158779063497
2001,euclidean,106,33,0.3113207547169811,0.4164702294707162,0.5078554764922,1.30795146404267,0.4176000058654435
2006,aitchison,106,13,0.12264150943396226,0.7592831316983405,0.7656228651108252,0.6243754937474915,0.7595736052500329
2006,euclidean,106,31,0.29245283018867924,0.5435186741806824,0.607867974182961,1.0401785818384772,0.5436361759042825
2008,aitchison,106,5,0.04716981132075472,0.8791583322886974,0.8764942659494072,0.33976997632630246,0.8791665853336876
2008,euclidean,106,40,0.37735849056603776,0.4509996730449552,0.6053575816641167,1.0518700057567971,0.45361581941372175
2013,aitchison,106,14,0.1320754716981132,0.7298079420334979,0.7682190821621933,0.6339777096186876,0.7302027702047384
2013,euclidean,106,27,0.25471698113207547,0.5057599865719965,0.5991384891260924,1.0851050231606,0.5067915930219684
2018,aitchison,106,5,0.04716981132075472,0.8879639992288129,0.8563208295040884,0.33940487643334194,0.8880826642393953
2018,euclidean,106,36,0.33962264150943394,0.4158872325309138,0.5718365775967793,1.0714267494056218,0.4232538038481774
2022,aitchison,106,46,0.4339622641509434,0.3502892368883189,0.4707239657673117,1.3499923537085785,0.35643544238886976
2022,euclidean,106,42,0.39622641509433965,0.43523692561991145,0.5656063919378733,1.1652745949808532,0.4352969821690761
