election_date,year,geometry,eigen_index,territory,spectral_coordinate,region,side,side_rank
19480418,1948,greenacre_weighted_power_0175,2,CAMPOBASSO,-0.15057882972520228,MOLISE,negative,1
19480418,1948,greenacre_weighted_power_0175,2,AVELLINO,-0.14912835906513003,CAMPANIA,negative,2
19480418,1948,greenacre_weighted_power_0175,2,CASERTA,-0.14590462066072787,CAMPANIA,negative,3
19480418,1948,greenacre_weighted_power_0175,2,SALERNO,-0.14301587440279956,CAMPANIA,negative,4
19480418,1948,greenacre_weighted_power_0175,2,LECCE,-0.14139848698388385,PUGLIA,negative,5
19480418,1948,greenacre_weighted_power_0175,2,BOLOGNA,0.15687152012581504,EMILIA-ROMAGNA,positive,1
19480418,1948,greenacre_weighted_power_0175,2,FERRARA,0.1507256239154955,EMILIA-ROMAGNA,positive,2
19480418,1948,greenacre_weighted_power_0175,2,MANTOVA,0.14439874819163656,LOMBARDIA,positive,3
19480418,1948,greenacre_weighted_power_0175,2,PESARO E URBINO,0.14162260682435332,MARCHE,positive,4
19480418,1948,greenacre_weighted_power_0175,2,PISTOIA,0.14049605297049633,TOSCANA,positive,5
19480418,1948,greenacre_weighted_power_0175,3,UDINE,-0.138574341201089,FRIULI-VENEZIA GIULIA,negative,1
19480418,1948,greenacre_weighted_power_0175,3,VERONA,-0.13296032561574703,VENETO,negative,2
19480418,1948,greenacre_weighted_power_0175,3,COMO,-0.13018104457474186,LOMBARDIA,negative,3
19480418,1948,greenacre_weighted_power_0175,3,PADOVA,-0.1276711033206478,VENETO,negative,4
19480418,1948,greenacre_weighted_power_0175,3,LECCO,-0.12522118258380538,LOMBARDIA,negative,5
19480418,1948,greenacre_weighted_power_0175,3,BOLOGNA,0.34003260107312394,EMILIA-ROMAGNA,positive,1
19480418,1948,greenacre_weighted_power_0175,3,FERRARA,0.3238862961366481,EMILIA-ROMAGNA,positive,2
19480418,1948,greenacre_weighted_power_0175,3,MANTOVA,0.3018273780665533,LOMBARDIA,positive,3
19480418,1948,greenacre_weighted_power_0175,3,RAVENNA,0.2909560377124286,EMILIA-ROMAGNA,positive,4
19480418,1948,greenacre_weighted_power_0175,3,FORLÌ-CESENA,0.281081182232524,EMILIA-ROMAGNA,positive,5
19480418,1948,greenacre_weighted_power_0175,4,PISA,-0.15793707704745422,TOSCANA,negative,1
19480418,1948,greenacre_weighted_power_0175,4,LIVORNO,-0.1445185088866325,TOSCANA,negative,2
19480418,1948,greenacre_weighted_power_0175,4,PESARO E URBINO,-0.1442296077388517,MARCHE,negative,3
19480418,1948,greenacre_weighted_power_0175,4,PERUGIA,-0.1415578903145433,UMBRIA,negative,4
19480418,1948,greenacre_weighted_power_0175,4,PISTOIA,-0.13525837582758732,TOSCANA,negative,5
19480418,1948,greenacre_weighted_power_0175,4,UDINE,0.21936882856575307,FRIULI-VENEZIA GIULIA,positive,1
19480418,1948,greenacre_weighted_power_0175,4,SONDRIO,0.21488555815989577,LOMBARDIA,positive,2
19480418,1948,greenacre_weighted_power_0175,4,PORDENONE,0.20850578191417363,FRIULI-VENEZIA GIULIA,positive,3
19480418,1948,greenacre_weighted_power_0175,4,BELLUNO,0.20198188535238912,VENETO,positive,4
19480418,1948,greenacre_weighted_power_0175,4,VICENZA,0.20066709789597523,VENETO,positive,5
19530607,1953,greenacre_weighted_power_0175,2,NAPOLI,-0.14484743301873113,CAMPANIA,negative,1
19530607,1953,greenacre_weighted_power_0175,2,CATANIA,-0.14328174895735948,SICILIA,negative,2
19530607,1953,greenacre_weighted_power_0175,2,CASERTA,-0.14144889138362624,CAMPANIA,negative,3
19530607,1953,greenacre_weighted_power_0175,2,PALERMO,-0.14077828564553055,SICILIA,negative,4
19530607,1953,greenacre_weighted_power_0175,2,POTENZA,-0.1389491879043312,BASILICATA,negative,5
19530607,1953,greenacre_weighted_power_0175,2,PISTOIA,0.15734847389278175,TOSCANA,positive,1
19530607,1953,greenacre_weighted_power_0175,2,FIRENZE,0.15513133394184508,TOSCANA,positive,2
19530607,1953,greenacre_weighted_power_0175,2,PISA,0.15473023668425392,TOSCANA,positive,3
19530607,1953,greenacre_weighted_power_0175,2,PRATO,0.14825216388799742,TOSCANA,positive,4
19530607,1953,greenacre_weighted_power_0175,2,AREZZO,0.1468697257805465,TOSCANA,positive,5
19530607,1953,greenacre_weighted_power_0175,3,PISTOIA,-0.12134011146941805,TOSCANA,negative,1
19530607,1953,greenacre_weighted_power_0175,3,PISA,-0.12088715532046278,TOSCANA,negative,2
19530607,1953,greenacre_weighted_power_0175,3,LIVORNO,-0.11831509108044502,TOSCANA,negative,3
19530607,1953,greenacre_weighted_power_0175,3,PRATO,-0.11274799694266983,TOSCANA,negative,4
19530607,1953,greenacre_weighted_power_0175,3,FIRENZE,-0.11265516470335624,TOSCANA,negative,5
19530607,1953,greenacre_weighted_power_0175,3,BERGAMO,0.2546450248566542,LOMBARDIA,positive,1
19530607,1953,greenacre_weighted_power_0175,3,LECCO,0.24374976621264025,LOMBARDIA,positive,2
19530607,1953,greenacre_weighted_power_0175,3,TREVISO,0.24210402918858823,VENETO,positive,3
19530607,1953,greenacre_weighted_power_0175,3,COMO,0.22484996653812772,LOMBARDIA,positive,4
19530607,1953,greenacre_weighted_power_0175,3,VERONA,0.2244813142477552,VENETO,positive,5
19530607,1953,greenacre_weighted_power_0175,4,PESCARA,-0.06547263808740686,ABRUZZO,negative,1
19530607,1953,greenacre_weighted_power_0175,4,TERAMO,-0.06219083671588348,ABRUZZO,negative,2
19530607,1953,greenacre_weighted_power_0175,4,MATERA,-0.05699533836063025,BASILICATA,negative,3
19530607,1953,greenacre_weighted_power_0175,4,COSENZA,-0.05185848283503155,CALABRIA,negative,4
19530607,1953,greenacre_weighted_power_0175,4,FOGGIA,-0.05170332790192682,PUGLIA,negative,5
19530607,1953,greenacre_weighted_power_0175,4,ISERNIA,0.6614189526955201,MOLISE,positive,1
19530607,1953,greenacre_weighted_power_0175,4,CAMPOBASSO,0.6605675455013231,MOLISE,positive,2
19530607,1953,greenacre_weighted_power_0175,4,NUORO,0.09880478144314889,SARDEGNA,positive,3
19530607,1953,greenacre_weighted_power_0175,4,ORISTANO,0.09587515611307108,SARDEGNA,positive,4
19530607,1953,greenacre_weighted_power_0175,4,BENEVENTO,0.09470250797698,CAMPANIA,positive,5
19580525,1958,greenacre_weighted_power_0175,2,FROSINONE,-0.08312197349234113,LAZIO,negative,1
19580525,1958,greenacre_weighted_power_0175,2,SASSARI,-0.08037034419069947,SARDEGNA,negative,2
19580525,1958,greenacre_weighted_power_0175,2,CAGLIARI,-0.07882998515005762,SARDEGNA,negative,3
19580525,1958,greenacre_weighted_power_0175,2,CASERTA,-0.07692570102942259,CAMPANIA,negative,4
19580525,1958,greenacre_weighted_power_0175,2,LATINA,-0.07602320892246082,LAZIO,negative,5
19580525,1958,greenacre_weighted_power_0175,2,RIMINI,0.23592455059161743,EMILIA-ROMAGNA,positive,1
19580525,1958,greenacre_weighted_power_0175,2,PESARO E URBINO,0.2280388160103052,MARCHE,positive,2
19580525,1958,greenacre_weighted_power_0175,2,PERUGIA,0.2220549123726008,UMBRIA,positive,3
19580525,1958,greenacre_weighted_power_0175,2,GROSSETO,0.2184656361423264,TOSCANA,positive,4
19580525,1958,greenacre_weighted_power_0175,2,AREZZO,0.21650802186667265,TOSCANA,positive,5
19580525,1958,greenacre_weighted_power_0175,3,CATANZARO,-0.11592517077373284,CALABRIA,negative,1
19580525,1958,greenacre_weighted_power_0175,3,PESCARA,-0.11525338787381556,ABRUZZO,negative,2
19580525,1958,greenacre_weighted_power_0175,3,TERAMO,-0.1133505870967744,ABRUZZO,negative,3
19580525,1958,greenacre_weighted_power_0175,3,COSENZA,-0.11302102093702043,CALABRIA,negative,4
19580525,1958,greenacre_weighted_power_0175,3,CALTANISSETTA,-0.11206581794972868,SICILIA,negative,5
19580525,1958,greenacre_weighted_power_0175,3,VERONA,0.24674380801988377,VENETO,positive,1
19580525,1958,greenacre_weighted_power_0175,3,LECCO,0.24461464744380323,LOMBARDIA,positive,2
19580525,1958,greenacre_weighted_power_0175,3,BERGAMO,0.24005472840107592,LOMBARDIA,positive,3
19580525,1958,greenacre_weighted_power_0175,3,COMO,0.2378437247548463,LOMBARDIA,positive,4
19580525,1958,greenacre_weighted_power_0175,3,PADOVA,0.23777595282568323,VENETO,positive,5
19580525,1958,greenacre_weighted_power_0175,4,ASCOLI PICENO,-0.12140077763391724,MARCHE,negative,1
19580525,1958,greenacre_weighted_power_0175,4,CAMPOBASSO,-0.11005675420898392,MOLISE,negative,2
19580525,1958,greenacre_weighted_power_0175,4,RIETI,-0.1099179904424205,LAZIO,negative,3
19580525,1958,greenacre_weighted_power_0175,4,BARI,-0.10841094233472934,PUGLIA,negative,4
19580525,1958,greenacre_weighted_power_0175,4,MACERATA,-0.1037975219867864,MARCHE,negative,5
19580525,1958,greenacre_weighted_power_0175,4,FIRENZE,0.23729693177237648,TOSCANA,positive,1
19580525,1958,greenacre_weighted_power_0175,4,PISTOIA,0.2307897017342477,TOSCANA,positive,2
19580525,1958,greenacre_weighted_power_0175,4,MODENA,0.21798345102066605,EMILIA-ROMAGNA,positive,3
19580525,1958,greenacre_weighted_power_0175,4,PISA,0.216969015159809,TOSCANA,positive,4
19580525,1958,greenacre_weighted_power_0175,4,PRATO,0.20881910660027975,TOSCANA,positive,5
19630428,1963,greenacre_weighted_power_0175,2,SIRACUSA,-0.06467416737318851,SICILIA,negative,1
19630428,1963,greenacre_weighted_power_0175,2,ALESSANDRIA,-0.06389867485707576,PIEMONTE,negative,2
19630428,1963,greenacre_weighted_power_0175,2,SAVONA,-0.0635014944390406,LIGURIA,negative,3
19630428,1963,greenacre_weighted_power_0175,2,MATERA,-0.06315337046427691,BASILICATA,negative,4
19630428,1963,greenacre_weighted_power_0175,2,PESCARA,-0.06290660019808925,ABRUZZO,negative,5
19630428,1963,greenacre_weighted_power_0175,2,LUCCA,0.2653198012926655,TOSCANA,positive,1
19630428,1963,greenacre_weighted_power_0175,2,MACERATA,0.25132365540972557,MARCHE,positive,2
19630428,1963,greenacre_weighted_power_0175,2,PORDENONE,0.2401194047961022,FRIULI-VENEZIA GIULIA,positive,3
19630428,1963,greenacre_weighted_power_0175,2,UDINE,0.23661363807152316,FRIULI-VENEZIA GIULIA,positive,4
19630428,1963,greenacre_weighted_power_0175,2,GORIZIA,0.2354839760191197,FRIULI-VENEZIA GIULIA,positive,5
19630428,1963,greenacre_weighted_power_0175,3,BERGAMO,-0.13554821707155626,LOMBARDIA,negative,1
19630428,1963,greenacre_weighted_power_0175,3,VICENZA,-0.1335131978801705,VENETO,negative,2
19630428,1963,greenacre_weighted_power_0175,3,TREVISO,-0.12606962184732026,VENETO,negative,3
19630428,1963,greenacre_weighted_power_0175,3,TRENTO,-0.1230544658188319,TRENTINO-ALTO ADIGE/SÜDTIROL,negative,4
19630428,1963,greenacre_weighted_power_0175,3,CHIETI,-0.11466275564147124,ABRUZZO,negative,5
19630428,1963,greenacre_weighted_power_0175,3,MODENA,0.2049386979677172,EMILIA-ROMAGNA,positive,1
19630428,1963,greenacre_weighted_power_0175,3,FIRENZE,0.1984243607162644,TOSCANA,positive,2
19630428,1963,greenacre_weighted_power_0175,3,PRATO,0.19508666346484888,TOSCANA,positive,3
19630428,1963,greenacre_weighted_power_0175,3,REGGIO NELL'EMILIA,0.19461531336648732,EMILIA-ROMAGNA,positive,4
19630428,1963,greenacre_weighted_power_0175,3,PISTOIA,0.19280287801246485,TOSCANA,positive,5
19630428,1963,greenacre_weighted_power_0175,4,FERMO,-0.11014389627736117,MARCHE,negative,1
19630428,1963,greenacre_weighted_power_0175,4,ANCONA,-0.10835703876145504,MARCHE,negative,2
19630428,1963,greenacre_weighted_power_0175,4,COSENZA,-0.10514102101000472,CALABRIA,negative,3
19630428,1963,greenacre_weighted_power_0175,4,CALTANISSETTA,-0.10326540754269169,SICILIA,negative,4
19630428,1963,greenacre_weighted_power_0175,4,CATANZARO,-0.10301626895202184,CALABRIA,negative,5
19630428,1963,greenacre_weighted_power_0175,4,VICENZA,0.2841791881879188,VENETO,positive,1
19630428,1963,greenacre_weighted_power_0175,4,BERGAMO,0.28233135653364666,LOMBARDIA,positive,2
19630428,1963,greenacre_weighted_power_0175,4,VERONA,0.26846517942841,VENETO,positive,3
19630428,1963,greenacre_weighted_power_0175,4,TRENTO,0.25948912248273887,TRENTINO-ALTO ADIGE/SÜDTIROL,positive,4
19630428,1963,greenacre_weighted_power_0175,4,PADOVA,0.24056198690124664,VENETO,positive,5
19680519,1968,greenacre_weighted_power_0175,2,LATINA,-0.08121575147510196,LAZIO,negative,1
19680519,1968,greenacre_weighted_power_0175,2,CATANZARO,-0.08097200959881226,CALABRIA,negative,2
19680519,1968,greenacre_weighted_power_0175,2,SIRACUSA,-0.07880634261619128,SICILIA,negative,3
19680519,1968,greenacre_weighted_power_0175,2,REGGIO CALABRIA,-0.07749751434323326,CALABRIA,negative,4
19680519,1968,greenacre_weighted_power_0175,2,PESCARA,-0.07727208380215385,ABRUZZO,negative,5
19680519,1968,greenacre_weighted_power_0175,2,PISTOIA,0.2060157174178852,TOSCANA,positive,1
19680519,1968,greenacre_weighted_power_0175,2,PARMA,0.204599467572048,EMILIA-ROMAGNA,positive,2
19680519,1968,greenacre_weighted_power_0175,2,FIRENZE,0.20333197324384297,TOSCANA,positive,3
19680519,1968,greenacre_weighted_power_0175,2,ALESSANDRIA,0.19727956020926712,PIEMONTE,positive,4
19680519,1968,greenacre_weighted_power_0175,2,PIACENZA,0.19654166044526591,EMILIA-ROMAGNA,positive,5
19680519,1968,greenacre_weighted_power_0175,3,VICENZA,-0.17336214631522592,VENETO,negative,1
19680519,1968,greenacre_weighted_power_0175,3,BELLUNO,-0.17299471405350522,VENETO,negative,2
19680519,1968,greenacre_weighted_power_0175,3,PORDENONE,-0.1687556603411029,FRIULI-VENEZIA GIULIA,negative,3
19680519,1968,greenacre_weighted_power_0175,3,UDINE,-0.16838285728917762,FRIULI-VENEZIA GIULIA,negative,4
19680519,1968,greenacre_weighted_power_0175,3,CUNEO,-0.16550455687031426,PIEMONTE,negative,5
19680519,1968,greenacre_weighted_power_0175,3,MODENA,0.21878296296107527,EMILIA-ROMAGNA,positive,1
19680519,1968,greenacre_weighted_power_0175,3,PISTOIA,0.21220344315643433,TOSCANA,positive,2
19680519,1968,greenacre_weighted_power_0175,3,REGGIO NELL'EMILIA,0.20911080539432597,EMILIA-ROMAGNA,positive,3
19680519,1968,greenacre_weighted_power_0175,3,PRATO,0.20675823120679812,TOSCANA,positive,4
19680519,1968,greenacre_weighted_power_0175,3,FIRENZE,0.20357456034107108,TOSCANA,positive,5
19680519,1968,greenacre_weighted_power_0175,4,PALERMO,-0.15931777067376787,SICILIA,negative,1
19680519,1968,greenacre_weighted_power_0175,4,REGGIO CALABRIA,-0.15750962840078403,CALABRIA,negative,2
19680519,1968,greenacre_weighted_power_0175,4,CALTANISSETTA,-0.152321308944161,SICILIA,negative,3
19680519,1968,greenacre_weighted_power_0175,4,CATANZARO,-0.15091384159562438,CALABRIA,negative,4
19680519,1968,greenacre_weighted_power_0175,4,CATANIA,-0.1487584833265623,SICILIA,negative,5
19680519,1968,greenacre_weighted_power_0175,4,SAVONA,0.16189127905682657,LIGURIA,positive,1
19680519,1968,greenacre_weighted_power_0175,4,PAVIA,0.15477074593028303,LOMBARDIA,positive,2
19680519,1968,greenacre_weighted_power_0175,4,TORINO,0.15059842650593405,PIEMONTE,positive,3
19680519,1968,greenacre_weighted_power_0175,4,GENOVA,0.15014816031373446,LIGURIA,positive,4
19680519,1968,greenacre_weighted_power_0175,4,BIELLA,0.14852840917063512,PIEMONTE,positive,5
19720507,1972,greenacre_weighted_power_0175,2,VIBO VALENTIA,-0.11074647545505018,CALABRIA,negative,1
19720507,1972,greenacre_weighted_power_0175,2,L'AQUILA,-0.10949417592356817,ABRUZZO,negative,2
19720507,1972,greenacre_weighted_power_0175,2,PALERMO,-0.10935459266083324,SICILIA,negative,3
19720507,1972,greenacre_weighted_power_0175,2,AVELLINO,-0.10771663953925632,CAMPANIA,negative,4
19720507,1972,greenacre_weighted_power_0175,2,CATANZARO,-0.10664331839851236,CALABRIA,negative,5
19720507,1972,greenacre_weighted_power_0175,2,FIRENZE,0.19238378070948575,TOSCANA,positive,1
19720507,1972,greenacre_weighted_power_0175,2,MODENA,0.18595956723519347,EMILIA-ROMAGNA,positive,2
19720507,1972,greenacre_weighted_power_0175,2,LIVORNO,0.1852817622304737,TOSCANA,positive,3
19720507,1972,greenacre_weighted_power_0175,2,PISA,0.18159441956147304,TOSCANA,positive,4
19720507,1972,greenacre_weighted_power_0175,2,PISTOIA,0.17866722069787744,TOSCANA,positive,5
19720507,1972,greenacre_weighted_power_0175,3,CATANZARO,-0.1079516370734167,CALABRIA,negative,1
19720507,1972,greenacre_weighted_power_0175,3,CALTANISSETTA,-0.103890090315126,SICILIA,negative,2
19720507,1972,greenacre_weighted_power_0175,3,ENNA,-0.09888109331619575,SICILIA,negative,3
19720507,1972,greenacre_weighted_power_0175,3,RAGUSA,-0.09861562913533972,SICILIA,negative,4
19720507,1972,greenacre_weighted_power_0175,3,REGGIO CALABRIA,-0.09696463997990812,CALABRIA,negative,5
19720507,1972,greenacre_weighted_power_0175,3,BERGAMO,0.26833042348845376,LOMBARDIA,positive,1
19720507,1972,greenacre_weighted_power_0175,3,TREVISO,0.2658439720174775,VENETO,positive,2
19720507,1972,greenacre_weighted_power_0175,3,LECCO,0.25480202140880515,LOMBARDIA,positive,3
19720507,1972,greenacre_weighted_power_0175,3,VICENZA,0.24529889774717228,VENETO,positive,4
19720507,1972,greenacre_weighted_power_0175,3,VERONA,0.2387281836937832,VENETO,positive,5
19720507,1972,greenacre_weighted_power_0175,4,MODENA,-0.17519773624765117,EMILIA-ROMAGNA,negative,1
19720507,1972,greenacre_weighted_power_0175,4,REGGIO NELL'EMILIA,-0.1689294245804974,EMILIA-ROMAGNA,negative,2
19720507,1972,greenacre_weighted_power_0175,4,SIENA,-0.1667225577966479,TOSCANA,negative,3
19720507,1972,greenacre_weighted_power_0175,4,BERGAMO,-0.16278875987157046,LOMBARDIA,negative,4
19720507,1972,greenacre_weighted_power_0175,4,VICENZA,-0.1557476189537612,VENETO,negative,5
19720507,1972,greenacre_weighted_power_0175,4,VERCELLI,0.21769262510071943,PIEMONTE,positive,1
19720507,1972,greenacre_weighted_power_0175,4,SAVONA,0.20919491812995697,LIGURIA,positive,2
19720507,1972,greenacre_weighted_power_0175,4,ALESSANDRIA,0.2046255028452423,PIEMONTE,positive,3
19720507,1972,greenacre_weighted_power_0175,4,TORINO,0.2019005538522824,PIEMONTE,positive,4
19720507,1972,greenacre_weighted_power_0175,4,BIELLA,0.1901575417988375,PIEMONTE,positive,5
19760620,1976,greenacre_weighted_power_0175,2,CASERTA,-0.12979137808254107,CAMPANIA,negative,1
19760620,1976,greenacre_weighted_power_0175,2,FROSINONE,-0.11986401201117472,LAZIO,negative,2
19760620,1976,greenacre_weighted_power_0175,2,CATANIA,-0.11778692821724154,SICILIA,negative,3
19760620,1976,greenacre_weighted_power_0175,2,CALTANISSETTA,-0.11687817677772096,SICILIA,negative,4
19760620,1976,greenacre_weighted_power_0175,2,TRAPANI,-0.11646284586917352,SICILIA,negative,5
19760620,1976,greenacre_weighted_power_0175,2,PRATO,0.2553668055579799,TOSCANA,positive,1
19760620,1976,greenacre_weighted_power_0175,2,FIRENZE,0.2542320136968094,TOSCANA,positive,2
19760620,1976,greenacre_weighted_power_0175,2,MODENA,0.24956781511790815,EMILIA-ROMAGNA,positive,3
19760620,1976,greenacre_weighted_power_0175,2,PISTOIA,0.24345077845145088,TOSCANA,positive,4
19760620,1976,greenacre_weighted_power_0175,2,PISA,0.23708561288438967,TOSCANA,positive,5
19760620,1976,greenacre_weighted_power_0175,3,ORISTANO,-0.16328948846656796,SARDEGNA,negative,1
19760620,1976,greenacre_weighted_power_0175,3,L'AQUILA,-0.16293680811366787,ABRUZZO,negative,2
19760620,1976,greenacre_weighted_power_0175,3,SASSARI,-0.1608766063796095,SARDEGNA,negative,3
19760620,1976,greenacre_weighted_power_0175,3,CHIETI,-0.15527977093438347,ABRUZZO,negative,4
19760620,1976,greenacre_weighted_power_0175,3,CATANZARO,-0.14971462542608138,CALABRIA,negative,5
19760620,1976,greenacre_weighted_power_0175,3,PAVIA,0.18032104134417568,LOMBARDIA,positive,1
19760620,1976,greenacre_weighted_power_0175,3,GENOVA,0.17607019737917892,LIGURIA,positive,2
19760620,1976,greenacre_weighted_power_0175,3,SAVONA,0.17265182865923348,LIGURIA,positive,3
19760620,1976,greenacre_weighted_power_0175,3,TORINO,0.17190948665920025,PIEMONTE,positive,4
19760620,1976,greenacre_weighted_power_0175,3,VERCELLI,0.16946392744574065,PIEMONTE,positive,5
19760620,1976,greenacre_weighted_power_0175,4,SAVONA,-0.13992305089100054,LIGURIA,negative,1
19760620,1976,greenacre_weighted_power_0175,4,TORINO,-0.13788210548425509,PIEMONTE,negative,2
19760620,1976,greenacre_weighted_power_0175,4,GENOVA,-0.13483850944820375,LIGURIA,negative,3
19760620,1976,greenacre_weighted_power_0175,4,PAVIA,-0.13254352895483965,LOMBARDIA,negative,4
19760620,1976,greenacre_weighted_power_0175,4,VERCELLI,-0.1305961469702421,PIEMONTE,negative,5
19760620,1976,greenacre_weighted_power_0175,4,CASERTA,0.19215428304554708,CAMPANIA,positive,1
19760620,1976,greenacre_weighted_power_0175,4,CATANIA,0.1778263477357069,SICILIA,positive,2
19760620,1976,greenacre_weighted_power_0175,4,CALTANISSETTA,0.1753625733450992,SICILIA,positive,3
19760620,1976,greenacre_weighted_power_0175,4,TRAPANI,0.17132165487181314,SICILIA,positive,4
19760620,1976,greenacre_weighted_power_0175,4,PALERMO,0.1695180584453519,SICILIA,positive,5
19790603,1979,greenacre_weighted_power_0175,2,REGGIO CALABRIA,-0.12550984023205553,CALABRIA,negative,1
19790603,1979,greenacre_weighted_power_0175,2,L'AQUILA,-0.1235717350269521,ABRUZZO,negative,2
19790603,1979,greenacre_weighted_power_0175,2,VIBO VALENTIA,-0.12241486429384552,CALABRIA,negative,3
19790603,1979,greenacre_weighted_power_0175,2,CALTANISSETTA,-0.12231829001358802,SICILIA,negative,4
19790603,1979,greenacre_weighted_power_0175,2,CATANZARO,-0.11451057627335526,CALABRIA,negative,5
19790603,1979,greenacre_weighted_power_0175,2,FIRENZE,0.1976825398888816,TOSCANA,positive,1
19790603,1979,greenacre_weighted_power_0175,2,PISA,0.19574674751604465,TOSCANA,positive,2
19790603,1979,greenacre_weighted_power_0175,2,LIVORNO,0.18597987003316888,TOSCANA,positive,3
19790603,1979,greenacre_weighted_power_0175,2,MODENA,0.1857190936464725,EMILIA-ROMAGNA,positive,4
19790603,1979,greenacre_weighted_power_0175,2,PRATO,0.179574719762259,TOSCANA,positive,5
19790603,1979,greenacre_weighted_power_0175,3,REGGIO CALABRIA,-0.14647774666190677,CALABRIA,negative,1
19790603,1979,greenacre_weighted_power_0175,3,VIBO VALENTIA,-0.14226678208041427,CALABRIA,negative,2
19790603,1979,greenacre_weighted_power_0175,3,CALTANISSETTA,-0.14088213248974363,SICILIA,negative,3
19790603,1979,greenacre_weighted_power_0175,3,ENNA,-0.13702120721884942,SICILIA,negative,4
19790603,1979,greenacre_weighted_power_0175,3,MODENA,-0.13547032401518092,EMILIA-ROMAGNA,negative,5
19790603,1979,greenacre_weighted_power_0175,3,LECCO,0.18536485784912143,LOMBARDIA,positive,1
19790603,1979,greenacre_weighted_power_0175,3,VERONA,0.18117257532374495,VENETO,positive,2
19790603,1979,greenacre_weighted_power_0175,3,BRESCIA,0.17770993750932104,LOMBARDIA,positive,3
19790603,1979,greenacre_weighted_power_0175,3,PADOVA,0.17178891650755607,VENETO,positive,4
19790603,1979,greenacre_weighted_power_0175,3,VARESE,0.16744427002164702,LOMBARDIA,positive,5
19790603,1979,greenacre_weighted_power_0175,4,ALESSANDRIA,-0.1634203742040366,PIEMONTE,negative,1
19790603,1979,greenacre_weighted_power_0175,4,VERCELLI,-0.15394251631937603,PIEMONTE,negative,2
19790603,1979,greenacre_weighted_power_0175,4,SAVONA,-0.15287529248679754,LIGURIA,negative,3
19790603,1979,greenacre_weighted_power_0175,4,TORINO,-0.15192449254650098,PIEMONTE,negative,4
19790603,1979,greenacre_weighted_power_0175,4,VERBANO-CUSIO-OSSOLA,-0.15186856859286715,PIEMONTE,negative,5
19790603,1979,greenacre_weighted_power_0175,4,BERGAMO,0.2541475565737811,LOMBARDIA,positive,1
19790603,1979,greenacre_weighted_power_0175,4,VERONA,0.24682112772350137,VENETO,positive,2
19790603,1979,greenacre_weighted_power_0175,4,TREVISO,0.24402996727007392,VENETO,positive,3
19790603,1979,greenacre_weighted_power_0175,4,VICENZA,0.2361451113594027,VENETO,positive,4
19790603,1979,greenacre_weighted_power_0175,4,PADOVA,0.2208547833847765,VENETO,positive,5
19830626,1983,greenacre_weighted_power_0175,2,LA SPEZIA,-0.07677621788115745,LIGURIA,negative,1
19830626,1983,greenacre_weighted_power_0175,2,PISTOIA,-0.07660514435203164,TOSCANA,negative,2
19830626,1983,greenacre_weighted_power_0175,2,ANCONA,-0.07632557294826187,MARCHE,negative,3
19830626,1983,greenacre_weighted_power_0175,2,RIMINI,-0.07599063747289092,EMILIA-ROMAGNA,negative,4
19830626,1983,greenacre_weighted_power_0175,2,FIRENZE,-0.07580251650154769,TOSCANA,negative,5
19830626,1983,greenacre_weighted_power_0175,2,SASSARI,0.2295892093493913,SARDEGNA,positive,1
19830626,1983,greenacre_weighted_power_0175,2,TREVISO,0.2213606663794228,VENETO,positive,2
19830626,1983,greenacre_weighted_power_0175,2,ORISTANO,0.21895755072456585,SARDEGNA,positive,3
19830626,1983,greenacre_weighted_power_0175,2,NUORO,0.21847452989291463,SARDEGNA,positive,4
19830626,1983,greenacre_weighted_power_0175,2,PADOVA,0.21690529925746585,VENETO,positive,5
19830626,1983,greenacre_weighted_power_0175,3,SASSARI,-0.20926029483769187,SARDEGNA,negative,1
19830626,1983,greenacre_weighted_power_0175,3,VERONA,-0.19654476169442117,VENETO,negative,2
19830626,1983,greenacre_weighted_power_0175,3,PADOVA,-0.1952811112985685,VENETO,negative,3
19830626,1983,greenacre_weighted_power_0175,3,TREVISO,-0.19456691080055655,VENETO,negative,4
19830626,1983,greenacre_weighted_power_0175,3,ORISTANO,-0.19404528604089535,SARDEGNA,negative,5
19830626,1983,greenacre_weighted_power_0175,3,PARMA,0.24432868172515632,EMILIA-ROMAGNA,positive,1
19830626,1983,greenacre_weighted_power_0175,3,PIACENZA,0.23948192785382097,EMILIA-ROMAGNA,positive,2
19830626,1983,greenacre_weighted_power_0175,3,ALESSANDRIA,0.23519672806701347,PIEMONTE,positive,3
19830626,1983,greenacre_weighted_power_0175,3,CREMONA,0.2331063435486274,LOMBARDIA,positive,4
19830626,1983,greenacre_weighted_power_0175,3,MANTOVA,0.23198731235374148,LOMBARDIA,positive,5
19830626,1983,greenacre_weighted_power_0175,4,BARI,-0.1430995386713388,PUGLIA,negative,1
19830626,1983,greenacre_weighted_power_0175,4,SALERNO,-0.14175063991036138,CAMPANIA,negative,2
19830626,1983,greenacre_weighted_power_0175,4,LECCE,-0.13591710151720135,PUGLIA,negative,3
19830626,1983,greenacre_weighted_power_0175,4,BRINDISI,-0.1358706452577623,PUGLIA,negative,4
19830626,1983,greenacre_weighted_power_0175,4,FOGGIA,-0.1265943729467282,PUGLIA,negative,5
19830626,1983,greenacre_weighted_power_0175,4,FIRENZE,0.2261885250843324,TOSCANA,positive,1
19830626,1983,greenacre_weighted_power_0175,4,PRATO,0.22050461403941204,TOSCANA,positive,2
19830626,1983,greenacre_weighted_power_0175,4,PISA,0.21868664165435703,TOSCANA,positive,3
19830626,1983,greenacre_weighted_power_0175,4,PISTOIA,0.21729795438389285,TOSCANA,positive,4
19830626,1983,greenacre_weighted_power_0175,4,RIMINI,0.20858639296512904,EMILIA-ROMAGNA,positive,5
19870614,1987,greenacre_weighted_power_0175,2,FIRENZE,-0.0445837824163899,TOSCANA,negative,1
19870614,1987,greenacre_weighted_power_0175,2,PRATO,-0.04396859763823317,TOSCANA,negative,2
19870614,1987,greenacre_weighted_power_0175,2,LA SPEZIA,-0.04270389999254733,LIGURIA,negative,3
19870614,1987,greenacre_weighted_power_0175,2,TERNI,-0.04255290006770077,UMBRIA,negative,4
19870614,1987,greenacre_weighted_power_0175,2,MODENA,-0.04166687373158823,EMILIA-ROMAGNA,negative,5
19870614,1987,greenacre_weighted_power_0175,2,SASSARI,0.4460806917160035,SARDEGNA,positive,1
19870614,1987,greenacre_weighted_power_0175,2,NUORO,0.44388842186637967,SARDEGNA,positive,2
19870614,1987,greenacre_weighted_power_0175,2,ORISTANO,0.44151323192735215,SARDEGNA,positive,3
19870614,1987,greenacre_weighted_power_0175,2,SUD SARDEGNA,0.4266260814364916,SARDEGNA,positive,4
19870614,1987,greenacre_weighted_power_0175,2,CAGLIARI,0.4163269045741911,SARDEGNA,positive,5
19870614,1987,greenacre_weighted_power_0175,3,AVELLINO,-0.1245159185741091,CAMPANIA,negative,1
19870614,1987,greenacre_weighted_power_0175,3,L'AQUILA,-0.12235310793633623,ABRUZZO,negative,2
19870614,1987,greenacre_weighted_power_0175,3,BENEVENTO,-0.11723999667115798,CAMPANIA,negative,3
19870614,1987,greenacre_weighted_power_0175,3,CALTANISSETTA,-0.11575512848680856,SICILIA,negative,4
19870614,1987,greenacre_weighted_power_0175,3,FROSINONE,-0.11195627736884375,LAZIO,negative,5
19870614,1987,greenacre_weighted_power_0175,3,FIRENZE,0.2024469805815329,TOSCANA,positive,1
19870614,1987,greenacre_weighted_power_0175,3,PRATO,0.19866770583448057,TOSCANA,positive,2
19870614,1987,greenacre_weighted_power_0175,3,LIVORNO,0.18699774699105656,TOSCANA,positive,3
19870614,1987,greenacre_weighted_power_0175,3,MODENA,0.1856201480998894,EMILIA-ROMAGNA,positive,4
19870614,1987,greenacre_weighted_power_0175,3,PISA,0.18006799323235723,TOSCANA,positive,5
19870614,1987,greenacre_weighted_power_0175,4,CALTANISSETTA,-0.12676983214041104,SICILIA,negative,1
19870614,1987,greenacre_weighted_power_0175,4,AGRIGENTO,-0.1254752972530206,SICILIA,negative,2
19870614,1987,greenacre_weighted_power_0175,4,AVELLINO,-0.12492273640250463,CAMPANIA,negative,3
19870614,1987,greenacre_weighted_power_0175,4,ISERNIA,-0.12033810195234657,MOLISE,negative,4
19870614,1987,greenacre_weighted_power_0175,4,ENNA,-0.1190983749614154,SICILIA,negative,5
19870614,1987,greenacre_weighted_power_0175,4,TREVISO,0.23740753733133024,VENETO,positive,1
19870614,1987,greenacre_weighted_power_0175,4,COMO,0.23734741471661308,LOMBARDIA,positive,2
19870614,1987,greenacre_weighted_power_0175,4,LECCO,0.2368094349419436,LOMBARDIA,positive,3
19870614,1987,greenacre_weighted_power_0175,4,BERGAMO,0.23134037361611584,LOMBARDIA,positive,4
19870614,1987,greenacre_weighted_power_0175,4,VARESE,0.20765206592838945,LOMBARDIA,positive,5
19920405,1992,greenacre_weighted_power_0175,2,VARESE,-0.12316016087505448,LOMBARDIA,negative,1
19920405,1992,greenacre_weighted_power_0175,2,VERCELLI,-0.12139541444619546,PIEMONTE,negative,2
19920405,1992,greenacre_weighted_power_0175,2,COMO,-0.12085360316041588,LOMBARDIA,negative,3
19920405,1992,greenacre_weighted_power_0175,2,PAVIA,-0.11908914424189458,LOMBARDIA,negative,4
19920405,1992,greenacre_weighted_power_0175,2,PORDENONE,-0.11868822979633804,FRIULI-VENEZIA GIULIA,negative,5
19920405,1992,greenacre_weighted_power_0175,2,L'AQUILA,0.1433890274712556,ABRUZZO,positive,1
19920405,1992,greenacre_weighted_power_0175,2,COSENZA,0.14318059824871474,CALABRIA,positive,2
19920405,1992,greenacre_weighted_power_0175,2,PESCARA,0.14076583551326063,ABRUZZO,positive,3
19920405,1992,greenacre_weighted_power_0175,2,CATANZARO,0.14061157218727052,CALABRIA,positive,4
19920405,1992,greenacre_weighted_power_0175,2,CHIETI,0.13712073150435294,ABRUZZO,positive,5
19920405,1992,greenacre_weighted_power_0175,3,ASCOLI PICENO,-0.1230737977148682,MARCHE,negative,1
19920405,1992,greenacre_weighted_power_0175,3,PESCARA,-0.11939676175718078,ABRUZZO,negative,2
19920405,1992,greenacre_weighted_power_0175,3,MATERA,-0.11699129806052734,BASILICATA,negative,3
19920405,1992,greenacre_weighted_power_0175,3,L'AQUILA,-0.11666242775347888,ABRUZZO,negative,4
19920405,1992,greenacre_weighted_power_0175,3,COSENZA,-0.11571783624291931,CALABRIA,negative,5
19920405,1992,greenacre_weighted_power_0175,3,SIRACUSA,0.2047144617903979,SICILIA,positive,1
19920405,1992,greenacre_weighted_power_0175,3,TRAPANI,0.19446711381501883,SICILIA,positive,2
19920405,1992,greenacre_weighted_power_0175,3,CAMPOBASSO,0.19319268060389885,MOLISE,positive,3
19920405,1992,greenacre_weighted_power_0175,3,CATANIA,0.19017406984778004,SICILIA,positive,4
19920405,1992,greenacre_weighted_power_0175,3,CALTANISSETTA,0.18513123296837625,SICILIA,positive,5
19920405,1992,greenacre_weighted_power_0175,4,TREVISO,-0.11665194430724488,VENETO,negative,1
19920405,1992,greenacre_weighted_power_0175,4,BERGAMO,-0.11551360849031046,LOMBARDIA,negative,2
19920405,1992,greenacre_weighted_power_0175,4,VERONA,-0.11311838751494686,VENETO,negative,3
19920405,1992,greenacre_weighted_power_0175,4,COMO,-0.1129724838275412,LOMBARDIA,negative,4
19920405,1992,greenacre_weighted_power_0175,4,BRESCIA,-0.11048598768026197,LOMBARDIA,negative,5
19920405,1992,greenacre_weighted_power_0175,4,PRATO,0.2588484574102524,TOSCANA,positive,1
19920405,1992,greenacre_weighted_power_0175,4,FIRENZE,0.25836540066750235,TOSCANA,positive,2
19920405,1992,greenacre_weighted_power_0175,4,PISA,0.2564110133673571,TOSCANA,positive,3
19920405,1992,greenacre_weighted_power_0175,4,PISTOIA,0.2426350098253628,TOSCANA,positive,4
19920405,1992,greenacre_weighted_power_0175,4,LIVORNO,0.2341097729112601,TOSCANA,positive,5
19940327,1994,greenacre_weighted_power_0175,2,BRINDISI,-0.15142935064985105,PUGLIA,negative,1
19940327,1994,greenacre_weighted_power_0175,2,LECCE,-0.15099292887318075,PUGLIA,negative,2
19940327,1994,greenacre_weighted_power_0175,2,BARLETTA-ANDRIA-TRANI,-0.15082732849721162,PUGLIA,negative,3
19940327,1994,greenacre_weighted_power_0175,2,FOGGIA,-0.15065209341314872,PUGLIA,negative,4
19940327,1994,greenacre_weighted_power_0175,2,BARI,-0.15064094542380194,PUGLIA,negative,5
19940327,1994,greenacre_weighted_power_0175,2,PRATO,0.18812710446576747,TOSCANA,positive,1
19940327,1994,greenacre_weighted_power_0175,2,PISTOIA,0.1803421108140974,TOSCANA,positive,2
19940327,1994,greenacre_weighted_power_0175,2,PISA,0.18008313218934668,TOSCANA,positive,3
19940327,1994,greenacre_weighted_power_0175,2,FORLÌ-CESENA,0.1795883429065229,EMILIA-ROMAGNA,positive,4
19940327,1994,greenacre_weighted_power_0175,2,RIMINI,0.17825863628695338,EMILIA-ROMAGNA,positive,5
19940327,1994,greenacre_weighted_power_0175,3,CATANZARO,-0.0830545719385944,CALABRIA,negative,1
19940327,1994,greenacre_weighted_power_0175,3,COSENZA,-0.08304437467886852,CALABRIA,negative,2
19940327,1994,greenacre_weighted_power_0175,3,VIBO VALENTIA,-0.08284906586713402,CALABRIA,negative,3
19940327,1994,greenacre_weighted_power_0175,3,REGGIO CALABRIA,-0.08039324024636613,CALABRIA,negative,4
19940327,1994,greenacre_weighted_power_0175,3,ISERNIA,-0.0792956765546516,MOLISE,negative,5
19940327,1994,greenacre_weighted_power_0175,3,BRINDISI,0.37497744769844726,PUGLIA,positive,1
19940327,1994,greenacre_weighted_power_0175,3,LECCE,0.37360565533065143,PUGLIA,positive,2
19940327,1994,greenacre_weighted_power_0175,3,BARLETTA-ANDRIA-TRANI,0.37351346734363794,PUGLIA,positive,3
19940327,1994,greenacre_weighted_power_0175,3,BARI,0.3729631676713463,PUGLIA,positive,4
19940327,1994,greenacre_weighted_power_0175,3,FOGGIA,0.37270442954379934,PUGLIA,positive,5
19940327,1994,greenacre_weighted_power_0175,4,CATANZARO,-0.14772095351534595,CALABRIA,negative,1
19940327,1994,greenacre_weighted_power_0175,4,COSENZA,-0.14768975984618007,CALABRIA,negative,2
19940327,1994,greenacre_weighted_power_0175,4,VIBO VALENTIA,-0.1476743202059544,CALABRIA,negative,3
19940327,1994,greenacre_weighted_power_0175,4,REGGIO CALABRIA,-0.14268999080316647,CALABRIA,negative,4
19940327,1994,greenacre_weighted_power_0175,4,ISERNIA,-0.14008790584875314,MOLISE,negative,5
19940327,1994,greenacre_weighted_power_0175,4,VERCELLI,0.20569140105663772,PIEMONTE,positive,1
19940327,1994,greenacre_weighted_power_0175,4,NOVARA,0.20386365055340663,PIEMONTE,positive,2
19940327,1994,greenacre_weighted_power_0175,4,BIELLA,0.2035499630997006,PIEMONTE,positive,3
19940327,1994,greenacre_weighted_power_0175,4,ALESSANDRIA,0.20126357483667884,PIEMONTE,positive,4
19940327,1994,greenacre_weighted_power_0175,4,ASTI,0.20044112091189603,PIEMONTE,positive,5
19960421,1996,greenacre_weighted_power_0175,2,LA SPEZIA,-0.0467773393939306,LIGURIA,negative,1
19960421,1996,greenacre_weighted_power_0175,2,SALERNO,-0.0450860226893056,CAMPANIA,negative,2
19960421,1996,greenacre_weighted_power_0175,2,PRATO,-0.04498083098127906,TOSCANA,negative,3
19960421,1996,greenacre_weighted_power_0175,2,PISTOIA,-0.04466035736750533,TOSCANA,negative,4
19960421,1996,greenacre_weighted_power_0175,2,SUD SARDEGNA,-0.044581311636385,SARDEGNA,negative,5
19960421,1996,greenacre_weighted_power_0175,2,CHIETI,0.2596601316120165,ABRUZZO,positive,1
19960421,1996,greenacre_weighted_power_0175,2,COSENZA,0.25913725653938624,CALABRIA,positive,2
19960421,1996,greenacre_weighted_power_0175,2,L'AQUILA,0.25841051611012245,ABRUZZO,positive,3
19960421,1996,greenacre_weighted_power_0175,2,CATANZARO,0.256749020285233,CALABRIA,positive,4
19960421,1996,greenacre_weighted_power_0175,2,NAPOLI,0.244173268114995,CAMPANIA,positive,5
19960421,1996,greenacre_weighted_power_0175,3,BRINDISI,-0.09365849886779472,PUGLIA,negative,1
19960421,1996,greenacre_weighted_power_0175,3,BARI,-0.09354456441315584,PUGLIA,negative,2
19960421,1996,greenacre_weighted_power_0175,3,TRAPANI,-0.0925670987192562,SICILIA,negative,3
19960421,1996,greenacre_weighted_power_0175,3,SALERNO,-0.09228595926914727,CAMPANIA,negative,4
19960421,1996,greenacre_weighted_power_0175,3,RAGUSA,-0.09162281246394008,SICILIA,negative,5
19960421,1996,greenacre_weighted_power_0175,3,VERCELLI,0.2662639870841229,PIEMONTE,positive,1
19960421,1996,greenacre_weighted_power_0175,3,BIELLA,0.2639769348864649,PIEMONTE,positive,2
19960421,1996,greenacre_weighted_power_0175,3,NOVARA,0.2619102587648358,PIEMONTE,positive,3
19960421,1996,greenacre_weighted_power_0175,3,ALESSANDRIA,0.25976196327467466,PIEMONTE,positive,4
19960421,1996,greenacre_weighted_power_0175,3,ASTI,0.2575154333728278,PIEMONTE,positive,5
19960421,1996,greenacre_weighted_power_0175,4,VARESE,-0.16308846880984684,LOMBARDIA,negative,1
19960421,1996,greenacre_weighted_power_0175,4,LECCO,-0.16302890182182053,LOMBARDIA,negative,2
19960421,1996,greenacre_weighted_power_0175,4,BERGAMO,-0.16218981300952262,LOMBARDIA,negative,3
19960421,1996,greenacre_weighted_power_0175,4,BRESCIA,-0.1615702698881206,LOMBARDIA,negative,4
19960421,1996,greenacre_weighted_power_0175,4,COMO,-0.1584246395015991,LOMBARDIA,negative,5
19960421,1996,greenacre_weighted_power_0175,4,VERCELLI,0.18747290253719043,PIEMONTE,positive,1
19960421,1996,greenacre_weighted_power_0175,4,BIELLA,0.18534113078721765,PIEMONTE,positive,2
19960421,1996,greenacre_weighted_power_0175,4,NOVARA,0.1836504564727218,PIEMONTE,positive,3
19960421,1996,greenacre_weighted_power_0175,4,ALESSANDRIA,0.18209694810503235,PIEMONTE,positive,4
19960421,1996,greenacre_weighted_power_0175,4,ASTI,0.17834729728400903,PIEMONTE,positive,5
20010513,2001,greenacre_weighted_power_0175,2,ASTI,-0.07730836746828025,PIEMONTE,negative,1
20010513,2001,greenacre_weighted_power_0175,2,PIACENZA,-0.07730812968942491,EMILIA-ROMAGNA,negative,2
20010513,2001,greenacre_weighted_power_0175,2,PADOVA,-0.0761218409827945,VENETO,negative,3
20010513,2001,greenacre_weighted_power_0175,2,TARANTO,-0.07576516831276024,PUGLIA,negative,4
20010513,2001,greenacre_weighted_power_0175,2,NOVARA,-0.0750907990085503,PIEMONTE,negative,5
20010513,2001,greenacre_weighted_power_0175,2,FROSINONE,0.17378696779028618,LAZIO,positive,1
20010513,2001,greenacre_weighted_power_0175,2,CHIETI,0.17182741416076694,ABRUZZO,positive,2
20010513,2001,greenacre_weighted_power_0175,2,COSENZA,0.16624937767318138,CALABRIA,positive,3
20010513,2001,greenacre_weighted_power_0175,2,TERAMO,0.1659669580870596,ABRUZZO,positive,4
20010513,2001,greenacre_weighted_power_0175,2,CASERTA,0.16477295547045087,CAMPANIA,positive,5
20010513,2001,greenacre_weighted_power_0175,3,VARESE,-0.1467401017996714,LOMBARDIA,negative,1
20010513,2001,greenacre_weighted_power_0175,3,COMO,-0.14103430414152535,LOMBARDIA,negative,2
20010513,2001,greenacre_weighted_power_0175,3,TREVISO,-0.13759208354209057,VENETO,negative,3
20010513,2001,greenacre_weighted_power_0175,3,LECCO,-0.1369889925013407,LOMBARDIA,negative,4
20010513,2001,greenacre_weighted_power_0175,3,VICENZA,-0.13633926260428075,VENETO,negative,5
20010513,2001,greenacre_weighted_power_0175,3,PISA,0.24031886825467855,TOSCANA,positive,1
20010513,2001,greenacre_weighted_power_0175,3,AREZZO,0.23820805825879737,TOSCANA,positive,2
20010513,2001,greenacre_weighted_power_0175,3,PRATO,0.22916998792542104,TOSCANA,positive,3
20010513,2001,greenacre_weighted_power_0175,3,FIRENZE,0.22871751695195783,TOSCANA,positive,4
20010513,2001,greenacre_weighted_power_0175,3,PISTOIA,0.2280449976217663,TOSCANA,positive,5
20010513,2001,greenacre_weighted_power_0175,4,RAVENNA,-0.10357526379260254,EMILIA-ROMAGNA,negative,1
20010513,2001,greenacre_weighted_power_0175,4,FORLÌ-CESENA,-0.1015145407558668,EMILIA-ROMAGNA,negative,2
20010513,2001,greenacre_weighted_power_0175,4,BOLOGNA,-0.10149021759231144,EMILIA-ROMAGNA,negative,3
20010513,2001,greenacre_weighted_power_0175,4,MODENA,-0.09533273108339008,EMILIA-ROMAGNA,negative,4
20010513,2001,greenacre_weighted_power_0175,4,FIRENZE,-0.09531542631101124,TOSCANA,negative,5
20010513,2001,greenacre_weighted_power_0175,4,BARI,0.30778549537906374,PUGLIA,positive,1
20010513,2001,greenacre_weighted_power_0175,4,BRINDISI,0.3015701859196133,PUGLIA,positive,2
20010513,2001,greenacre_weighted_power_0175,4,LECCE,0.2952751642813123,PUGLIA,positive,3
20010513,2001,greenacre_weighted_power_0175,4,RAGUSA,0.28175741537491544,SICILIA,positive,4
20010513,2001,greenacre_weighted_power_0175,4,FOGGIA,0.28137008372714417,PUGLIA,positive,5
20060409,2006,greenacre_weighted_power_0175,2,LECCE,-0.10221718579972212,PUGLIA,negative,1
20060409,2006,greenacre_weighted_power_0175,2,TERAMO,-0.0991122811566214,ABRUZZO,negative,2
20060409,2006,greenacre_weighted_power_0175,2,CHIETI,-0.09851171943547768,ABRUZZO,negative,3
20060409,2006,greenacre_weighted_power_0175,2,BARI,-0.09672150467606624,PUGLIA,negative,4
20060409,2006,greenacre_weighted_power_0175,2,FOGGIA,-0.09566904901987916,PUGLIA,negative,5
20060409,2006,greenacre_weighted_power_0175,2,VARESE,0.17791464881071292,LOMBARDIA,positive,1
20060409,2006,greenacre_weighted_power_0175,2,BRESCIA,0.17512090610598283,LOMBARDIA,positive,2
20060409,2006,greenacre_weighted_power_0175,2,LECCO,0.17257973354774592,LOMBARDIA,positive,3
20060409,2006,greenacre_weighted_power_0175,2,MONZA E DELLA BRIANZA,0.1720677302322326,LOMBARDIA,positive,4
20060409,2006,greenacre_weighted_power_0175,2,COMO,0.16721253302408404,LOMBARDIA,positive,5
20060409,2006,greenacre_weighted_power_0175,3,CATANZARO,-0.104154170982932,CALABRIA,negative,1
20060409,2006,greenacre_weighted_power_0175,3,CASERTA,-0.10160334424274196,CAMPANIA,negative,2
20060409,2006,greenacre_weighted_power_0175,3,REGGIO CALABRIA,-0.10128688830797716,CALABRIA,negative,3
20060409,2006,greenacre_weighted_power_0175,3,FOGGIA,-0.0993300377704362,PUGLIA,negative,4
20060409,2006,greenacre_weighted_power_0175,3,BARI,-0.09917975149448804,PUGLIA,negative,5
20060409,2006,greenacre_weighted_power_0175,3,RAVENNA,0.22794528576814935,EMILIA-ROMAGNA,positive,1
20060409,2006,greenacre_weighted_power_0175,3,FORLÌ-CESENA,0.2212540320205196,EMILIA-ROMAGNA,positive,2
20060409,2006,greenacre_weighted_power_0175,3,BOLOGNA,0.2195713943415802,EMILIA-ROMAGNA,positive,3
20060409,2006,greenacre_weighted_power_0175,3,PRATO,0.21492849862379995,TOSCANA,positive,4
20060409,2006,greenacre_weighted_power_0175,3,AREZZO,0.2028412878660635,TOSCANA,positive,5
20060409,2006,greenacre_weighted_power_0175,4,ALESSANDRIA,-0.19150110902864015,PIEMONTE,negative,1
20060409,2006,greenacre_weighted_power_0175,4,VERCELLI,-0.1863737297092111,PIEMONTE,negative,2
20060409,2006,greenacre_weighted_power_0175,4,BIELLA,-0.18234652835255244,PIEMONTE,negative,3
20060409,2006,greenacre_weighted_power_0175,4,NOVARA,-0.17667213397371123,PIEMONTE,negative,4
20060409,2006,greenacre_weighted_power_0175,4,SAVONA,-0.17130096077354912,LIGURIA,negative,5
20060409,2006,greenacre_weighted_power_0175,4,BERGAMO,0.2366330586520586,LOMBARDIA,positive,1
20060409,2006,greenacre_weighted_power_0175,4,TREVISO,0.2334758542682372,VENETO,positive,2
20060409,2006,greenacre_weighted_power_0175,4,BRESCIA,0.21801623960571004,LOMBARDIA,positive,3
20060409,2006,greenacre_weighted_power_0175,4,COMO,0.20411729981195836,LOMBARDIA,positive,4
20060409,2006,greenacre_weighted_power_0175,4,VERONA,0.2021945369944562,VENETO,positive,5
20080413,2008,greenacre_weighted_power_0175,2,TERAMO,-0.10138457978572916,ABRUZZO,negative,1
20080413,2008,greenacre_weighted_power_0175,2,BARI,-0.10102933978911924,PUGLIA,negative,2
20080413,2008,greenacre_weighted_power_0175,2,PESCARA,-0.09751347767454611,ABRUZZO,negative,3
20080413,2008,greenacre_weighted_power_0175,2,LECCE,-0.09687347230438166,PUGLIA,negative,4
20080413,2008,greenacre_weighted_power_0175,2,VIBO VALENTIA,-0.09367262324488874,CALABRIA,negative,5
20080413,2008,greenacre_weighted_power_0175,2,LECCO,0.17554755261243832,LOMBARDIA,positive,1
20080413,2008,greenacre_weighted_power_0175,2,VARESE,0.17007748886412774,LOMBARDIA,positive,2
20080413,2008,greenacre_weighted_power_0175,2,PADOVA,0.16862385749401737,VENETO,positive,3
20080413,2008,greenacre_weighted_power_0175,2,BRESCIA,0.16404253238658992,LOMBARDIA,positive,4
20080413,2008,greenacre_weighted_power_0175,2,VICENZA,0.16398382426541233,VENETO,positive,5
20080413,2008,greenacre_weighted_power_0175,3,TRAPANI,-0.11390128146222304,SICILIA,negative,1
20080413,2008,greenacre_weighted_power_0175,3,RAGUSA,-0.11206456988331603,SICILIA,negative,2
20080413,2008,greenacre_weighted_power_0175,3,SIRACUSA,-0.11120356585826498,SICILIA,negative,3
20080413,2008,greenacre_weighted_power_0175,3,PALERMO,-0.10691081237974805,SICILIA,negative,4
20080413,2008,greenacre_weighted_power_0175,3,MESSINA,-0.10062755803069227,SICILIA,negative,5
20080413,2008,greenacre_weighted_power_0175,3,RAVENNA,0.2273261037647092,EMILIA-ROMAGNA,positive,1
20080413,2008,greenacre_weighted_power_0175,3,FORLÌ-CESENA,0.2235788070295217,EMILIA-ROMAGNA,positive,2
20080413,2008,greenacre_weighted_power_0175,3,BOLOGNA,0.2118055411392121,EMILIA-ROMAGNA,positive,3
20080413,2008,greenacre_weighted_power_0175,3,MODENA,0.20991569244117672,EMILIA-ROMAGNA,positive,4
20080413,2008,greenacre_weighted_power_0175,3,REGGIO NELL'EMILIA,0.20004686132105567,EMILIA-ROMAGNA,positive,5
20080413,2008,greenacre_weighted_power_0175,4,ROMA,-0.1867538267828137,LAZIO,negative,1
20080413,2008,greenacre_weighted_power_0175,4,VITERBO,-0.18239751640944815,LAZIO,negative,2
20080413,2008,greenacre_weighted_power_0175,4,RIETI,-0.1822932743029104,LAZIO,negative,3
20080413,2008,greenacre_weighted_power_0175,4,TERAMO,-0.1786777807779442,ABRUZZO,negative,4
20080413,2008,greenacre_weighted_power_0175,4,FROSINONE,-0.17618445883804895,LAZIO,negative,5
20080413,2008,greenacre_weighted_power_0175,4,SIRACUSA,0.19818780114085507,SICILIA,positive,1
20080413,2008,greenacre_weighted_power_0175,4,RAGUSA,0.1896765430161285,SICILIA,positive,2
20080413,2008,greenacre_weighted_power_0175,4,TRAPANI,0.18464269449998216,SICILIA,positive,3
20080413,2008,greenacre_weighted_power_0175,4,AGRIGENTO,0.1716974263922087,SICILIA,positive,4
20080413,2008,greenacre_weighted_power_0175,4,MESSINA,0.17112956488061043,SICILIA,positive,5
20130224,2013,greenacre_weighted_power_0175,2,NAPOLI,-0.0993890511991998,CAMPANIA,negative,1
20130224,2013,greenacre_weighted_power_0175,2,L'AQUILA,-0.09921650031186945,ABRUZZO,negative,2
20130224,2013,greenacre_weighted_power_0175,2,MESSINA,-0.09823945322760508,SICILIA,negative,3
20130224,2013,greenacre_weighted_power_0175,2,FOGGIA,-0.09618435368060443,PUGLIA,negative,4
20130224,2013,greenacre_weighted_power_0175,2,MATERA,-0.0958371106175865,BASILICATA,negative,5
20130224,2013,greenacre_weighted_power_0175,2,MONZA E DELLA BRIANZA,0.18704175384334956,LOMBARDIA,positive,1
20130224,2013,greenacre_weighted_power_0175,2,VARESE,0.17870538275821696,LOMBARDIA,positive,2
20130224,2013,greenacre_weighted_power_0175,2,LECCO,0.17774370738028367,LOMBARDIA,positive,3
20130224,2013,greenacre_weighted_power_0175,2,CREMONA,0.17404030211478094,LOMBARDIA,positive,4
20130224,2013,greenacre_weighted_power_0175,2,LODI,0.17314280855166042,LOMBARDIA,positive,5
20130224,2013,greenacre_weighted_power_0175,3,COSENZA,-0.1395277339994359,CALABRIA,negative,1
20130224,2013,greenacre_weighted_power_0175,3,MESSINA,-0.13761723322955033,SICILIA,negative,2
20130224,2013,greenacre_weighted_power_0175,3,PALERMO,-0.13612919702802576,SICILIA,negative,3
20130224,2013,greenacre_weighted_power_0175,3,CATANZARO,-0.13522409144207218,CALABRIA,negative,4
20130224,2013,greenacre_weighted_power_0175,3,CROTONE,-0.13436293384170717,CALABRIA,negative,5
20130224,2013,greenacre_weighted_power_0175,3,SIENA,0.18159641498263349,TOSCANA,positive,1
20130224,2013,greenacre_weighted_power_0175,3,PISA,0.18135178020372417,TOSCANA,positive,2
20130224,2013,greenacre_weighted_power_0175,3,PRATO,0.18074361294393265,TOSCANA,positive,3
20130224,2013,greenacre_weighted_power_0175,3,RAVENNA,0.17851888670926314,EMILIA-ROMAGNA,positive,4
20130224,2013,greenacre_weighted_power_0175,3,AREZZO,0.1784164593757021,TOSCANA,positive,5
20130224,2013,greenacre_weighted_power_0175,4,VITERBO,-0.1939303949974131,LAZIO,negative,1
20130224,2013,greenacre_weighted_power_0175,4,RIETI,-0.19142599642078656,LAZIO,negative,2
20130224,2013,greenacre_weighted_power_0175,4,TERAMO,-0.18577926611697465,ABRUZZO,negative,3
20130224,2013,greenacre_weighted_power_0175,4,ROMA,-0.1813346558752194,LAZIO,negative,4
20130224,2013,greenacre_weighted_power_0175,4,PESCARA,-0.17687772969547266,ABRUZZO,negative,5
20130224,2013,greenacre_weighted_power_0175,4,RAVENNA,0.21668157773524743,EMILIA-ROMAGNA,positive,1
20130224,2013,greenacre_weighted_power_0175,4,MODENA,0.2156143292219579,EMILIA-ROMAGNA,positive,2
20130224,2013,greenacre_weighted_power_0175,4,REGGIO NELL'EMILIA,0.21244710230430588,EMILIA-ROMAGNA,positive,3
20130224,2013,greenacre_weighted_power_0175,4,BOLOGNA,0.19675618427981365,EMILIA-ROMAGNA,positive,4
20130224,2013,greenacre_weighted_power_0175,4,FORLÌ-CESENA,0.1947714848784378,EMILIA-ROMAGNA,positive,5
20180304,2018,greenacre_weighted_power_0175,2,VARESE,-0.15173994248815964,LOMBARDIA,negative,1
20180304,2018,greenacre_weighted_power_0175,2,COMO,-0.15069852199750128,LOMBARDIA,negative,2
20180304,2018,greenacre_weighted_power_0175,2,ROVIGO,-0.1488759805575426,VENETO,negative,3
20180304,2018,greenacre_weighted_power_0175,2,PADOVA,-0.1483814452292743,VENETO,negative,4
20180304,2018,greenacre_weighted_power_0175,2,TREVISO,-0.14802738754456415,VENETO,negative,5
20180304,2018,greenacre_weighted_power_0175,2,TARANTO,0.16752638563703526,PUGLIA,positive,1
20180304,2018,greenacre_weighted_power_0175,2,BARLETTA-ANDRIA-TRANI,0.1670872153296828,PUGLIA,positive,2
20180304,2018,greenacre_weighted_power_0175,2,COSENZA,0.16514927446385366,CALABRIA,positive,3
20180304,2018,greenacre_weighted_power_0175,2,MESSINA,0.1631434800817232,SICILIA,positive,4
20180304,2018,greenacre_weighted_power_0175,2,BRINDISI,0.1623304275815013,PUGLIA,positive,5
20180304,2018,greenacre_weighted_power_0175,3,LUCCA,-0.10750332568094267,TOSCANA,negative,1
20180304,2018,greenacre_weighted_power_0175,3,TERNI,-0.10321334354758002,UMBRIA,negative,2
20180304,2018,greenacre_weighted_power_0175,3,GROSSETO,-0.10286654900990023,TOSCANA,negative,3
20180304,2018,greenacre_weighted_power_0175,3,SAVONA,-0.10236973937697764,LIGURIA,negative,4
20180304,2018,greenacre_weighted_power_0175,3,PARMA,-0.10229956954513247,EMILIA-ROMAGNA,negative,5
20180304,2018,greenacre_weighted_power_0175,3,VARESE,0.18990322692504705,LOMBARDIA,positive,1
20180304,2018,greenacre_weighted_power_0175,3,COMO,0.18989409903737375,LOMBARDIA,positive,2
20180304,2018,greenacre_weighted_power_0175,3,TREVISO,0.1869206046451491,VENETO,positive,3
20180304,2018,greenacre_weighted_power_0175,3,PADOVA,0.18666365040523852,VENETO,positive,4
20180304,2018,greenacre_weighted_power_0175,3,ROVIGO,0.1854700113973704,VENETO,positive,5
20180304,2018,greenacre_weighted_power_0175,4,BRESCIA,-0.06155432918470167,LOMBARDIA,negative,1
20180304,2018,greenacre_weighted_power_0175,4,COMO,-0.05966720656159832,LOMBARDIA,negative,2
20180304,2018,greenacre_weighted_power_0175,4,TREVISO,-0.05862018618354274,VENETO,negative,3
20180304,2018,greenacre_weighted_power_0175,4,BERGAMO,-0.0583642208036006,LOMBARDIA,negative,4
20180304,2018,greenacre_weighted_power_0175,4,LECCO,-0.05763804507163729,LOMBARDIA,negative,5
20180304,2018,greenacre_weighted_power_0175,4,ORISTANO,0.4293257289875107,SARDEGNA,positive,1
20180304,2018,greenacre_weighted_power_0175,4,SASSARI,0.4266547789752532,SARDEGNA,positive,2
20180304,2018,greenacre_weighted_power_0175,4,SUD SARDEGNA,0.4159505163887609,SARDEGNA,positive,3
20180304,2018,greenacre_weighted_power_0175,4,CAGLIARI,0.4092287706847873,SARDEGNA,positive,4
20180304,2018,greenacre_weighted_power_0175,4,NUORO,0.4083502267753949,SARDEGNA,positive,5
20220925,2022,greenacre_weighted_power_0175,2,VARESE,-0.11325323418488646,LOMBARDIA,negative,1
20220925,2022,greenacre_weighted_power_0175,2,COMO,-0.11246982969092068,LOMBARDIA,negative,2
20220925,2022,greenacre_weighted_power_0175,2,PAVIA,-0.10820703436369032,LOMBARDIA,negative,3
20220925,2022,greenacre_weighted_power_0175,2,PORDENONE,-0.10731714356075477,FRIULI-VENEZIA GIULIA,negative,4
20220925,2022,greenacre_weighted_power_0175,2,MANTOVA,-0.10540621034128046,LOMBARDIA,negative,5
20220925,2022,greenacre_weighted_power_0175,2,AGRIGENTO,0.1839056439551748,SICILIA,positive,1
20220925,2022,greenacre_weighted_power_0175,2,PALERMO,0.1820438522816877,SICILIA,positive,2
20220925,2022,greenacre_weighted_power_0175,2,TRAPANI,0.17894864415615647,SICILIA,positive,3
20220925,2022,greenacre_weighted_power_0175,2,CALTANISSETTA,0.1770188218137121,SICILIA,positive,4
20220925,2022,greenacre_weighted_power_0175,2,CATANIA,0.1756596821720011,SICILIA,positive,5
20220925,2022,greenacre_weighted_power_0175,3,SALERNO,-0.1772410939546759,CAMPANIA,negative,1
20220925,2022,greenacre_weighted_power_0175,3,SASSARI,-0.17331279585760095,SARDEGNA,negative,2
20220925,2022,greenacre_weighted_power_0175,3,RAGUSA,-0.1718516184419288,SICILIA,negative,3
20220925,2022,greenacre_weighted_power_0175,3,TARANTO,-0.17149164346669044,PUGLIA,negative,4
20220925,2022,greenacre_weighted_power_0175,3,BARI,-0.16965327455221477,PUGLIA,negative,5
20220925,2022,greenacre_weighted_power_0175,3,PALERMO,0.24850802548972,SICILIA,positive,1
20220925,2022,greenacre_weighted_power_0175,3,AGRIGENTO,0.24744072039805137,SICILIA,positive,2
20220925,2022,greenacre_weighted_power_0175,3,TRAPANI,0.24243581423335384,SICILIA,positive,3
20220925,2022,greenacre_weighted_power_0175,3,CALTANISSETTA,0.24203120886550897,SICILIA,positive,4
20220925,2022,greenacre_weighted_power_0175,3,CATANIA,0.2386549854462235,SICILIA,positive,5
20220925,2022,greenacre_weighted_power_0175,4,COMO,-0.14989257268191705,LOMBARDIA,negative,1
20220925,2022,greenacre_weighted_power_0175,4,VICENZA,-0.1492128608837898,VENETO,negative,2
20220925,2022,greenacre_weighted_power_0175,4,VERONA,-0.14692025730864533,VENETO,negative,3
20220925,2022,greenacre_weighted_power_0175,4,BERGAMO,-0.14590432411430002,LOMBARDIA,negative,4
20220925,2022,greenacre_weighted_power_0175,4,BRESCIA,-0.14408142697030898,LOMBARDIA,negative,5
20220925,2022,greenacre_weighted_power_0175,4,FORLÌ-CESENA,0.21715396944739235,EMILIA-ROMAGNA,positive,1
20220925,2022,greenacre_weighted_power_0175,4,RAVENNA,0.21146994917902456,EMILIA-ROMAGNA,positive,2
20220925,2022,greenacre_weighted_power_0175,4,PARMA,0.20632835069071653,EMILIA-ROMAGNA,positive,3
20220925,2022,greenacre_weighted_power_0175,4,FERRARA,0.1980243968731238,EMILIA-ROMAGNA,positive,4
20220925,2022,greenacre_weighted_power_0175,4,REGGIO NELL'EMILIA,0.19594779832656348,EMILIA-ROMAGNA,positive,5
