year,mean_ari,min_ari
1976,0.4054661299446272,0.13998140191809344
1968,0.4128713351001544,0.2261538805574331
1987,0.4144164933234521,0.16779255586018044
1948,0.4461493717256122,0.13821781571333017
1996,0.46120739499140223,0.20690873713555277
2022,0.46987907255287803,0.17190241765630213
1983,0.4836936737737494,0.120428982242512
1958,0.5579098755996573,0.29056602064227977
1979,0.5815256094362622,0.43440113553128706
1972,0.5927408134650166,0.4133613243487513
1953,0.5986385083395394,0.4509096903138071
1994,0.6043950111770721,0.35773703596407724
1963,0.6464361583323126,0.3067964078630691
2013,0.7150261218413048,0.5057599865719965
2006,0.7271034576550531,0.5071656527405056
2001,0.7870688643195183,0.4164702294707162
2008,0.7953712996708677,0.4509996730449552
2018,0.8044235400530186,0.4158872325309138
1992,0.8294195518054555,0.45869106482196315
