year,comparison_geometry,adjusted_rand,normalized_mutual_information,variation_of_information,coassignment_pearson
1948,aitchison,0.5516868205695669,0.6319183616361032,0.8561114863244432,0.5640047985030591
1948,euclidean,0.4026244066318337,0.41475705162365384,1.5385529082188327,0.4050167441762372
1948,greenacre_weighted_lra,1,1,0,1
1953,aitchison,0.5370988200432757,0.5587974860013833,1.1393240652400098,0.5381267493509856
1953,euclidean,0.6540096437946904,0.6400435373974449,0.9580257008765218,0.6540140977312625
1953,greenacre_weighted_lra,0.9002646972321166,0.8764372246201042,0.3273582004917537,0.9003611900154125
1958,aitchison,0.5707230593896416,0.6321239121781846,1.0054635678241748,0.570986810687216
1958,euclidean,0.29056602064227977,0.4110130871363413,1.557509739268982,0.29148224555063174
1958,greenacre_weighted_lra,0.7492275309720504,0.750452365712454,0.6750434323658276,0.7492539032006891
1963,aitchison,0.6969475494411006,0.71985987080684255,0.7339083065024465,0.6971621694069364
1963,euclidean,0.3067964078630691,0.3762805902009414,1.6253970206469668,0.3068467545160606
1963,greenacre_weighted_lra,0.8013171324582002,0.8304984019146258,0.44487550247766494,0.8017392846362978
1968,aitchison,0.30198155481941874,0.4483651570546576,1.2321273403416808,0.3351707456836125
1968,euclidean,0.2261538805574331,0.3489545068350771,1.683945315505159,0.22646718468167495
1968,greenacre_weighted_lra,0.9322581304850828,0.9101697140122212,0.23690728602997035,0.932355496189756
1972,aitchison,0.47078973059071366,0.6356657842656613,0.968343954232733,0.4717705490524215
1972,euclidean,0.6541641346927884,0.7417404501321602,0.6784150351081184,0.6543138633440424
1972,greenacre_weighted_lra,0.9685693237267778,0.9670819564991622,0.08616814516206261,0.9685853631578812
1976,aitchison,0.6037264193542028,0.716401908660266,0.7216446470361371,0.6140769776235891
1976,euclidean,0.13998140191809344,0.2850113461667193,1.8882831377525535,0.1404049195481074
1976,greenacre_weighted_lra,0.40096948235121216,0.5168315692100374,1.3029595235794906,0.4009903432706444
1979,aitchison,0.43440113553128706,0.5355494788933192,1.239506483753762,0.4350011892315217
1979,euclidean,0.5316989979045208,0.6173174296259101,1.030149693073031,0.5322899251218413
1979,greenacre_weighted_lra,0.7490722968650032,0.7918715740632875,0.5520946386012175,0.7520613309857718
1983,aitchison,0.4642786270188808,0.6886280193675525,0.7454831904404602,0.4765607009482679
1983,euclidean,0.120428982242512,0.2512409330472544,1.9483504312641484,0.12059771377138268
1983,greenacre_weighted_lra,0.9685944269554588,0.966067786128144,0.0866019861086591,0.9686145955565848
1987,aitchison,0.16779255586018044,0.3715090250645341,1.472396723810116,0.16921288569186518
1987,euclidean,0.2303969022265247,0.37958964647771887,1.581819571137408,0.23132079392704735
1987,greenacre_weighted_lra,0.9742646102816772,0.9658850810859816,0.08335750330443314,0.9742751018676948
1992,aitchison,0.9050809762296932,0.9008207198630982,0.2678004937491898,0.9051201677247492
1992,euclidean,0.45869106482196315,0.5994544477596434,1.0535072822187403,0.4604563186076358
1992,greenacre_weighted_lra,0.9819214258612696,0.9720470191979949,0.07533595984643782,0.9819223753482532
1994,aitchison,0.6825764967449894,0.8033352812573169,0.4829090799236391,0.6827931998755332
1994,euclidean,0.35773703596407724,0.42717139771974977,1.4598959586357747,0.3584591902822257
1994,greenacre_weighted_lra,1,1,0,1
1996,aitchison,0.5426872671422106,0.6988133162869912,0.7135352149689984,0.5740934871500403
1996,euclidean,0.20690873713555277,0.3456048573761551,1.7333202984944087,0.20714410669370983
1996,greenacre_weighted_lra,0.4036672811092451,0.6354539671511044,0.9312560077860356,0.40468600803348975
2001,aitchison,0.9006155295771705,0.8640149312206261,0.3532272136177319,0.9006158779063497
2001,euclidean,0.4164702294707162,0.5078554764922,1.30795146404267,0.4176000058654435
2001,greenacre_weighted_lra,0.928109929030549,0.9174561274818416,0.21193667967566032,0.9287246541411026
2006,aitchison,0.7592831316983405,0.7656228651108252,0.6243754937474915,0.7595736052500329
2006,euclidean,0.5435186741806824,0.607867974182961,1.0401785818384772,0.5436361759042825
2006,greenacre_weighted_lra,0.5071656527405056,0.6423736828499739,0.963545287002495,0.5084368302755274
2008,aitchison,0.8791583322886974,0.8764942659494072,0.33976997632630246,0.8791665853336876
2008,euclidean,0.4509996730449552,0.6053575816641167,1.0518700057567971,0.45361581941372175
2008,greenacre_weighted_lra,0.9139059323685848,0.9051082761452351,0.25993522899753163,0.9140414433628185
2013,aitchison,0.7298079420334979,0.7682190821621933,0.6339777096186876,0.7302027702047384
2013,euclidean,0.5057599865719965,0.5991384891260924,1.0851050231606,0.5067915930219684
2013,greenacre_weighted_lra,1,1,0,1
2018,aitchison,0.8879639992288129,0.8563208295040884,0.33940487643334194,0.8880826642393953
2018,euclidean,0.4158872325309138,0.5718365775967793,1.0714267494056218,0.4232538038481774
2018,greenacre_weighted_lra,0.9405229933663406,0.9261894448722284,0.17157426718555513,0.9407770694062054
2022,aitchison,0.3502892368883189,0.4707239657673117,1.3499923537085785,0.35643544238886976
2022,euclidean,0.43523692561991145,0.5656063919378733,1.1652745949808532,0.4352969821690761
2022,greenacre_weighted_lra,0.882886590610636,0.8745989694632816,0.33390413238802363,0.8836805043351402
