election_date_previous,year_previous,election_date_current,year_current,geometry,n_clusters,n_common_territories,adjusted_rand,normalized_mutual_information,variation_of_information,coassignment_pearson
19480418,1948,19530607,1953,greenacre_weighted_power_0175,4,104,0.6759054614346339,0.6492467299417738,0.9104714598109034,0.6771288520034894
19530607,1953,19580525,1958,greenacre_weighted_power_0175,4,105,0.5991730457618595,0.5914276785885694,1.0989633470129727,0.5997083332191331
19580525,1958,19630428,1963,greenacre_weighted_power_0175,4,106,0.5865900420158754,0.5676405304188682,1.1471272392337677,0.58810955206035
19630428,1963,19680519,1968,greenacre_weighted_power_0175,4,106,0.35619365166679046,0.40914249881646353,1.5416136984810247,0.35631976661345105
19680519,1968,19720507,1972,greenacre_weighted_power_0175,4,106,0.4200793504615528,0.4591387413991022,1.4167187042903246,0.4201493066020046
19720507,1972,19760620,1976,greenacre_weighted_power_0175,4,106,0.2537787786932585,0.34915579790530427,1.7295766111252842,0.2542196006504561
19760620,1976,19790603,1979,greenacre_weighted_power_0175,4,106,0.23322286870731093,0.3596033671514742,1.7367229929562669,0.23324916828342332
19790603,1979,19830626,1983,greenacre_weighted_power_0175,4,106,0.3405189846338894,0.4057218275155974,1.5686931985131682,0.34228768455236147
19830626,1983,19870614,1987,greenacre_weighted_power_0175,4,106,0.41251680065983143,0.4654554202970605,1.335327918738374,0.4127056384213504
19870614,1987,19920405,1992,greenacre_weighted_power_0175,4,106,0.5496031401701661,0.5580904519173076,1.1343214010200682,0.5529972419369532
19920405,1992,19940327,1994,greenacre_weighted_power_0175,4,106,0.5207331667681454,0.6218456533485195,0.976474067365502,0.5234552403406105
19940327,1994,19960421,1996,greenacre_weighted_power_0175,4,106,0.29881408622135963,0.4366955718701171,1.4337884120587845,0.29913948944868574
19960421,1996,20010513,2001,greenacre_weighted_power_0175,4,106,0.2964784326705857,0.45775984146037424,1.414756150876157,0.2964788923821035
20010513,2001,20060409,2006,greenacre_weighted_power_0175,4,106,0.3742955826503332,0.5015009969296048,1.3067348674200092,0.3743735901463449
20060409,2006,20080413,2008,greenacre_weighted_power_0175,4,106,0.4629081097204378,0.5855980540772762,1.118544603590884,0.4643342818538645
20080413,2008,20130224,2013,greenacre_weighted_power_0175,4,106,0.6794013061529642,0.7069612680912012,0.8080613253268487,0.6794077401967253
20130224,2013,20180304,2018,greenacre_weighted_power_0175,4,106,0.2808537771935418,0.4374106547600975,1.4350458010066702,0.2892259814777158
20180304,2018,20220925,2022,greenacre_weighted_power_0175,4,106,0.3959449563726994,0.4800894190621165,1.3097216396242637,0.4040346066521137
