election_date,year,n_nodes,neighborhood_m,sigma_median,sigma_cv,weighted_degree_mean,weighted_degree_cv,effective_neighbors_median
19480418,1948,104,10,0.02939619844299167,0.45586701387090184,5.78495961469309,0.25440672937669556,20.41621421265137
19530607,1953,105,10,0.02833582442947024,0.36952443153514825,7.202048798444991,0.25149594584303925,27.876661911559054
19580525,1958,106,10,0.029850503851338,0.29103743826837625,7.103059928823977,0.26119613324745294,27.293686003350786
19630428,1963,106,10,0.02614115639427826,0.2933771375312771,6.897547690963871,0.2694891098745837,25.934970303076604
19680519,1968,106,10,0.02631152554507509,0.30810859672966673,6.336513465016519,0.25832252820729706,21.0854026912519
19720507,1972,106,10,0.02214179957001173,0.30156868081306937,7.114079521141963,0.24657847557148477,28.157325256708653
19760620,1976,106,10,0.02134627492929838,0.3826543599249343,5.9444171448098535,0.20415203625662037,20.81157210221508
19790603,1979,106,10,0.0198753589437989,0.38259762558982474,6.550956299879577,0.23553746896095473,23.97708188117064
19830626,1983,106,10,0.02703328801731806,0.3895974678238102,5.770706302267097,0.24366095180853353,17.866982171522043
19870614,1987,106,10,0.02487731802248795,0.3667685631614262,7.234463768276853,0.25567198143044895,29.83226308313963
19920405,1992,106,10,0.02953459819604462,0.33791665822612005,5.427864007695842,0.1939486496998282,17.729402810110322
19940327,1994,106,10,0.06001368183119592,0.4710527104054806,4.6812404013874405,0.12120013824062972,8.620768001082961
19960421,1996,106,10,0.02784988203398807,0.44931959021902274,4.810109812309405,0.19926499687281385,12.08897457137754
20010513,2001,106,10,0.02382539294686149,0.4317905340572402,5.4089562647950125,0.2364433709845155,17.209857312427562
20060409,2006,106,10,0.01829202835907412,0.3397788127481355,6.241838671867871,0.21117568546733193,22.26192239895849
20080413,2008,106,10,0.01654484245943864,0.3365525851657885,5.397716269801593,0.2041458733340577,17.601692693300087
20130224,2013,106,10,0.01743712831582279,0.4315923218830605,6.071604396546255,0.20138235921013495,20.078644122983206
20180304,2018,106,10,0.01497107286822658,0.41348007372152384,5.543199202222793,0.21918407586345515,17.567484292839598
20220925,2022,106,10,0.01685804323923097,0.4970415515708107,5.688025350739628,0.22245191932454944,18.759048391867346
