year,weighted_regional_purity,median_regional_purity,q25_regional_purity,q75_regional_purity
1948,0.8653846153846154,1,0.8444444444444444,1
1953,0.8476190476190476,1,0.75,1
1958,0.78301886792452835,1,0.7321428571428572,1
1963,0.8490566037735849,1,0.875,1
1968,0.7358490566037735,0.8333333333333334,0.5634920634920635,1
1972,0.8301886792452831,1,0.7638888888888888,1
1976,0.7641509433962265,1,0.6,1
1979,0.8301886792452831,1,0.7638888888888888,1
1983,0.7735849056603774,1,0.75,1
1987,0.9245283018867925,1,0.9083333333333333,1
1992,0.9245283018867925,1,0.8166666666666667,1
1994,0.9716981132075472,1,1,1
1996,0.8867924528301887,1,0.8541666666666667,1
2001,0.8773584905660378,1,0.8166666666666667,1
2006,0.8773584905660378,1,0.8263888888888888,1
2008,0.8679245283018868,1,0.7083333333333333,1
2013,0.8584905660377359,0.8888888888888888,0.6833333333333333,1
2018,0.9245283018867925,1,1,1
2022,0.9056603773584906,1,0.8263888888888888,1
