election_date,year,component,mass
19480418,1948,BLOCCO NAZIONALE,0.0368523120209252
19480418,1948,DC,0.4315043893986191
19480418,1948,FR.DEMOCR.POPOLARE,0.2856543415663784
19480418,1948,MSI,0.017533681553344484
19480418,1948,NON_VALID_OR_NON_VOTING,0.09755965189408676
19480418,1948,OTHER_LISTS,0.019677917585931504
19480418,1948,P.NAZ.MON.ALL.D.LAV.,0.020184578691974504
19480418,1948,PRI,0.02573117088508156
19480418,1948,TERRITORIAL_LISTS,0.004767132948687889
19480418,1948,UNITA' SOCIALISTA,0.060534823454970535
19530607,1953,DC,0.3604843834443125
19530607,1953,MSI,0.050364816796589634
19530607,1953,NON_VALID_OR_NON_VOTING,0.1111955848010139
19530607,1953,OTHER_LISTS,0.02285042703838662
19530607,1953,P.NAZ.MONARCHICO,0.05362897689579723
19530607,1953,PCI,0.2053670738316493
19530607,1953,PLI,0.02587058370258374
19530607,1953,PRI,0.01663322296863384
19530607,1953,PSDI,0.03782579289449335
19530607,1953,PSI,0.11388966018619995
19530607,1953,TERRITORIAL_LISTS,0.0018894774403399514
19580525,1958,DC,0.39132118018336853
19580525,1958,MSI,0.041208550243311756
19580525,1958,NON_VALID_OR_NON_VOTING,0.09503874250692713
19580525,1958,OTHER_LISTS,0.014513879973810612
19580525,1958,P.MONARCHICO POP.,0.018237235775726057
19580525,1958,P.NAZ.MONARCHICO,0.018524904524037673
19580525,1958,PCI,0.21094379317618578
19580525,1958,PLI,0.02959364749074566
19580525,1958,PRI-P.RAD.,0.013372353331771546
19580525,1958,PSDI,0.0386187798889552
19580525,1958,PSI,0.12854397225728145
19580525,1958,TERRITORIAL_LISTS,8.296064787862192e-5
19630428,1963,DC,0.3518848833943252
19630428,1963,MSI,0.042586317001108445
19630428,1963,NON_VALID_OR_NON_VOTING,0.11066584732035131
19630428,1963,OTHER_LISTS,0.011418349928128459
19630428,1963,PCI,0.23177331707543486
19630428,1963,PDIUM,0.012992950544288888
19630428,1963,PLI,0.05206537207586626
19630428,1963,PRI,0.01447272673519209
19630428,1963,PSDI,0.051153369153369536
19630428,1963,PSI,0.12098686677193492
19680519,1968,DC,0.35566244958519444
19680519,1968,MSI,0.036909955477070475
19680519,1968,NON_VALID_OR_NON_VOTING,0.11343563303512437
19680519,1968,OTHER_LISTS,0.011403160878603274
19680519,1968,PCI,0.24397518038208982
19680519,1968,PDIUM,0.009074769082919924
19680519,1968,PLI,0.04312988426233508
19680519,1968,PRI,0.018968107647877118
19680519,1968,PSIUP,0.040566592449631116
19680519,1968,PSU,0.12529949497492693
19680519,1968,TERRITORIAL_LISTS,0.0015747722242274826
19720507,1972,DC,0.3557995983141372
19720507,1972,MSI,0.06834147055441109
19720507,1972,NON_VALID_OR_NON_VOTING,0.10574730523827508
19720507,1972,OTHER_LISTS,0.017616182227146164
19720507,1972,PCI,0.24948869080087982
19720507,1972,PLI,0.030048649721058
19720507,1972,PRI,0.024057857407181218
19720507,1972,PSDI,0.044851937898554774
19720507,1972,PSI,0.0850768947388061
19720507,1972,PSIUP,0.01897141309955053
19760620,1976,DC,0.35460642143862914
19760620,1976,DEM.PROL,0.012543579586469934
19760620,1976,MSI-DN,0.050381195257516026
19760620,1976,NON_VALID_OR_NON_VOTING,0.09822712312191814
19760620,1976,OTHER_LISTS,0.006896171730581896
19760620,1976,P.RAD,0.007723840440818349
19760620,1976,PCI,0.315073462542038
19760620,1976,PLI,0.01088032765335971
19760620,1976,PRI,0.02632754866428206
19760620,1976,PSDI,0.030092917178024196
19760620,1976,PSI,0.08724741238636254
19790603,1979,DC,0.33375827919121737
19790603,1979,MSI-DN,0.04144872792249941
19790603,1979,NON_VALID_OR_NON_VOTING,0.13936876988633534
19790603,1979,OTHER_LISTS,0.020548247126597093
19790603,1979,P.RAD,0.0248735560767351
19790603,1979,PCI,0.271066786150049
19790603,1979,PDUP,0.012081830182172971
19790603,1979,PLI,0.014652861366726702
19790603,1979,PRI,0.024681713996183165
19790603,1979,PSDI,0.032265731576140586
19790603,1979,PSI,0.0832776566036167
19790603,1979,TERRITORIAL_LISTS,0.0019758399217265597
19830626,1983,DC,0.2798978364553976
19830626,1983,DEM.PROL,0.011039711832980612
19830626,1983,MSI-DN,0.05056712811155524
19830626,1983,NON_VALID_OR_NON_VOTING,0.1742456405744725
19830626,1983,OTHER_LISTS,0.009947912170740267
19830626,1983,P.RAD,0.015219499487077954
19830626,1983,PART.NAZ.PENS.,0.010375718239119045
19830626,1983,PCI,0.2553844993370168
19830626,1983,PLI,0.02089003732729961
19830626,1983,PRI,0.038075083418825525
19830626,1983,PSDI,0.032957383619334174
19830626,1983,PSI,0.094138694111188
19830626,1983,TERRITORIAL_LISTS,0.0072608553149926735
19870614,1987,DC,0.2921989520695865
19870614,1987,DEM.PROL,0.012628229314585272
19870614,1987,LISTA VERDE,0.019607877809199356
19870614,1987,MSI-DN,0.047382067721350236
19870614,1987,NON_VALID_OR_NON_VOTING,0.15865017111454352
19870614,1987,OTHER_LISTS,0.012395966896378528
19870614,1987,P.RAD,0.01875947541620651
19870614,1987,PCI,0.2359920485503595
19870614,1987,PLI,0.01611550974122766
19870614,1987,PRI,0.029043016181059596
19870614,1987,PSDI,0.024986881042712437
19870614,1987,PSI,0.11648158179677696
19870614,1987,TERRITORIAL_LISTS,0.01575822234601395
19920405,1992,DC,0.24806935047784268
19920405,1992,FEDERAZIONE DEI VERDI,0.02125127530749654
19920405,1992,LA RETE-MOV.DEM.,0.012154846963975254
19920405,1992,LISTA PANNELLA,0.008781720528430745
19920405,1992,MSI-DN,0.042701485495026094
19920405,1992,NON_VALID_OR_NON_VOTING,0.1798371664606808
19920405,1992,OTHER_LISTS,0.03118580572441696
19920405,1992,PDS,0.1398575429642104
19920405,1992,PLI,0.021742523987678616
19920405,1992,PRI,0.033740350967169416
19920405,1992,PSDI,0.023067362658415278
19920405,1992,PSI,0.11146176168881705
19920405,1992,RIFONDAZIONE COMUNISTA,0.0496033534848062
19920405,1992,TERRITORIAL_LISTS,0.07654545329103397
19940327,1994,ALLEANZA DEMOCRATICA,0.008813436265277601
19940327,1994,ALLEANZA NAZIONALE,0.10295313617676712
19940327,1994,FEDERAZIONE DEI VERDI,0.019743878408350436
19940327,1994,FORZA ITALIA,0.16333594442334065
19940327,1994,LA RETE-MOV.DEM.,0.013034397758887782
19940327,1994,LISTA PANNELLA,0.025993924225719316
19940327,1994,NON_VALID_OR_NON_VOTING,0.2083502984955939
19940327,1994,OTHER_LISTS,0.016316262672200803
19940327,1994,P.POPOLARE ITALIANO,0.09451926049327813
19940327,1994,PATTO SEGNI,0.03514936905576258
19940327,1994,PDS,0.16709651390278496
19940327,1994,PSI,0.01888588814963727
19940327,1994,RIFONDAZIONE COMUNISTA,0.05059559893892378
19940327,1994,TERRITORIAL_LISTS,0.07521209103347568
19960421,1996,ALLEANZA NAZIONALE,0.11564756290176599
19960421,1996,CCD-CDU,0.04775579849524831
19960421,1996,FEDERAZIONE DEI VERDI,0.01852368522833084
19960421,1996,FORZA ITALIA,0.1537398789002857
19960421,1996,NON_VALID_OR_NON_VOTING,0.23844925685440116
19960421,1996,OTHER_LISTS,0.012773323523896941
19960421,1996,PANNELLA-SGARBI,0.013181751957326878
19960421,1996,PDS,0.16518423711723598
19960421,1996,POP-SVP-PRI-UD-PRODI,0.05526094053817877
19960421,1996,RIFONDAZIONE COMUNISTA,0.0657815898734245
19960421,1996,RINNOVAMENTO IT-DINI,0.031339396269322174
19960421,1996,TERRITORIAL_LISTS,0.08236257834058275
20010513,2001,ALLEANZA NAZIONALE,0.08827339233649088
20010513,2001,CCD-CDU,0.02537071884958722
20010513,2001,COMUNISTI ITALIANI,0.01358921123658299
20010513,2001,DEMOCRATICI SINISTRA,0.13027143514305053
20010513,2001,DEMOCRAZIA EUROPEA,0.017679363128022402
20010513,2001,FORZA ITALIA,0.21609907120634939
20010513,2001,IL GIRASOLE,0.01579414730732293
20010513,2001,LA MARGHERITA,0.10615241108084235
20010513,2001,LISTA DI PIETRO,0.02965964749905881
20010513,2001,NON_VALID_OR_NON_VOTING,0.25243485541178995
20010513,2001,OTHER_LISTS,0.014542234091283556
20010513,2001,PANNELLA-BONINO,0.01656927733434337
20010513,2001,RIFONDAZIONE COMUNISTA,0.037715338748696176
20010513,2001,TERRITORIAL_LISTS,0.03584889662657943
20060409,2006,ALLEANZA NAZIONALE,0.09862645044446687
20060409,2006,COMUNISTI ITALIANI,0.019894818721936346
20060409,2006,DI PIETRO ITALIA DEI VALORI,0.018224058042132292
20060409,2006,FEDERAZIONE DEI VERDI,0.01516137716757623
20060409,2006,FORZA ITALIA,0.18835898973007484
20060409,2006,L'ULIVO,0.2593631313302772
20060409,2006,LA ROSA NEL PUGNO,0.020735645361272245
20060409,2006,NON_VALID_OR_NON_VOTING,0.18957325219729584
20060409,2006,OTHER_LISTS,0.030515759553542996
20060409,2006,RIFONDAZIONE COMUNISTA,0.04676130615675695
20060409,2006,TERRITORIAL_LISTS,0.04452948614397206
20060409,2006,U.D.EUR POPOLARI,0.012253486489311027
20060409,2006,UNIONE DI CENTRO,0.056002238661385075
20080413,2008,DI PIETRO ITALIA DEI VALORI,0.03411017438343114
20080413,2008,IL POPOLO DELLA LIBERTA',0.2844396203858906
20080413,2008,LA DESTRA - FIAMMA TRICOLORE,0.01928078828441914
20080413,2008,LA SINISTRA L'ARCOBALENO,0.02394203413950657
20080413,2008,NON_VALID_OR_NON_VOTING,0.22728464519136368
20080413,2008,OTHER_LISTS,0.030604707154395682
20080413,2008,PARTITO DEMOCRATICO,0.26072718512008397
20080413,2008,TERRITORIAL_LISTS,0.07543389195029918
20080413,2008,UNIONE DI CENTRO,0.04417695339061005
20130224,2013,FARE PER FERMARE IL DECLINO,0.0076404947121782585
20130224,2013,FRATELLI D'ITALIA,0.014694652598564173
20130224,2013,IL POPOLO DELLA LIBERTA',0.15261346358736097
20130224,2013,MOVIMENTO 5 STELLE BEPPEGRILLO.IT,0.18858749742081576
20130224,2013,NON_VALID_OR_NON_VOTING,0.27771179511629784
20130224,2013,OTHER_LISTS,0.02434587139202699
20130224,2013,PARTITO DEMOCRATICO,0.18688276306107304
20130224,2013,RIVOLUZIONE CIVILE,0.01637080787936463
20130224,2013,SCELTA CIVICA CON MONTI PER L'ITALIA,0.05874274825137915
20130224,2013,SINISTRA ECOLOGIA LIBERTA',0.022238172310977
20130224,2013,TERRITORIAL_LISTS,0.03702079150605389
20130224,2013,UNIONE DI CENTRO,0.01315094216390829
20180304,2018,+EUROPA,0.015258015695240134
20180304,2018,FORZA ITALIA,0.09539843588163709
20180304,2018,FRATELLI D'ITALIA CON GIORGIA MELONI,0.02916795492790453
20180304,2018,LEGA,0.1246609582028879
20180304,2018,LIBERI E UGUALI,0.021338975123294655
20180304,2018,MOVIMENTO 5 STELLE,0.21768852253571416
20180304,2018,NOI CON L'ITALIA - UDC,0.008836794362779654
20180304,2018,NON_VALID_OR_NON_VOTING,0.3227152670977122
20180304,2018,OTHER_LISTS,0.027439201505109916
20180304,2018,PARTITO DEMOCRATICO,0.126124044050816
20180304,2018,POTERE AL POPOLO!,0.00708218445278054
20180304,2018,TERRITORIAL_LISTS,0.004289646164123168
20220925,2022,+EUROPA,0.015115287443288711
20220925,2022,ALLEANZA VERDI E SINISTRA,0.01988230985075149
20220925,2022,AZIONE - ITALIA VIVA - CALENDA,0.04217550441556332
20220925,2022,FORZA ITALIA,0.0500681362000606
20220925,2022,FRATELLI D'ITALIA CON GIORGIA MELONI,0.1574430153110458
20220925,2022,ITALEXIT PER L'ITALIA,0.01182544659298037
20220925,2022,ITALIA SOVRANA E POPOLARE,0.007718053552448917
20220925,2022,LEGA PER SALVINI PREMIER,0.05368956531774723
20220925,2022,MOVIMENTO 5 STELLE,0.08542670519573181
20220925,2022,NON_VALID_OR_NON_VOTING,0.4155633853404591
20220925,2022,OTHER_LISTS,0.015996696002309952
20220925,2022,PARTITO DEMOCRATICO - ITALIA DEMOCRATICA E PROGRESSISTA,0.11024682493664968
20220925,2022,TERRITORIAL_LISTS,0.006911480873756456
20220925,2022,UNIONE POPOLARE CON DE MAGISTRIS,0.007937588967206576
