family,benchmark,lambda,n_elections,spearman_median,pearson_median
greenacre_unweighted_power,aitchison,0.15,19,0.9767174508542945,0.9405607736259551
greenacre_unweighted_power,aitchison,0.17500000000000002,19,0.9765276149507555,0.9506963457905435
greenacre_unweighted_power,aitchison,0.2,19,0.9753305899697327,0.9569288409149236
greenacre_unweighted_power,aitchison,0.125,19,0.9736581299771877,0.9340749321963163
greenacre_unweighted_power,aitchison,0.1,19,0.9715660575778241,0.9272113326602026
greenacre_unweighted_power,aitchison,0.225,19,0.9712433564763882,0.9559999092128777
greenacre_unweighted_power,aitchison,0.07500000000000001,19,0.969919303794376,0.9049872091197851
greenacre_unweighted_power,aitchison,0.05,19,0.9676011067564936,0.8641622806950531
greenacre_unweighted_power,aitchison,0.025,19,0.9608557889112938,0.8263305697085075
greenacre_unweighted_power,aitchison,0.25,19,0.960544521054236,0.9443585308535596
greenacre_unweighted_power,aitchison,0.01,19,0.9569030109260798,0.8129731019493324
greenacre_unweighted_power,aitchison,0.005,19,0.9567396550804963,0.8069558147680329
greenacre_unweighted_power,aitchison,0.001,19,0.956556165587065,0.8022209262058819
greenacre_unweighted_power,aitchison,0.275,19,0.9466013766517754,0.9222630599835474
greenacre_unweighted_power,aitchison,0.30000000000000004,19,0.9410788443067644,0.9076724994907963
greenacre_unweighted_power,aitchison,0.32500000000000007,19,0.9281705009869176,0.8841421937007803
greenacre_unweighted_power,aitchison,0.35000000000000003,19,0.9055543114306835,0.8577007403118492
greenacre_unweighted_power,aitchison,0.37500000000000006,19,0.8970262127472762,0.8350994262332272
greenacre_unweighted_power,aitchison,0.4,19,0.8847917702821266,0.8068083536140326
greenacre_unweighted_power,aitchison,0.42500000000000004,19,0.8724588443047172,0.8032700042141334
greenacre_unweighted_power,aitchison,0.45000000000000007,19,0.859053658266978,0.7839961218121468
greenacre_unweighted_power,aitchison,0.47500000000000003,19,0.8438745666671813,0.7636698369355406
greenacre_unweighted_power,aitchison,0.5,19,0.82525733616534,0.7426329487918878
greenacre_unweighted_power,aitchison,0.525,19,0.8073384248127395,0.7212376202271789
greenacre_unweighted_power,aitchison,0.55,19,0.7897440899996725,0.6998206776443524
greenacre_unweighted_power,aitchison,0.5750000000000001,19,0.7724527566333497,0.6786836242246146
greenacre_unweighted_power,aitchison,0.6000000000000001,19,0.7554462145475437,0.6620429619139421
greenacre_unweighted_power,aitchison,0.6250000000000001,19,0.74414288270967055,0.6478747021031955
greenacre_unweighted_power,aitchison,0.65,19,0.737761279607285,0.634436193387519
greenacre_unweighted_power,aitchison,0.675,19,0.7237273380991892,0.62170220786101
greenacre_unweighted_power,aitchison,0.7000000000000001,19,0.7088268460142423,0.6096463169190509
greenacre_unweighted_power,aitchison,0.7250000000000001,19,0.6941058751669983,0.5982412518946223
greenacre_unweighted_power,aitchison,0.7500000000000001,19,0.6796290752194969,0.5874592166522589
greenacre_unweighted_power,aitchison,0.775,19,0.6655230042298849,0.5772721601389783
greenacre_unweighted_power,aitchison,0.8,19,0.651653549748636,0.5676520136224307
greenacre_unweighted_power,aitchison,0.8250000000000001,19,0.638057854223242,0.551828029895832
greenacre_unweighted_power,aitchison,0.8500000000000001,19,0.6248420257426623,0.5359532287216406
greenacre_unweighted_power,aitchison,0.8750000000000001,19,0.6118473995979898,0.5303471241713645
greenacre_unweighted_power,aitchison,0.9,19,0.5990829424512898,0.5252809669470129
greenacre_unweighted_power,aitchison,0.925,19,0.5866834971528918,0.521164779798312
greenacre_unweighted_power,aitchison,0.9500000000000001,19,0.574571375933831,0.5178135971870786
greenacre_unweighted_power,aitchison,0.9750000000000001,19,0.5627498698450487,0.5139049493610076
greenacre_unweighted_power,aitchison,1,19,0.5527703528389357,0.5095077801591792
greenacre_weighted_power,greenacre_weighted_lra,0.17500000000000002,19,0.9851931640976942,0.9828072982496111
greenacre_weighted_power,greenacre_weighted_lra,0.2,19,0.982421605818034,0.9829964638768355
greenacre_weighted_power,greenacre_weighted_lra,0.15,19,0.9792009027102212,0.9758557253178235
greenacre_weighted_power,greenacre_weighted_lra,0.225,19,0.9763220486926772,0.9738056501894168
greenacre_weighted_power,greenacre_weighted_lra,0.25,19,0.9700497230895633,0.962885361112978
greenacre_weighted_power,greenacre_weighted_lra,0.125,19,0.9699441088740925,0.9664322755566958
greenacre_weighted_power,greenacre_weighted_lra,0.275,19,0.9613932234623599,0.9517959761229723
greenacre_weighted_power,greenacre_weighted_lra,0.1,19,0.9548222115798649,0.9289534148386773
greenacre_weighted_power,greenacre_weighted_lra,0.30000000000000004,19,0.9521493418452012,0.9365041798360632
greenacre_weighted_power,greenacre_weighted_lra,0.32500000000000007,19,0.94303952936877,0.9256889979654654
greenacre_weighted_power,greenacre_weighted_lra,0.35000000000000003,19,0.9341642265181556,0.9161696064182243
greenacre_weighted_power,greenacre_weighted_lra,0.37500000000000006,19,0.9256379473973602,0.9064413833404229
greenacre_weighted_power,greenacre_weighted_lra,0.07500000000000001,19,0.9234983906600057,0.8802495085354443
greenacre_weighted_power,greenacre_weighted_lra,0.4,19,0.917560777874572,0.895808985581817
greenacre_weighted_power,greenacre_weighted_lra,0.42500000000000004,19,0.9098746934895486,0.8840058766823248
greenacre_weighted_power,greenacre_weighted_lra,0.45000000000000007,19,0.9025300191196581,0.8725558813466598
greenacre_weighted_power,greenacre_weighted_lra,0.05,19,0.8968840511973422,0.798709776659423
greenacre_weighted_power,greenacre_weighted_lra,0.47500000000000003,19,0.8954526098924166,0.8628837201048083
greenacre_weighted_power,greenacre_weighted_lra,0.5,19,0.8885607363949085,0.8530025684934317
greenacre_weighted_power,greenacre_weighted_lra,0.025,19,0.8829549959409038,0.6848175798976773
greenacre_weighted_power,greenacre_weighted_lra,0.525,19,0.8818141302173857,0.8427890671492841
greenacre_weighted_power,greenacre_weighted_lra,0.01,19,0.8762930346522203,0.6139931002523061
greenacre_weighted_power,greenacre_weighted_lra,0.55,19,0.8751687876010154,0.8292922419335915
greenacre_weighted_power,greenacre_weighted_lra,0.005,19,0.8738588694626732,0.6040181543575858
greenacre_weighted_power,greenacre_weighted_lra,0.001,19,0.8719112034990688,0.5964767255657742
greenacre_weighted_power,greenacre_weighted_lra,0.5750000000000001,19,0.8686227821397883,0.8112937889751904
greenacre_weighted_power,greenacre_weighted_lra,0.6000000000000001,19,0.8622038198370319,0.800421907264562
greenacre_weighted_power,greenacre_weighted_lra,0.6250000000000001,19,0.8557889238962699,0.7890542708259347
greenacre_weighted_power,greenacre_weighted_lra,0.65,19,0.8494501054309191,0.7771739989613347
greenacre_weighted_power,greenacre_weighted_lra,0.675,19,0.8431199129363915,0.7647878129708358
greenacre_weighted_power,greenacre_weighted_lra,0.7000000000000001,19,0.8368612016143352,0.7519237120042099
greenacre_weighted_power,greenacre_weighted_lra,0.7250000000000001,19,0.830597874493417,0.7386280551678565
greenacre_weighted_power,greenacre_weighted_lra,0.7500000000000001,19,0.8243881178500347,0.7249621756788177
greenacre_weighted_power,greenacre_weighted_lra,0.775,19,0.8181717386507308,0.7105558175141491
greenacre_weighted_power,greenacre_weighted_lra,0.8,19,0.8119552580726309,0.6940224343333108
greenacre_weighted_power,greenacre_weighted_lra,0.8250000000000001,19,0.8057449318001759,0.6769767726653763
greenacre_weighted_power,greenacre_weighted_lra,0.8500000000000001,19,0.7996122318845307,0.6497742987785582
greenacre_weighted_power,greenacre_weighted_lra,0.8750000000000001,19,0.7934483409998183,0.6228756550420376
greenacre_weighted_power,greenacre_weighted_lra,0.9,19,0.7872774372229685,0.596538150953196
greenacre_weighted_power,greenacre_weighted_lra,0.925,19,0.7810972258839259,0.574346010770336
greenacre_weighted_power,greenacre_weighted_lra,0.9500000000000001,19,0.7750273349367417,0.5650034124357365
greenacre_weighted_power,greenacre_weighted_lra,0.9750000000000001,19,0.7688886318784777,0.55590948190444045
greenacre_weighted_power,greenacre_weighted_lra,1,19,0.7628712807011943,0.547048278974052
