election_date,year,geometry,subcomposition,n_full_components,n_sub_components,n_removed_components,removed_components,distance_pearson_cor,distance_spearman_cor
19480418,1948,aitchison,drop_non_valid_or_non_voting,10,9,1,NON_VALID_OR_NON_VOTING,0.9998507850976439,0.99979634517716
19480418,1948,greenacre_weighted_lra,drop_non_valid_or_non_voting,10,9,1,NON_VALID_OR_NON_VOTING,0.9979904130334404,0.9971881455114854
19480418,1948,alpha_0150,drop_non_valid_or_non_voting,10,9,1,NON_VALID_OR_NON_VOTING,0.9997090757310162,0.9995851539469324
19480418,1948,greenacre_unweighted_power_0150,drop_non_valid_or_non_voting,10,9,1,NON_VALID_OR_NON_VOTING,0.9999260176215844,0.999722386852768
19480418,1948,greenacre_weighted_power_0175,drop_non_valid_or_non_voting,10,9,1,NON_VALID_OR_NON_VOTING,0.9978988682779512,0.9971619019126045
19480418,1948,euclidean,drop_non_valid_or_non_voting,10,9,1,NON_VALID_OR_NON_VOTING,0.9949221295011234,0.9906741680205244
19480418,1948,aitchison,drop_other_lists,10,9,1,OTHER_LISTS,0.8983179332860504,0.8692425486210673
19480418,1948,greenacre_weighted_lra,drop_other_lists,10,9,1,OTHER_LISTS,0.930376563226864,0.91882012197467
19480418,1948,alpha_0150,drop_other_lists,10,9,1,OTHER_LISTS,0.9090164592787179,0.8780304023266389
19480418,1948,greenacre_unweighted_power_0150,drop_other_lists,10,9,1,OTHER_LISTS,0.9871787133594208,0.8757676156705398
19480418,1948,greenacre_weighted_power_0175,drop_other_lists,10,9,1,OTHER_LISTS,0.9445356459092715,0.9322618821505346
19480418,1948,euclidean,drop_other_lists,10,9,1,OTHER_LISTS,0.8659767792863494,0.9611456238334161
19480418,1948,aitchison,drop_territorial_lists,10,9,1,TERRITORIAL_LISTS,0.7942792215154297,0.8481850955056643
19480418,1948,greenacre_weighted_lra,drop_territorial_lists,10,9,1,TERRITORIAL_LISTS,0.9841333189584165,0.9706476010110073
19480418,1948,alpha_0150,drop_territorial_lists,10,9,1,TERRITORIAL_LISTS,0.8777788051300276,0.8709037153446155
19480418,1948,greenacre_unweighted_power_0150,drop_territorial_lists,10,9,1,TERRITORIAL_LISTS,0.28183728027997235,0.8230483335032568
19480418,1948,greenacre_weighted_power_0175,drop_territorial_lists,10,9,1,TERRITORIAL_LISTS,0.9637798607767138,0.939556734618987
19480418,1948,euclidean,drop_territorial_lists,10,9,1,TERRITORIAL_LISTS,0.9948927833057968,0.9891199564254678
19480418,1948,aitchison,autonomous_parties_only,10,7,3,NON_VALID_OR_NON_VOTING | OTHER_LISTS | TERRITORIAL_LISTS,0.6880352040877147,0.7233582776780737
19480418,1948,greenacre_weighted_lra,autonomous_parties_only,10,7,3,NON_VALID_OR_NON_VOTING | OTHER_LISTS | TERRITORIAL_LISTS,0.9132268192249631,0.8888576126355183
19480418,1948,alpha_0150,autonomous_parties_only,10,7,3,NON_VALID_OR_NON_VOTING | OTHER_LISTS | TERRITORIAL_LISTS,0.7874695143364142,0.7486194288673833
19480418,1948,greenacre_unweighted_power_0150,autonomous_parties_only,10,7,3,NON_VALID_OR_NON_VOTING | OTHER_LISTS | TERRITORIAL_LISTS,0.26721574492870154,0.7013643187699198
19480418,1948,greenacre_weighted_power_0175,autonomous_parties_only,10,7,3,NON_VALID_OR_NON_VOTING | OTHER_LISTS | TERRITORIAL_LISTS,0.9081975242496378,0.870982087577122
19480418,1948,euclidean,autonomous_parties_only,10,7,3,NON_VALID_OR_NON_VOTING | OTHER_LISTS | TERRITORIAL_LISTS,0.846667716886125,0.9349348737542283
19480418,1948,aitchison,party_and_territorial_without_other,10,8,2,NON_VALID_OR_NON_VOTING | OTHER_LISTS,0.8952495768697629,0.8687094345106134
19480418,1948,greenacre_weighted_lra,party_and_territorial_without_other,10,8,2,NON_VALID_OR_NON_VOTING | OTHER_LISTS,0.9248591763509375,0.914090871971203
19480418,1948,alpha_0150,party_and_territorial_without_other,10,8,2,NON_VALID_OR_NON_VOTING | OTHER_LISTS,0.9078077959301272,0.8760448918877601
19480418,1948,greenacre_unweighted_power_0150,party_and_territorial_without_other,10,8,2,NON_VALID_OR_NON_VOTING | OTHER_LISTS,0.9870487804798888,0.8742759291165187
19480418,1948,greenacre_weighted_power_0175,party_and_territorial_without_other,10,8,2,NON_VALID_OR_NON_VOTING | OTHER_LISTS,0.9392730640784622,0.9267666716725452
19480418,1948,euclidean,party_and_territorial_without_other,10,8,2,NON_VALID_OR_NON_VOTING | OTHER_LISTS,0.8519449816541714,0.9458812134241955
19530607,1953,aitchison,drop_non_valid_or_non_voting,11,10,1,NON_VALID_OR_NON_VOTING,0.9995596437260739,0.9988624745439769
19530607,1953,greenacre_weighted_lra,drop_non_valid_or_non_voting,11,10,1,NON_VALID_OR_NON_VOTING,0.9961487407042877,0.9948435927554592
19530607,1953,alpha_0150,drop_non_valid_or_non_voting,11,10,1,NON_VALID_OR_NON_VOTING,0.9994306278232535,0.9990987231749393
19530607,1953,greenacre_unweighted_power_0150,drop_non_valid_or_non_voting,11,10,1,NON_VALID_OR_NON_VOTING,0.9999294517886581,0.9993866696569428
19530607,1953,greenacre_weighted_power_0175,drop_non_valid_or_non_voting,11,10,1,NON_VALID_OR_NON_VOTING,0.9958286791187473,0.9944438243946299
19530607,1953,euclidean,drop_non_valid_or_non_voting,11,10,1,NON_VALID_OR_NON_VOTING,0.9924251658269869,0.9845885679273013
19530607,1953,aitchison,drop_other_lists,11,10,1,OTHER_LISTS,0.9804485441997972,0.9744500867922928
19530607,1953,greenacre_weighted_lra,drop_other_lists,11,10,1,OTHER_LISTS,0.983445549096799,0.9794296933932283
19530607,1953,alpha_0150,drop_other_lists,11,10,1,OTHER_LISTS,0.9734579263616325,0.9689490304512934
19530607,1953,greenacre_unweighted_power_0150,drop_other_lists,11,10,1,OTHER_LISTS,0.9958567398796265,0.9888494556014337
19530607,1953,greenacre_weighted_power_0175,drop_other_lists,11,10,1,OTHER_LISTS,0.9733098431329401,0.9752188049171917
19530607,1953,euclidean,drop_other_lists,11,10,1,OTHER_LISTS,0.7821545072266506,0.9676409147082223
19530607,1953,aitchison,drop_territorial_lists,11,10,1,TERRITORIAL_LISTS,0.7157384603829993,0.8310354091180607
19530607,1953,greenacre_weighted_lra,drop_territorial_lists,11,10,1,TERRITORIAL_LISTS,0.9972290938446585,0.9951580591165204
19530607,1953,alpha_0150,drop_territorial_lists,11,10,1,TERRITORIAL_LISTS,0.7094742208960846,0.666172067478143
19530607,1953,greenacre_unweighted_power_0150,drop_territorial_lists,11,10,1,TERRITORIAL_LISTS,0.2574422103929969,0.5047647240544576
19530607,1953,greenacre_weighted_power_0175,drop_territorial_lists,11,10,1,TERRITORIAL_LISTS,0.9880038871084398,0.9801428353919752
19530607,1953,euclidean,drop_territorial_lists,11,10,1,TERRITORIAL_LISTS,0.9998231897048161,0.9995857177073119
19530607,1953,aitchison,autonomous_parties_only,11,8,3,NON_VALID_OR_NON_VOTING | OTHER_LISTS | TERRITORIAL_LISTS,0.5976377467853548,0.7109711345116833
19530607,1953,greenacre_weighted_lra,autonomous_parties_only,11,8,3,NON_VALID_OR_NON_VOTING | OTHER_LISTS | TERRITORIAL_LISTS,0.9708828483783026,0.9602799203118194
19530607,1953,alpha_0150,autonomous_parties_only,11,8,3,NON_VALID_OR_NON_VOTING | OTHER_LISTS | TERRITORIAL_LISTS,0.6276619904375628,0.5665106818632263
19530607,1953,greenacre_unweighted_power_0150,autonomous_parties_only,11,8,3,NON_VALID_OR_NON_VOTING | OTHER_LISTS | TERRITORIAL_LISTS,0.18394628004218846,0.41966848275663177
19530607,1953,greenacre_weighted_power_0175,autonomous_parties_only,11,8,3,NON_VALID_OR_NON_VOTING | OTHER_LISTS | TERRITORIAL_LISTS,0.9494851255122106,0.9386417147364555
19530607,1953,euclidean,autonomous_parties_only,11,8,3,NON_VALID_OR_NON_VOTING | OTHER_LISTS | TERRITORIAL_LISTS,0.7738594735635286,0.9522402220206119
19530607,1953,aitchison,party_and_territorial_without_other,11,9,2,NON_VALID_OR_NON_VOTING | OTHER_LISTS,0.9801406208543887,0.9735204882229501
19530607,1953,greenacre_weighted_lra,party_and_territorial_without_other,11,9,2,NON_VALID_OR_NON_VOTING | OTHER_LISTS,0.9796340348403259,0.974380255944549
19530607,1953,alpha_0150,party_and_territorial_without_other,11,9,2,NON_VALID_OR_NON_VOTING | OTHER_LISTS,0.9728136189554707,0.9680662997669442
19530607,1953,greenacre_unweighted_power_0150,party_and_territorial_without_other,11,9,2,NON_VALID_OR_NON_VOTING | OTHER_LISTS,0.9957912103138782,0.9883403120088546
19530607,1953,greenacre_weighted_power_0175,party_and_territorial_without_other,11,9,2,NON_VALID_OR_NON_VOTING | OTHER_LISTS,0.969043437444343,0.9698727799070556
19530607,1953,euclidean,party_and_territorial_without_other,11,9,2,NON_VALID_OR_NON_VOTING | OTHER_LISTS,0.7739771925598833,0.9526513413730063
19580525,1958,aitchison,drop_non_valid_or_non_voting,12,11,1,NON_VALID_OR_NON_VOTING,0.9993647617686269,0.9992794798692359
19580525,1958,greenacre_weighted_lra,drop_non_valid_or_non_voting,12,11,1,NON_VALID_OR_NON_VOTING,0.9931963944737925,0.9925297970959173
19580525,1958,alpha_0150,drop_non_valid_or_non_voting,12,11,1,NON_VALID_OR_NON_VOTING,0.9991059847127066,0.9986213778833188
19580525,1958,greenacre_unweighted_power_0150,drop_non_valid_or_non_voting,12,11,1,NON_VALID_OR_NON_VOTING,0.999898830863061,0.9991778804908222
19580525,1958,greenacre_weighted_power_0175,drop_non_valid_or_non_voting,12,11,1,NON_VALID_OR_NON_VOTING,0.9927769717037093,0.9920098904930549
19580525,1958,euclidean,drop_non_valid_or_non_voting,12,11,1,NON_VALID_OR_NON_VOTING,0.9907336276131452,0.9766296384351074
19580525,1958,aitchison,drop_other_lists,12,11,1,OTHER_LISTS,0.6184638452012148,0.6144808605999759
19580525,1958,greenacre_weighted_lra,drop_other_lists,12,11,1,OTHER_LISTS,0.8095008385733232,0.7923808683024666
19580525,1958,alpha_0150,drop_other_lists,12,11,1,OTHER_LISTS,0.6166902186091487,0.5881584091424323
19580525,1958,greenacre_unweighted_power_0150,drop_other_lists,12,11,1,OTHER_LISTS,0.9321081869860903,0.6309864181288243
19580525,1958,greenacre_weighted_power_0175,drop_other_lists,12,11,1,OTHER_LISTS,0.7907470724731221,0.780604174008869
19580525,1958,euclidean,drop_other_lists,12,11,1,OTHER_LISTS,0.7789919896989878,0.9740609114150252
19580525,1958,aitchison,drop_territorial_lists,12,11,1,TERRITORIAL_LISTS,0.9663140264388224,0.9542299897037232
19580525,1958,greenacre_weighted_lra,drop_territorial_lists,12,11,1,TERRITORIAL_LISTS,0.9999991311454058,0.9999986730239743
19580525,1958,alpha_0150,drop_territorial_lists,12,11,1,TERRITORIAL_LISTS,0.9627222791571672,0.9516773690309669
19580525,1958,greenacre_unweighted_power_0150,drop_territorial_lists,12,11,1,TERRITORIAL_LISTS,0.3394196450834808,0.8164262862035946
19580525,1958,greenacre_weighted_power_0175,drop_territorial_lists,12,11,1,TERRITORIAL_LISTS,0.9999651212431909,0.9999556611898164
19580525,1958,euclidean,drop_territorial_lists,12,11,1,TERRITORIAL_LISTS,0.9999996623388183,0.9999991109859431
19580525,1958,aitchison,autonomous_parties_only,12,9,3,NON_VALID_OR_NON_VOTING | OTHER_LISTS | TERRITORIAL_LISTS,0.5896539802596538,0.5642770004091701
19580525,1958,greenacre_weighted_lra,autonomous_parties_only,12,9,3,NON_VALID_OR_NON_VOTING | OTHER_LISTS | TERRITORIAL_LISTS,0.8090886805504801,0.7944765927058475
19580525,1958,alpha_0150,autonomous_parties_only,12,9,3,NON_VALID_OR_NON_VOTING | OTHER_LISTS | TERRITORIAL_LISTS,0.604290073995556,0.5471953619106146
19580525,1958,greenacre_unweighted_power_0150,autonomous_parties_only,12,9,3,NON_VALID_OR_NON_VOTING | OTHER_LISTS | TERRITORIAL_LISTS,0.22270686599773704,0.438828750981699
19580525,1958,greenacre_weighted_power_0175,autonomous_parties_only,12,9,3,NON_VALID_OR_NON_VOTING | OTHER_LISTS | TERRITORIAL_LISTS,0.7907682188171223,0.7834105919018899
19580525,1958,euclidean,autonomous_parties_only,12,9,3,NON_VALID_OR_NON_VOTING | OTHER_LISTS | TERRITORIAL_LISTS,0.7707004956990451,0.9525653813457445
19580525,1958,aitchison,party_and_territorial_without_other,12,10,2,NON_VALID_OR_NON_VOTING | OTHER_LISTS,0.6211789023345846,0.6181737515350804
19580525,1958,greenacre_weighted_lra,party_and_territorial_without_other,12,10,2,NON_VALID_OR_NON_VOTING | OTHER_LISTS,0.8090282651043048,0.7943894824183766
19580525,1958,alpha_0150,party_and_territorial_without_other,12,10,2,NON_VALID_OR_NON_VOTING | OTHER_LISTS,0.6181967726706344,0.5930925847710015
19580525,1958,greenacre_unweighted_power_0150,party_and_territorial_without_other,12,10,2,NON_VALID_OR_NON_VOTING | OTHER_LISTS,0.932393943978269,0.6357537922164277
19580525,1958,greenacre_weighted_power_0175,party_and_territorial_without_other,12,10,2,NON_VALID_OR_NON_VOTING | OTHER_LISTS,0.7900545672353323,0.7825372187966569
19580525,1958,euclidean,party_and_territorial_without_other,12,10,2,NON_VALID_OR_NON_VOTING | OTHER_LISTS,0.7706768812116754,0.9525398852052107
19630428,1963,aitchison,drop_non_valid_or_non_voting,10,9,1,NON_VALID_OR_NON_VOTING,0.9975285072734864,0.996186971362105
19630428,1963,greenacre_weighted_lra,drop_non_valid_or_non_voting,10,9,1,NON_VALID_OR_NON_VOTING,0.9730146923680195,0.9693200451670668
19630428,1963,alpha_0150,drop_non_valid_or_non_voting,10,9,1,NON_VALID_OR_NON_VOTING,0.9976001108270101,0.9923742317512579
19630428,1963,greenacre_unweighted_power_0150,drop_non_valid_or_non_voting,10,9,1,NON_VALID_OR_NON_VOTING,0.9989050754581045,0.9949616270221139
19630428,1963,greenacre_weighted_power_0175,drop_non_valid_or_non_voting,10,9,1,NON_VALID_OR_NON_VOTING,0.9753893607284455,0.9726354282728403
19630428,1963,euclidean,drop_non_valid_or_non_voting,10,9,1,NON_VALID_OR_NON_VOTING,0.9770726126696114,0.9476116937803644
19630428,1963,aitchison,drop_other_lists,10,9,1,OTHER_LISTS,0.41238794937469353,0.5099891950604578
19630428,1963,greenacre_weighted_lra,drop_other_lists,10,9,1,OTHER_LISTS,0.8569788668895687,0.8373645192065379
19630428,1963,alpha_0150,drop_other_lists,10,9,1,OTHER_LISTS,0.33756726195529047,0.5283160150695765
19630428,1963,greenacre_unweighted_power_0150,drop_other_lists,10,9,1,OTHER_LISTS,0.26106511510312863,0.49365563960984954
19630428,1963,greenacre_weighted_power_0175,drop_other_lists,10,9,1,OTHER_LISTS,0.8033077844107585,0.7868748473325676
19630428,1963,euclidean,drop_other_lists,10,9,1,OTHER_LISTS,0.8316862895622085,0.9763126985875972
19630428,1963,aitchison,autonomous_parties_only,10,8,2,NON_VALID_OR_NON_VOTING | OTHER_LISTS,0.39956268432686987,0.4946176305943739
19630428,1963,greenacre_weighted_lra,autonomous_parties_only,10,8,2,NON_VALID_OR_NON_VOTING | OTHER_LISTS,0.8256826057365001,0.8027417632873727
19630428,1963,alpha_0150,autonomous_parties_only,10,8,2,NON_VALID_OR_NON_VOTING | OTHER_LISTS,0.3164250023202354,0.5042205560795042
19630428,1963,greenacre_unweighted_power_0150,autonomous_parties_only,10,8,2,NON_VALID_OR_NON_VOTING | OTHER_LISTS,0.24307435956418053,0.4730793303707437
19630428,1963,greenacre_weighted_power_0175,autonomous_parties_only,10,8,2,NON_VALID_OR_NON_VOTING | OTHER_LISTS,0.7699790187833772,0.7516430465293799
19630428,1963,euclidean,autonomous_parties_only,10,8,2,NON_VALID_OR_NON_VOTING | OTHER_LISTS,0.8121897085210122,0.9279508900752969
19630428,1963,aitchison,party_and_territorial_without_other,10,8,2,NON_VALID_OR_NON_VOTING | OTHER_LISTS,0.39956268432686987,0.4946176305943739
19630428,1963,greenacre_weighted_lra,party_and_territorial_without_other,10,8,2,NON_VALID_OR_NON_VOTING | OTHER_LISTS,0.8256826057365001,0.8027417632873727
19630428,1963,alpha_0150,party_and_territorial_without_other,10,8,2,NON_VALID_OR_NON_VOTING | OTHER_LISTS,0.3164250023202354,0.5042205560795042
19630428,1963,greenacre_unweighted_power_0150,party_and_territorial_without_other,10,8,2,NON_VALID_OR_NON_VOTING | OTHER_LISTS,0.24307435956418053,0.4730793303707437
19630428,1963,greenacre_weighted_power_0175,party_and_territorial_without_other,10,8,2,NON_VALID_OR_NON_VOTING | OTHER_LISTS,0.7699790187833772,0.7516430465293799
19630428,1963,euclidean,party_and_territorial_without_other,10,8,2,NON_VALID_OR_NON_VOTING | OTHER_LISTS,0.8121897085210122,0.9279508900752969
19680519,1968,aitchison,drop_non_valid_or_non_voting,11,10,1,NON_VALID_OR_NON_VOTING,0.9992847603817789,0.998581383600164
19680519,1968,greenacre_weighted_lra,drop_non_valid_or_non_voting,11,10,1,NON_VALID_OR_NON_VOTING,0.9702900572581246,0.9665514961535282
19680519,1968,alpha_0150,drop_non_valid_or_non_voting,11,10,1,NON_VALID_OR_NON_VOTING,0.99870290817043,0.9954814805682163
19680519,1968,greenacre_unweighted_power_0150,drop_non_valid_or_non_voting,11,10,1,NON_VALID_OR_NON_VOTING,0.9998961655179914,0.9973001371399576
19680519,1968,greenacre_weighted_power_0175,drop_non_valid_or_non_voting,11,10,1,NON_VALID_OR_NON_VOTING,0.9729630408249917,0.9703443632226297
19680519,1968,euclidean,drop_non_valid_or_non_voting,11,10,1,NON_VALID_OR_NON_VOTING,0.9639594682549086,0.9180279292079639
19680519,1968,aitchison,drop_other_lists,11,10,1,OTHER_LISTS,0.702536557103208,0.5907382792657923
19680519,1968,greenacre_weighted_lra,drop_other_lists,11,10,1,OTHER_LISTS,0.790269171824978,0.7649879504094452
19680519,1968,alpha_0150,drop_other_lists,11,10,1,OTHER_LISTS,0.6589890055081171,0.6285577066450285
19680519,1968,greenacre_unweighted_power_0150,drop_other_lists,11,10,1,OTHER_LISTS,0.9492483658656171,0.5621514200200018
19680519,1968,greenacre_weighted_power_0175,drop_other_lists,11,10,1,OTHER_LISTS,0.7708667095837916,0.7568771208286585
19680519,1968,euclidean,drop_other_lists,11,10,1,OTHER_LISTS,0.8320330130215934,0.9771711449880599
19680519,1968,aitchison,drop_territorial_lists,11,10,1,TERRITORIAL_LISTS,0.8671376004938985,0.9091862924033813
19680519,1968,greenacre_weighted_lra,drop_territorial_lists,11,10,1,TERRITORIAL_LISTS,0.9967227758258427,0.9956781140035798
19680519,1968,alpha_0150,drop_territorial_lists,11,10,1,TERRITORIAL_LISTS,0.9187831851457087,0.9247003440013019
19680519,1968,greenacre_unweighted_power_0150,drop_territorial_lists,11,10,1,TERRITORIAL_LISTS,0.4906712115652678,0.9140423736337489
19680519,1968,greenacre_weighted_power_0175,drop_territorial_lists,11,10,1,TERRITORIAL_LISTS,0.9897061899172074,0.9865225920839985
19680519,1968,euclidean,drop_territorial_lists,11,10,1,TERRITORIAL_LISTS,0.9998667009362516,0.9997255189291088
19680519,1968,aitchison,autonomous_parties_only,11,8,3,NON_VALID_OR_NON_VOTING | OTHER_LISTS | TERRITORIAL_LISTS,0.37888872228416887,0.41843593917364996
19680519,1968,greenacre_weighted_lra,autonomous_parties_only,11,8,3,NON_VALID_OR_NON_VOTING | OTHER_LISTS | TERRITORIAL_LISTS,0.7372761743977547,0.7034890701887274
19680519,1968,alpha_0150,autonomous_parties_only,11,8,3,NON_VALID_OR_NON_VOTING | OTHER_LISTS | TERRITORIAL_LISTS,0.41109112554938415,0.4632433169303023
19680519,1968,greenacre_unweighted_power_0150,autonomous_parties_only,11,8,3,NON_VALID_OR_NON_VOTING | OTHER_LISTS | TERRITORIAL_LISTS,0.1409394943604711,0.3940762143493188
19680519,1968,greenacre_weighted_power_0175,autonomous_parties_only,11,8,3,NON_VALID_OR_NON_VOTING | OTHER_LISTS | TERRITORIAL_LISTS,0.6983785345633157,0.6682025007443214
19680519,1968,euclidean,autonomous_parties_only,11,8,3,NON_VALID_OR_NON_VOTING | OTHER_LISTS | TERRITORIAL_LISTS,0.7956518939470464,0.899292746008824
19680519,1968,aitchison,party_and_territorial_without_other,11,9,2,NON_VALID_OR_NON_VOTING | OTHER_LISTS,0.7023139349026735,0.5923709325538061
19680519,1968,greenacre_weighted_lra,party_and_territorial_without_other,11,9,2,NON_VALID_OR_NON_VOTING | OTHER_LISTS,0.7541352899051568,0.7281451805881974
19680519,1968,alpha_0150,party_and_territorial_without_other,11,9,2,NON_VALID_OR_NON_VOTING | OTHER_LISTS,0.6586698864579791,0.626833106757875
19680519,1968,greenacre_unweighted_power_0150,party_and_territorial_without_other,11,9,2,NON_VALID_OR_NON_VOTING | OTHER_LISTS,0.9491466280321713,0.5633012542855493
19680519,1968,greenacre_weighted_power_0175,party_and_territorial_without_other,11,9,2,NON_VALID_OR_NON_VOTING | OTHER_LISTS,0.7415036272484316,0.727640417373356
19680519,1968,euclidean,party_and_territorial_without_other,11,9,2,NON_VALID_OR_NON_VOTING | OTHER_LISTS,0.7953385150849805,0.8992385022256857
19720507,1972,aitchison,drop_non_valid_or_non_voting,10,9,1,NON_VALID_OR_NON_VOTING,0.9597617145088514,0.932929799445733
19720507,1972,greenacre_weighted_lra,drop_non_valid_or_non_voting,10,9,1,NON_VALID_OR_NON_VOTING,0.9396799487999717,0.922131911996301
19720507,1972,alpha_0150,drop_non_valid_or_non_voting,10,9,1,NON_VALID_OR_NON_VOTING,0.9530416587503668,0.9164428588516051
19720507,1972,greenacre_unweighted_power_0150,drop_non_valid_or_non_voting,10,9,1,NON_VALID_OR_NON_VOTING,0.9610490239963774,0.9216281453712306
19720507,1972,greenacre_weighted_power_0175,drop_non_valid_or_non_voting,10,9,1,NON_VALID_OR_NON_VOTING,0.9388725907629443,0.9181272087805085
19720507,1972,euclidean,drop_non_valid_or_non_voting,10,9,1,NON_VALID_OR_NON_VOTING,0.9668922114370639,0.928210003137291
19720507,1972,aitchison,drop_other_lists,10,9,1,OTHER_LISTS,0.7890692830505001,0.9302473765237304
19720507,1972,greenacre_weighted_lra,drop_other_lists,10,9,1,OTHER_LISTS,0.9761880085494211,0.9822795835952016
19720507,1972,alpha_0150,drop_other_lists,10,9,1,OTHER_LISTS,0.7885689519454144,0.952489964642843
19720507,1972,greenacre_unweighted_power_0150,drop_other_lists,10,9,1,OTHER_LISTS,0.7353244271282741,0.9414726148685697
19720507,1972,greenacre_weighted_power_0175,drop_other_lists,10,9,1,OTHER_LISTS,0.9577532986990259,0.9779673404908377
19720507,1972,euclidean,drop_other_lists,10,9,1,OTHER_LISTS,0.8458563881650248,0.972340502733397
19720507,1972,aitchison,autonomous_parties_only,10,8,2,NON_VALID_OR_NON_VOTING | OTHER_LISTS,0.7399017712520994,0.8614724145758192
19720507,1972,greenacre_weighted_lra,autonomous_parties_only,10,8,2,NON_VALID_OR_NON_VOTING | OTHER_LISTS,0.9121849414181089,0.9035888548449161
19720507,1972,alpha_0150,autonomous_parties_only,10,8,2,NON_VALID_OR_NON_VOTING | OTHER_LISTS,0.7302224655428455,0.8693846036856695
19720507,1972,greenacre_unweighted_power_0150,autonomous_parties_only,10,8,2,NON_VALID_OR_NON_VOTING | OTHER_LISTS,0.6842854781395319,0.8631198684021347
19720507,1972,greenacre_weighted_power_0175,autonomous_parties_only,10,8,2,NON_VALID_OR_NON_VOTING | OTHER_LISTS,0.8908455186649126,0.8952461154891801
19720507,1972,euclidean,autonomous_parties_only,10,8,2,NON_VALID_OR_NON_VOTING | OTHER_LISTS,0.7972498311468759,0.897536870484598
19720507,1972,aitchison,party_and_territorial_without_other,10,8,2,NON_VALID_OR_NON_VOTING | OTHER_LISTS,0.7399017712520994,0.8614724145758192
19720507,1972,greenacre_weighted_lra,party_and_territorial_without_other,10,8,2,NON_VALID_OR_NON_VOTING | OTHER_LISTS,0.9121849414181089,0.9035888548449161
19720507,1972,alpha_0150,party_and_territorial_without_other,10,8,2,NON_VALID_OR_NON_VOTING | OTHER_LISTS,0.7302224655428455,0.8693846036856695
19720507,1972,greenacre_unweighted_power_0150,party_and_territorial_without_other,10,8,2,NON_VALID_OR_NON_VOTING | OTHER_LISTS,0.6842854781395319,0.8631198684021347
19720507,1972,greenacre_weighted_power_0175,party_and_territorial_without_other,10,8,2,NON_VALID_OR_NON_VOTING | OTHER_LISTS,0.8908455186649126,0.8952461154891801
19720507,1972,euclidean,party_and_territorial_without_other,10,8,2,NON_VALID_OR_NON_VOTING | OTHER_LISTS,0.7972498311468759,0.897536870484598
19760620,1976,aitchison,drop_non_valid_or_non_voting,11,10,1,NON_VALID_OR_NON_VOTING,0.9959857310259644,0.9909996424357335
19760620,1976,greenacre_weighted_lra,drop_non_valid_or_non_voting,11,10,1,NON_VALID_OR_NON_VOTING,0.9435703220918299,0.929806071561191
19760620,1976,alpha_0150,drop_non_valid_or_non_voting,11,10,1,NON_VALID_OR_NON_VOTING,0.9957707840745863,0.9903061036170131
19760620,1976,greenacre_unweighted_power_0150,drop_non_valid_or_non_voting,11,10,1,NON_VALID_OR_NON_VOTING,0.9989750224507408,0.9936983161837722
19760620,1976,greenacre_weighted_power_0175,drop_non_valid_or_non_voting,11,10,1,NON_VALID_OR_NON_VOTING,0.9522744446514407,0.9349146818020773
19760620,1976,euclidean,drop_non_valid_or_non_voting,11,10,1,NON_VALID_OR_NON_VOTING,0.9670638507108532,0.9216425136570835
19760620,1976,aitchison,drop_other_lists,11,10,1,OTHER_LISTS,0.5921225499952902,0.5363470027212403
19760620,1976,greenacre_weighted_lra,drop_other_lists,11,10,1,OTHER_LISTS,0.896528883295144,0.9204546315673382
19760620,1976,alpha_0150,drop_other_lists,11,10,1,OTHER_LISTS,0.5615689150028208,0.5372572128146395
19760620,1976,greenacre_unweighted_power_0150,drop_other_lists,11,10,1,OTHER_LISTS,0.36461016640803345,0.4223061189937253
19760620,1976,greenacre_weighted_power_0175,drop_other_lists,11,10,1,OTHER_LISTS,0.846814623067495,0.8853203479053185
19760620,1976,euclidean,drop_other_lists,11,10,1,OTHER_LISTS,0.8411946986402835,0.9859821207645206
19760620,1976,aitchison,autonomous_parties_only,11,9,2,NON_VALID_OR_NON_VOTING | OTHER_LISTS,0.5912883699333653,0.5266149562300914
19760620,1976,greenacre_weighted_lra,autonomous_parties_only,11,9,2,NON_VALID_OR_NON_VOTING | OTHER_LISTS,0.8219987381710863,0.8436095336683798
19760620,1976,alpha_0150,autonomous_parties_only,11,9,2,NON_VALID_OR_NON_VOTING | OTHER_LISTS,0.554911544485695,0.5176910130029218
19760620,1976,greenacre_unweighted_power_0150,autonomous_parties_only,11,9,2,NON_VALID_OR_NON_VOTING | OTHER_LISTS,0.3633781099408285,0.4101588262952893
19760620,1976,greenacre_weighted_power_0175,autonomous_parties_only,11,9,2,NON_VALID_OR_NON_VOTING | OTHER_LISTS,0.7759383896803709,0.8124530322082114
19760620,1976,euclidean,autonomous_parties_only,11,9,2,NON_VALID_OR_NON_VOTING | OTHER_LISTS,0.7517241488578039,0.894169033948008
19760620,1976,aitchison,party_and_territorial_without_other,11,9,2,NON_VALID_OR_NON_VOTING | OTHER_LISTS,0.5912883699333653,0.5266149562300914
19760620,1976,greenacre_weighted_lra,party_and_territorial_without_other,11,9,2,NON_VALID_OR_NON_VOTING | OTHER_LISTS,0.8219987381710863,0.8436095336683798
19760620,1976,alpha_0150,party_and_territorial_without_other,11,9,2,NON_VALID_OR_NON_VOTING | OTHER_LISTS,0.554911544485695,0.5176910130029218
19760620,1976,greenacre_unweighted_power_0150,party_and_territorial_without_other,11,9,2,NON_VALID_OR_NON_VOTING | OTHER_LISTS,0.3633781099408285,0.4101588262952893
19760620,1976,greenacre_weighted_power_0175,party_and_territorial_without_other,11,9,2,NON_VALID_OR_NON_VOTING | OTHER_LISTS,0.7759383896803709,0.8124530322082114
19760620,1976,euclidean,party_and_territorial_without_other,11,9,2,NON_VALID_OR_NON_VOTING | OTHER_LISTS,0.7517241488578039,0.894169033948008
19790603,1979,aitchison,drop_non_valid_or_non_voting,12,11,1,NON_VALID_OR_NON_VOTING,0.9965578370134623,0.9778051080977769
19790603,1979,greenacre_weighted_lra,drop_non_valid_or_non_voting,12,11,1,NON_VALID_OR_NON_VOTING,0.8978138512245684,0.8790189111302774
19790603,1979,alpha_0150,drop_non_valid_or_non_voting,12,11,1,NON_VALID_OR_NON_VOTING,0.991397394156037,0.946097984278785
19790603,1979,greenacre_unweighted_power_0150,drop_non_valid_or_non_voting,12,11,1,NON_VALID_OR_NON_VOTING,0.9995456817827247,0.954760022001232
19790603,1979,greenacre_weighted_power_0175,drop_non_valid_or_non_voting,12,11,1,NON_VALID_OR_NON_VOTING,0.9052112598005169,0.8827131969986227
19790603,1979,euclidean,drop_non_valid_or_non_voting,12,11,1,NON_VALID_OR_NON_VOTING,0.9369718544421973,0.8743264486619315
19790603,1979,aitchison,drop_other_lists,12,11,1,OTHER_LISTS,0.9742260069936826,0.9605466359440362
19790603,1979,greenacre_weighted_lra,drop_other_lists,12,11,1,OTHER_LISTS,0.9462959595791659,0.9637511223445626
19790603,1979,alpha_0150,drop_other_lists,12,11,1,OTHER_LISTS,0.9621625183603444,0.9668637452821323
19790603,1979,greenacre_unweighted_power_0150,drop_other_lists,12,11,1,OTHER_LISTS,0.9970507541599971,0.9647274965850231
19790603,1979,greenacre_weighted_power_0175,drop_other_lists,12,11,1,OTHER_LISTS,0.9227317981440705,0.9617511187419947
19790603,1979,euclidean,drop_other_lists,12,11,1,OTHER_LISTS,0.7934380316917681,0.9442095481804481
19790603,1979,aitchison,drop_territorial_lists,12,11,1,TERRITORIAL_LISTS,0.3674344868756347,0.6148422877051927
19790603,1979,greenacre_weighted_lra,drop_territorial_lists,12,11,1,TERRITORIAL_LISTS,0.9792921293007055,0.9693503776888979
19790603,1979,alpha_0150,drop_territorial_lists,12,11,1,TERRITORIAL_LISTS,0.42098099554793045,0.6978708657827092
19790603,1979,greenacre_unweighted_power_0150,drop_territorial_lists,12,11,1,TERRITORIAL_LISTS,0.13948639262657642,0.6876212128593883
19790603,1979,greenacre_weighted_power_0175,drop_territorial_lists,12,11,1,TERRITORIAL_LISTS,0.9505152016928334,0.9251748732183482
19790603,1979,euclidean,drop_territorial_lists,12,11,1,TERRITORIAL_LISTS,0.9998485821298759,0.9996442984293941
19790603,1979,aitchison,autonomous_parties_only,12,9,3,NON_VALID_OR_NON_VOTING | OTHER_LISTS | TERRITORIAL_LISTS,0.20244766314024862,0.4996904940869206
19790603,1979,greenacre_weighted_lra,autonomous_parties_only,12,9,3,NON_VALID_OR_NON_VOTING | OTHER_LISTS | TERRITORIAL_LISTS,0.8142837561389494,0.801997653995789
19790603,1979,alpha_0150,autonomous_parties_only,12,9,3,NON_VALID_OR_NON_VOTING | OTHER_LISTS | TERRITORIAL_LISTS,0.23587264989094084,0.5614702180816585
19790603,1979,greenacre_unweighted_power_0150,autonomous_parties_only,12,9,3,NON_VALID_OR_NON_VOTING | OTHER_LISTS | TERRITORIAL_LISTS,0.02663951449996549,0.5550284610072883
19790603,1979,greenacre_weighted_power_0175,autonomous_parties_only,12,9,3,NON_VALID_OR_NON_VOTING | OTHER_LISTS | TERRITORIAL_LISTS,0.7600989165746115,0.7540939067734783
19790603,1979,euclidean,autonomous_parties_only,12,9,3,NON_VALID_OR_NON_VOTING | OTHER_LISTS | TERRITORIAL_LISTS,0.7173064829474013,0.8228181181897581
19790603,1979,aitchison,party_and_territorial_without_other,12,10,2,NON_VALID_OR_NON_VOTING | OTHER_LISTS,0.9709554065884329,0.9338586417920777
19790603,1979,greenacre_weighted_lra,party_and_territorial_without_other,12,10,2,NON_VALID_OR_NON_VOTING | OTHER_LISTS,0.8396179219355987,0.8386701824294656
19790603,1979,alpha_0150,party_and_territorial_without_other,12,10,2,NON_VALID_OR_NON_VOTING | OTHER_LISTS,0.9540741423624177,0.9058527314389084
19790603,1979,greenacre_unweighted_power_0150,party_and_territorial_without_other,12,10,2,NON_VALID_OR_NON_VOTING | OTHER_LISTS,0.9966708968629133,0.9100585353021471
19790603,1979,greenacre_weighted_power_0175,party_and_territorial_without_other,12,10,2,NON_VALID_OR_NON_VOTING | OTHER_LISTS,0.8234529357177208,0.8423548151703953
19790603,1979,euclidean,party_and_territorial_without_other,12,10,2,NON_VALID_OR_NON_VOTING | OTHER_LISTS,0.717655870683313,0.8241517498450527
19830626,1983,aitchison,drop_non_valid_or_non_voting,13,12,1,NON_VALID_OR_NON_VOTING,0.9996053230113695,0.9991862986211881
19830626,1983,greenacre_weighted_lra,drop_non_valid_or_non_voting,13,12,1,NON_VALID_OR_NON_VOTING,0.9825742515174994,0.9811463940429493
19830626,1983,alpha_0150,drop_non_valid_or_non_voting,13,12,1,NON_VALID_OR_NON_VOTING,0.9992285177388978,0.9979086197755066
19830626,1983,greenacre_unweighted_power_0150,drop_non_valid_or_non_voting,13,12,1,NON_VALID_OR_NON_VOTING,0.9998628165198731,0.99864852296111
19830626,1983,greenacre_weighted_power_0175,drop_non_valid_or_non_voting,13,12,1,NON_VALID_OR_NON_VOTING,0.9848918874355079,0.9841814624801084
19830626,1983,euclidean,drop_non_valid_or_non_voting,13,12,1,NON_VALID_OR_NON_VOTING,0.9590460325443831,0.9182793470205399
19830626,1983,aitchison,drop_other_lists,13,12,1,OTHER_LISTS,0.9319497174828677,0.9197647725343242
19830626,1983,greenacre_weighted_lra,drop_other_lists,13,12,1,OTHER_LISTS,0.9376143596108486,0.9463038841260194
19830626,1983,alpha_0150,drop_other_lists,13,12,1,OTHER_LISTS,0.90920520803523,0.9147913554437143
19830626,1983,greenacre_unweighted_power_0150,drop_other_lists,13,12,1,OTHER_LISTS,0.9695516967625225,0.9233983181604497
19830626,1983,greenacre_weighted_power_0175,drop_other_lists,13,12,1,OTHER_LISTS,0.9372148036591853,0.9466225166373555
19830626,1983,euclidean,drop_other_lists,13,12,1,OTHER_LISTS,0.8501515998453559,0.9590252612724618
19830626,1983,aitchison,drop_territorial_lists,13,12,1,TERRITORIAL_LISTS,0.7018127961657851,0.6778465771778257
19830626,1983,greenacre_weighted_lra,drop_territorial_lists,13,12,1,TERRITORIAL_LISTS,0.8458335179793178,0.8204499328411781
19830626,1983,alpha_0150,drop_territorial_lists,13,12,1,TERRITORIAL_LISTS,0.7468894246117527,0.7191739500014805
19830626,1983,greenacre_unweighted_power_0150,drop_territorial_lists,13,12,1,TERRITORIAL_LISTS,0.40884810654453524,0.57631530352133
19830626,1983,greenacre_weighted_power_0175,drop_territorial_lists,13,12,1,TERRITORIAL_LISTS,0.8169263689013456,0.7774836607930298
19830626,1983,euclidean,drop_territorial_lists,13,12,1,TERRITORIAL_LISTS,0.9965431574911169,0.9917149231766351
19830626,1983,aitchison,autonomous_parties_only,13,10,3,NON_VALID_OR_NON_VOTING | OTHER_LISTS | TERRITORIAL_LISTS,0.614787625087614,0.5639327062508452
19830626,1983,greenacre_weighted_lra,autonomous_parties_only,13,10,3,NON_VALID_OR_NON_VOTING | OTHER_LISTS | TERRITORIAL_LISTS,0.7573714981268257,0.7523661695050281
19830626,1983,alpha_0150,autonomous_parties_only,13,10,3,NON_VALID_OR_NON_VOTING | OTHER_LISTS | TERRITORIAL_LISTS,0.649166657479102,0.6170777080509908
19830626,1983,greenacre_unweighted_power_0150,autonomous_parties_only,13,10,3,NON_VALID_OR_NON_VOTING | OTHER_LISTS | TERRITORIAL_LISTS,0.3646293859856546,0.4771497693107047
19830626,1983,greenacre_weighted_power_0175,autonomous_parties_only,13,10,3,NON_VALID_OR_NON_VOTING | OTHER_LISTS | TERRITORIAL_LISTS,0.7306068558151166,0.7174327913223467
19830626,1983,euclidean,autonomous_parties_only,13,10,3,NON_VALID_OR_NON_VOTING | OTHER_LISTS | TERRITORIAL_LISTS,0.7447905686704861,0.8477756869337222
19830626,1983,aitchison,party_and_territorial_without_other,13,11,2,NON_VALID_OR_NON_VOTING | OTHER_LISTS,0.9324823481683392,0.9209110817282342
19830626,1983,greenacre_weighted_lra,party_and_territorial_without_other,13,11,2,NON_VALID_OR_NON_VOTING | OTHER_LISTS,0.9208968307621707,0.9300923738453144
19830626,1983,alpha_0150,party_and_territorial_without_other,13,11,2,NON_VALID_OR_NON_VOTING | OTHER_LISTS,0.909008438196779,0.9134914130903017
19830626,1983,greenacre_unweighted_power_0150,party_and_territorial_without_other,13,11,2,NON_VALID_OR_NON_VOTING | OTHER_LISTS,0.9694944034330334,0.9229432563877349
19830626,1983,greenacre_weighted_power_0175,party_and_territorial_without_other,13,11,2,NON_VALID_OR_NON_VOTING | OTHER_LISTS,0.9229760450584494,0.9333127951683075
19830626,1983,euclidean,party_and_territorial_without_other,13,11,2,NON_VALID_OR_NON_VOTING | OTHER_LISTS,0.7813199208561664,0.8733075808307051
19870614,1987,aitchison,drop_non_valid_or_non_voting,13,12,1,NON_VALID_OR_NON_VOTING,0.9969572696181284,0.9916901671152376
19870614,1987,greenacre_weighted_lra,drop_non_valid_or_non_voting,13,12,1,NON_VALID_OR_NON_VOTING,0.9630666463507693,0.9428257435602204
19870614,1987,alpha_0150,drop_non_valid_or_non_voting,13,12,1,NON_VALID_OR_NON_VOTING,0.9937213365493315,0.9748731863886075
19870614,1987,greenacre_unweighted_power_0150,drop_non_valid_or_non_voting,13,12,1,NON_VALID_OR_NON_VOTING,0.996288325221685,0.9840720593017663
19870614,1987,greenacre_weighted_power_0175,drop_non_valid_or_non_voting,13,12,1,NON_VALID_OR_NON_VOTING,0.9593611017371388,0.9386500201643888
19870614,1987,euclidean,drop_non_valid_or_non_voting,13,12,1,NON_VALID_OR_NON_VOTING,0.9344441371209032,0.8710747215528146
19870614,1987,aitchison,drop_other_lists,13,12,1,OTHER_LISTS,0.8662430065889574,0.7166584965638887
19870614,1987,greenacre_weighted_lra,drop_other_lists,13,12,1,OTHER_LISTS,0.9513004880711289,0.939606106669587
19870614,1987,alpha_0150,drop_other_lists,13,12,1,OTHER_LISTS,0.9294622281529594,0.847966292369166
19870614,1987,greenacre_unweighted_power_0150,drop_other_lists,13,12,1,OTHER_LISTS,0.9088063680904059,0.7932125504919062
19870614,1987,greenacre_weighted_power_0175,drop_other_lists,13,12,1,OTHER_LISTS,0.9639280872318627,0.9641958127043818
19870614,1987,euclidean,drop_other_lists,13,12,1,OTHER_LISTS,0.9053623782978621,0.9960482117809846
19870614,1987,aitchison,drop_territorial_lists,13,12,1,TERRITORIAL_LISTS,0.9669961780717041,0.93411527149134
19870614,1987,greenacre_weighted_lra,drop_territorial_lists,13,12,1,TERRITORIAL_LISTS,0.9829530920138768,0.9766867477010548
19870614,1987,alpha_0150,drop_territorial_lists,13,12,1,TERRITORIAL_LISTS,0.9800785277205666,0.9327363468397215
19870614,1987,greenacre_unweighted_power_0150,drop_territorial_lists,13,12,1,TERRITORIAL_LISTS,0.978331403130832,0.9258056655251873
19870614,1987,greenacre_weighted_power_0175,drop_territorial_lists,13,12,1,TERRITORIAL_LISTS,0.9844146568970112,0.9793158357676681
19870614,1987,euclidean,drop_territorial_lists,13,12,1,TERRITORIAL_LISTS,0.9942781943498267,0.9865727472240884
19870614,1987,aitchison,autonomous_parties_only,13,10,3,NON_VALID_OR_NON_VOTING | OTHER_LISTS | TERRITORIAL_LISTS,0.8322474087718913,0.6297359208461601
19870614,1987,greenacre_weighted_lra,autonomous_parties_only,13,10,3,NON_VALID_OR_NON_VOTING | OTHER_LISTS | TERRITORIAL_LISTS,0.9034638071722583,0.8691899153166974
19870614,1987,alpha_0150,autonomous_parties_only,13,10,3,NON_VALID_OR_NON_VOTING | OTHER_LISTS | TERRITORIAL_LISTS,0.9054846428878464,0.768045843836898
19870614,1987,greenacre_unweighted_power_0150,autonomous_parties_only,13,10,3,NON_VALID_OR_NON_VOTING | OTHER_LISTS | TERRITORIAL_LISTS,0.8843323576154108,0.7066666036159257
19870614,1987,greenacre_weighted_power_0175,autonomous_parties_only,13,10,3,NON_VALID_OR_NON_VOTING | OTHER_LISTS | TERRITORIAL_LISTS,0.9138796002157098,0.889263554924504
19870614,1987,euclidean,autonomous_parties_only,13,10,3,NON_VALID_OR_NON_VOTING | OTHER_LISTS | TERRITORIAL_LISTS,0.8408787800714415,0.8566666610940824
19870614,1987,aitchison,party_and_territorial_without_other,13,11,2,NON_VALID_OR_NON_VOTING | OTHER_LISTS,0.868173220098167,0.7158468721970849
19870614,1987,greenacre_weighted_lra,party_and_territorial_without_other,13,11,2,NON_VALID_OR_NON_VOTING | OTHER_LISTS,0.919260639034919,0.8911822473713185
19870614,1987,alpha_0150,party_and_territorial_without_other,13,11,2,NON_VALID_OR_NON_VOTING | OTHER_LISTS,0.9277763758761709,0.8329289948211681
19870614,1987,greenacre_unweighted_power_0150,party_and_territorial_without_other,13,11,2,NON_VALID_OR_NON_VOTING | OTHER_LISTS,0.9093570987718196,0.7862805164388772
19870614,1987,greenacre_weighted_power_0175,party_and_territorial_without_other,13,11,2,NON_VALID_OR_NON_VOTING | OTHER_LISTS,0.9287736929308387,0.910974285161869
19870614,1987,euclidean,party_and_territorial_without_other,13,11,2,NON_VALID_OR_NON_VOTING | OTHER_LISTS,0.8475137501721336,0.8696798148403746
19920405,1992,aitchison,drop_non_valid_or_non_voting,14,13,1,NON_VALID_OR_NON_VOTING,0.9991538376879336,0.9990046045629444
19920405,1992,greenacre_weighted_lra,drop_non_valid_or_non_voting,14,13,1,NON_VALID_OR_NON_VOTING,0.9933775530264489,0.9941535486850638
19920405,1992,alpha_0150,drop_non_valid_or_non_voting,14,13,1,NON_VALID_OR_NON_VOTING,0.9986296989484937,0.9986415276849308
19920405,1992,greenacre_unweighted_power_0150,drop_non_valid_or_non_voting,14,13,1,NON_VALID_OR_NON_VOTING,0.9994323177644435,0.9993292039405581
19920405,1992,greenacre_weighted_power_0175,drop_non_valid_or_non_voting,14,13,1,NON_VALID_OR_NON_VOTING,0.9922545122729566,0.9919658058261439
19920405,1992,euclidean,drop_non_valid_or_non_voting,14,13,1,NON_VALID_OR_NON_VOTING,0.9663538977082272,0.9567524908475994
19920405,1992,aitchison,drop_other_lists,14,13,1,OTHER_LISTS,0.9946928199991912,0.9949785735044347
19920405,1992,greenacre_weighted_lra,drop_other_lists,14,13,1,OTHER_LISTS,0.9946682878832926,0.9946456784726243
19920405,1992,alpha_0150,drop_other_lists,14,13,1,OTHER_LISTS,0.9928068710465662,0.9938888265765946
19920405,1992,greenacre_unweighted_power_0150,drop_other_lists,14,13,1,OTHER_LISTS,0.9954294927715427,0.9954178958013041
19920405,1992,greenacre_weighted_power_0175,drop_other_lists,14,13,1,OTHER_LISTS,0.9901771461125748,0.9902372752825408
19920405,1992,euclidean,drop_other_lists,14,13,1,OTHER_LISTS,0.8807571876015864,0.9847267710164233
19920405,1992,aitchison,drop_territorial_lists,14,13,1,TERRITORIAL_LISTS,0.9437837609162671,0.9490278027957075
19920405,1992,greenacre_weighted_lra,drop_territorial_lists,14,13,1,TERRITORIAL_LISTS,0.730188936680928,0.7261229166111716
19920405,1992,alpha_0150,drop_territorial_lists,14,13,1,TERRITORIAL_LISTS,0.9520903172071725,0.953930190879987
19920405,1992,greenacre_unweighted_power_0150,drop_territorial_lists,14,13,1,TERRITORIAL_LISTS,0.9721514359655128,0.9615694923624528
19920405,1992,greenacre_weighted_power_0175,drop_territorial_lists,14,13,1,TERRITORIAL_LISTS,0.7719453417375824,0.7553461278438157
19920405,1992,euclidean,drop_territorial_lists,14,13,1,TERRITORIAL_LISTS,0.8502280456754678,0.7666441161278986
19920405,1992,aitchison,autonomous_parties_only,14,11,3,NON_VALID_OR_NON_VOTING | OTHER_LISTS | TERRITORIAL_LISTS,0.9237925000678214,0.9339189117648
19920405,1992,greenacre_weighted_lra,autonomous_parties_only,14,11,3,NON_VALID_OR_NON_VOTING | OTHER_LISTS | TERRITORIAL_LISTS,0.6306865786696078,0.6334076582181671
19920405,1992,alpha_0150,autonomous_parties_only,14,11,3,NON_VALID_OR_NON_VOTING | OTHER_LISTS | TERRITORIAL_LISTS,0.9317073059290927,0.9381543427456239
19920405,1992,greenacre_unweighted_power_0150,autonomous_parties_only,14,11,3,NON_VALID_OR_NON_VOTING | OTHER_LISTS | TERRITORIAL_LISTS,0.9611171938129078,0.9497016934846738
19920405,1992,greenacre_weighted_power_0175,autonomous_parties_only,14,11,3,NON_VALID_OR_NON_VOTING | OTHER_LISTS | TERRITORIAL_LISTS,0.69407786314122,0.6796761378885396
19920405,1992,euclidean,autonomous_parties_only,14,11,3,NON_VALID_OR_NON_VOTING | OTHER_LISTS | TERRITORIAL_LISTS,0.6527198027098284,0.6369435320586836
19920405,1992,aitchison,party_and_territorial_without_other,14,12,2,NON_VALID_OR_NON_VOTING | OTHER_LISTS,0.9939858460930993,0.9939779152824096
19920405,1992,greenacre_weighted_lra,party_and_territorial_without_other,14,12,2,NON_VALID_OR_NON_VOTING | OTHER_LISTS,0.9872194053655093,0.9876816412364794
19920405,1992,alpha_0150,party_and_territorial_without_other,14,12,2,NON_VALID_OR_NON_VOTING | OTHER_LISTS,0.9913751233368557,0.9925764495150521
19920405,1992,greenacre_unweighted_power_0150,party_and_territorial_without_other,14,12,2,NON_VALID_OR_NON_VOTING | OTHER_LISTS,0.994942837991679,0.9949130007104741
19920405,1992,greenacre_weighted_power_0175,party_and_territorial_without_other,14,12,2,NON_VALID_OR_NON_VOTING | OTHER_LISTS,0.9818003576655577,0.9810534453534032
19920405,1992,euclidean,party_and_territorial_without_other,14,12,2,NON_VALID_OR_NON_VOTING | OTHER_LISTS,0.8502326731902621,0.9442776500133013
19940327,1994,aitchison,drop_non_valid_or_non_voting,14,13,1,NON_VALID_OR_NON_VOTING,0.9997564224516062,0.9995574788400504
19940327,1994,greenacre_weighted_lra,drop_non_valid_or_non_voting,14,13,1,NON_VALID_OR_NON_VOTING,0.9975089121828989,0.9965186942712153
19940327,1994,alpha_0150,drop_non_valid_or_non_voting,14,13,1,NON_VALID_OR_NON_VOTING,0.9995421975885911,0.9993721228209435
19940327,1994,greenacre_unweighted_power_0150,drop_non_valid_or_non_voting,14,13,1,NON_VALID_OR_NON_VOTING,0.999700455325236,0.9996504743198101
19940327,1994,greenacre_weighted_power_0175,drop_non_valid_or_non_voting,14,13,1,NON_VALID_OR_NON_VOTING,0.996987215483877,0.996075620819638
19940327,1994,euclidean,drop_non_valid_or_non_voting,14,13,1,NON_VALID_OR_NON_VOTING,0.8804247319869374,0.8570691519034208
19940327,1994,aitchison,drop_other_lists,14,13,1,OTHER_LISTS,0.9773271773835318,0.9686268321391336
19940327,1994,greenacre_weighted_lra,drop_other_lists,14,13,1,OTHER_LISTS,0.9966718599795228,0.996789321207152
19940327,1994,alpha_0150,drop_other_lists,14,13,1,OTHER_LISTS,0.9723636589739374,0.960681815864937
19940327,1994,greenacre_unweighted_power_0150,drop_other_lists,14,13,1,OTHER_LISTS,0.9702972868542084,0.9560566806843023
19940327,1994,greenacre_weighted_power_0175,drop_other_lists,14,13,1,OTHER_LISTS,0.994094780359468,0.993934913892496
19940327,1994,euclidean,drop_other_lists,14,13,1,OTHER_LISTS,0.9994197761563479,0.9994991847094252
19940327,1994,aitchison,drop_territorial_lists,14,13,1,TERRITORIAL_LISTS,0.9066142583852487,0.8793879123316809
19940327,1994,greenacre_weighted_lra,drop_territorial_lists,14,13,1,TERRITORIAL_LISTS,0.823747807913446,0.7312412768324303
19940327,1994,alpha_0150,drop_territorial_lists,14,13,1,TERRITORIAL_LISTS,0.9238070995167809,0.8975073973151707
19940327,1994,greenacre_unweighted_power_0150,drop_territorial_lists,14,13,1,TERRITORIAL_LISTS,0.9219985202143984,0.8988799028647424
19940327,1994,greenacre_weighted_power_0175,drop_territorial_lists,14,13,1,TERRITORIAL_LISTS,0.8305784873559077,0.7695868199872695
19940327,1994,euclidean,drop_territorial_lists,14,13,1,TERRITORIAL_LISTS,0.8491389804534214,0.893000540622622
19940327,1994,aitchison,autonomous_parties_only,14,11,3,NON_VALID_OR_NON_VOTING | OTHER_LISTS | TERRITORIAL_LISTS,0.8734974878642113,0.8297183268207057
19940327,1994,greenacre_weighted_lra,autonomous_parties_only,14,11,3,NON_VALID_OR_NON_VOTING | OTHER_LISTS | TERRITORIAL_LISTS,0.809857824707581,0.7115655158557715
19940327,1994,alpha_0150,autonomous_parties_only,14,11,3,NON_VALID_OR_NON_VOTING | OTHER_LISTS | TERRITORIAL_LISTS,0.8884732978670687,0.8493374980977464
19940327,1994,greenacre_unweighted_power_0150,autonomous_parties_only,14,11,3,NON_VALID_OR_NON_VOTING | OTHER_LISTS | TERRITORIAL_LISTS,0.884335481346068,0.846596814536328
19940327,1994,greenacre_weighted_power_0175,autonomous_parties_only,14,11,3,NON_VALID_OR_NON_VOTING | OTHER_LISTS | TERRITORIAL_LISTS,0.8053910060944707,0.7402269335661124
19940327,1994,euclidean,autonomous_parties_only,14,11,3,NON_VALID_OR_NON_VOTING | OTHER_LISTS | TERRITORIAL_LISTS,0.7105888921476838,0.7292724992915897
19940327,1994,aitchison,party_and_territorial_without_other,14,12,2,NON_VALID_OR_NON_VOTING | OTHER_LISTS,0.9771036398005986,0.967977150093918
19940327,1994,greenacre_weighted_lra,party_and_territorial_without_other,14,12,2,NON_VALID_OR_NON_VOTING | OTHER_LISTS,0.9941045826380862,0.9930876615632217
19940327,1994,alpha_0150,party_and_territorial_without_other,14,12,2,NON_VALID_OR_NON_VOTING | OTHER_LISTS,0.9711752016151163,0.9594618303969608
19940327,1994,greenacre_unweighted_power_0150,party_and_territorial_without_other,14,12,2,NON_VALID_OR_NON_VOTING | OTHER_LISTS,0.9688027764374941,0.9543395740548861
19940327,1994,greenacre_weighted_power_0175,party_and_territorial_without_other,14,12,2,NON_VALID_OR_NON_VOTING | OTHER_LISTS,0.990239840754259,0.9894854542396333
19940327,1994,euclidean,party_and_territorial_without_other,14,12,2,NON_VALID_OR_NON_VOTING | OTHER_LISTS,0.8705985018562281,0.8451647540269844
19960421,1996,aitchison,drop_non_valid_or_non_voting,12,11,1,NON_VALID_OR_NON_VOTING,0.9995342945795389,0.9990109719311687
19960421,1996,greenacre_weighted_lra,drop_non_valid_or_non_voting,12,11,1,NON_VALID_OR_NON_VOTING,0.9934961336581173,0.9918069607799551
19960421,1996,alpha_0150,drop_non_valid_or_non_voting,12,11,1,NON_VALID_OR_NON_VOTING,0.9990213024375698,0.9978627691261766
19960421,1996,greenacre_unweighted_power_0150,drop_non_valid_or_non_voting,12,11,1,NON_VALID_OR_NON_VOTING,0.9995026902349089,0.9987173638983033
19960421,1996,greenacre_weighted_power_0175,drop_non_valid_or_non_voting,12,11,1,NON_VALID_OR_NON_VOTING,0.9903445690654243,0.9897236217878723
19960421,1996,euclidean,drop_non_valid_or_non_voting,12,11,1,NON_VALID_OR_NON_VOTING,0.8225358001035161,0.8269118920776374
19960421,1996,aitchison,drop_other_lists,12,11,1,OTHER_LISTS,0.9790189268669475,0.9725379401666706
19960421,1996,greenacre_weighted_lra,drop_other_lists,12,11,1,OTHER_LISTS,0.9958794471442858,0.9938107069033224
19960421,1996,alpha_0150,drop_other_lists,12,11,1,OTHER_LISTS,0.9670993784280558,0.9586047205116002
19960421,1996,greenacre_unweighted_power_0150,drop_other_lists,12,11,1,OTHER_LISTS,0.9685695352511963,0.9652469320132204
19960421,1996,greenacre_weighted_power_0175,drop_other_lists,12,11,1,OTHER_LISTS,0.9926820024040549,0.9894377334439562
19960421,1996,euclidean,drop_other_lists,12,11,1,OTHER_LISTS,0.9997916558129512,0.9998111744726345
19960421,1996,aitchison,drop_territorial_lists,12,11,1,TERRITORIAL_LISTS,0.7779154755371379,0.7714769598899592
19960421,1996,greenacre_weighted_lra,drop_territorial_lists,12,11,1,TERRITORIAL_LISTS,0.4187056259416473,0.5080938761356365
19960421,1996,alpha_0150,drop_territorial_lists,12,11,1,TERRITORIAL_LISTS,0.809479481611497,0.7980463375780932
19960421,1996,greenacre_unweighted_power_0150,drop_territorial_lists,12,11,1,TERRITORIAL_LISTS,0.8300934632050098,0.8155900827705161
19960421,1996,greenacre_weighted_power_0175,drop_territorial_lists,12,11,1,TERRITORIAL_LISTS,0.5615638799602012,0.6110007262976083
19960421,1996,euclidean,drop_territorial_lists,12,11,1,TERRITORIAL_LISTS,0.7770643877913137,0.787398415339267
19960421,1996,aitchison,autonomous_parties_only,12,9,3,NON_VALID_OR_NON_VOTING | OTHER_LISTS | TERRITORIAL_LISTS,0.7380899554740102,0.7122996254799209
19960421,1996,greenacre_weighted_lra,autonomous_parties_only,12,9,3,NON_VALID_OR_NON_VOTING | OTHER_LISTS | TERRITORIAL_LISTS,0.3862212510298127,0.47021847150725593
19960421,1996,alpha_0150,autonomous_parties_only,12,9,3,NON_VALID_OR_NON_VOTING | OTHER_LISTS | TERRITORIAL_LISTS,0.7649904809702631,0.7277028628821226
19960421,1996,greenacre_unweighted_power_0150,autonomous_parties_only,12,9,3,NON_VALID_OR_NON_VOTING | OTHER_LISTS | TERRITORIAL_LISTS,0.7868966576298386,0.747873908434712
19960421,1996,greenacre_weighted_power_0175,autonomous_parties_only,12,9,3,NON_VALID_OR_NON_VOTING | OTHER_LISTS | TERRITORIAL_LISTS,0.5162349548553069,0.5659415305049463
19960421,1996,euclidean,autonomous_parties_only,12,9,3,NON_VALID_OR_NON_VOTING | OTHER_LISTS | TERRITORIAL_LISTS,0.5766256621501147,0.5931181135672053
19960421,1996,aitchison,party_and_territorial_without_other,12,10,2,NON_VALID_OR_NON_VOTING | OTHER_LISTS,0.9789935241891835,0.9720267047233943
19960421,1996,greenacre_weighted_lra,party_and_territorial_without_other,12,10,2,NON_VALID_OR_NON_VOTING | OTHER_LISTS,0.9902496919910366,0.9866841914166108
19960421,1996,alpha_0150,party_and_territorial_without_other,12,10,2,NON_VALID_OR_NON_VOTING | OTHER_LISTS,0.9660467398122008,0.9564187299879539
19960421,1996,greenacre_unweighted_power_0150,party_and_territorial_without_other,12,10,2,NON_VALID_OR_NON_VOTING | OTHER_LISTS,0.9675956960791822,0.9635880451514115
19960421,1996,greenacre_weighted_power_0175,party_and_territorial_without_other,12,10,2,NON_VALID_OR_NON_VOTING | OTHER_LISTS,0.9832527412551234,0.9790113085561186
19960421,1996,euclidean,party_and_territorial_without_other,12,10,2,NON_VALID_OR_NON_VOTING | OTHER_LISTS,0.8209292784407025,0.8246241716921545
20010513,2001,aitchison,drop_non_valid_or_non_voting,14,13,1,NON_VALID_OR_NON_VOTING,0.9997794314728555,0.9996547471993246
20010513,2001,greenacre_weighted_lra,drop_non_valid_or_non_voting,14,13,1,NON_VALID_OR_NON_VOTING,0.9929403402457533,0.9909306444171089
20010513,2001,alpha_0150,drop_non_valid_or_non_voting,14,13,1,NON_VALID_OR_NON_VOTING,0.9994350323945279,0.9988799362166952
20010513,2001,greenacre_unweighted_power_0150,drop_non_valid_or_non_voting,14,13,1,NON_VALID_OR_NON_VOTING,0.9997923459270899,0.9995302142104786
20010513,2001,greenacre_weighted_power_0175,drop_non_valid_or_non_voting,14,13,1,NON_VALID_OR_NON_VOTING,0.9909463840168218,0.9891837967582185
20010513,2001,euclidean,drop_non_valid_or_non_voting,14,13,1,NON_VALID_OR_NON_VOTING,0.8338544676385425,0.7867774308042842
20010513,2001,aitchison,drop_other_lists,14,13,1,OTHER_LISTS,0.9885150316027363,0.9776097457965475
20010513,2001,greenacre_weighted_lra,drop_other_lists,14,13,1,OTHER_LISTS,0.9978840210958254,0.9963967443528181
20010513,2001,alpha_0150,drop_other_lists,14,13,1,OTHER_LISTS,0.9958736794625047,0.989618365113691
20010513,2001,greenacre_unweighted_power_0150,drop_other_lists,14,13,1,OTHER_LISTS,0.9966379542112751,0.9899960773020647
20010513,2001,greenacre_weighted_power_0175,drop_other_lists,14,13,1,OTHER_LISTS,0.9984195374857894,0.9978601511023244
20010513,2001,euclidean,drop_other_lists,14,13,1,OTHER_LISTS,0.9997497952816587,0.9997602131065291
20010513,2001,aitchison,drop_territorial_lists,14,13,1,TERRITORIAL_LISTS,0.4682311091715954,0.4772896802652937
20010513,2001,greenacre_weighted_lra,drop_territorial_lists,14,13,1,TERRITORIAL_LISTS,0.46817117691790894,0.4996303601678846
20010513,2001,alpha_0150,drop_territorial_lists,14,13,1,TERRITORIAL_LISTS,0.4962938621036841,0.49520934339458383
20010513,2001,greenacre_unweighted_power_0150,drop_territorial_lists,14,13,1,TERRITORIAL_LISTS,0.43583004957570287,0.4561328598170224
20010513,2001,greenacre_weighted_power_0175,drop_territorial_lists,14,13,1,TERRITORIAL_LISTS,0.5412734615022938,0.5569510716470877
20010513,2001,euclidean,drop_territorial_lists,14,13,1,TERRITORIAL_LISTS,0.8843967470283148,0.9586268931544077
20010513,2001,aitchison,autonomous_parties_only,14,11,3,NON_VALID_OR_NON_VOTING | OTHER_LISTS | TERRITORIAL_LISTS,0.4382177438026852,0.4709315710722216
20010513,2001,greenacre_weighted_lra,autonomous_parties_only,14,11,3,NON_VALID_OR_NON_VOTING | OTHER_LISTS | TERRITORIAL_LISTS,0.41612600219247853,0.46636220523064564
20010513,2001,alpha_0150,autonomous_parties_only,14,11,3,NON_VALID_OR_NON_VOTING | OTHER_LISTS | TERRITORIAL_LISTS,0.47585915621886615,0.4951011873286146
20010513,2001,greenacre_unweighted_power_0150,autonomous_parties_only,14,11,3,NON_VALID_OR_NON_VOTING | OTHER_LISTS | TERRITORIAL_LISTS,0.41852117481053996,0.46448572939324384
20010513,2001,greenacre_weighted_power_0175,autonomous_parties_only,14,11,3,NON_VALID_OR_NON_VOTING | OTHER_LISTS | TERRITORIAL_LISTS,0.4887532092389686,0.5194001281841574
20010513,2001,euclidean,autonomous_parties_only,14,11,3,NON_VALID_OR_NON_VOTING | OTHER_LISTS | TERRITORIAL_LISTS,0.7021685827961076,0.7309140686218992
20010513,2001,aitchison,party_and_territorial_without_other,14,12,2,NON_VALID_OR_NON_VOTING | OTHER_LISTS,0.9882536381796393,0.9773569969695045
20010513,2001,greenacre_weighted_lra,party_and_territorial_without_other,14,12,2,NON_VALID_OR_NON_VOTING | OTHER_LISTS,0.9908601077748476,0.987708066566596
20010513,2001,alpha_0150,party_and_territorial_without_other,14,12,2,NON_VALID_OR_NON_VOTING | OTHER_LISTS,0.9952878757847391,0.988552473744523
20010513,2001,greenacre_unweighted_power_0150,party_and_territorial_without_other,14,12,2,NON_VALID_OR_NON_VOTING | OTHER_LISTS,0.9964121163709929,0.9895552736632415
20010513,2001,greenacre_weighted_power_0175,party_and_territorial_without_other,14,12,2,NON_VALID_OR_NON_VOTING | OTHER_LISTS,0.9892449197684617,0.9869863901883826
20010513,2001,euclidean,party_and_territorial_without_other,14,12,2,NON_VALID_OR_NON_VOTING | OTHER_LISTS,0.8290812710421345,0.7767966499053794
20060409,2006,aitchison,drop_non_valid_or_non_voting,13,12,1,NON_VALID_OR_NON_VOTING,0.9995709160848922,0.9994517376225717
20060409,2006,greenacre_weighted_lra,drop_non_valid_or_non_voting,13,12,1,NON_VALID_OR_NON_VOTING,0.985211733925362,0.9818698294407524
20060409,2006,alpha_0150,drop_non_valid_or_non_voting,13,12,1,NON_VALID_OR_NON_VOTING,0.998271169697607,0.9977069376621778
20060409,2006,greenacre_unweighted_power_0150,drop_non_valid_or_non_voting,13,12,1,NON_VALID_OR_NON_VOTING,0.9991427657887493,0.9988624927276121
20060409,2006,greenacre_weighted_power_0175,drop_non_valid_or_non_voting,13,12,1,NON_VALID_OR_NON_VOTING,0.9814611612621045,0.9774364595636821
20060409,2006,euclidean,drop_non_valid_or_non_voting,13,12,1,NON_VALID_OR_NON_VOTING,0.938512251010938,0.894106697755663
20060409,2006,aitchison,drop_other_lists,13,12,1,OTHER_LISTS,0.9981000655102705,0.9975865451198314
20060409,2006,greenacre_weighted_lra,drop_other_lists,13,12,1,OTHER_LISTS,0.9982185407831389,0.9977474038162808
20060409,2006,alpha_0150,drop_other_lists,13,12,1,OTHER_LISTS,0.9971442041939271,0.996252413951156
20060409,2006,greenacre_unweighted_power_0150,drop_other_lists,13,12,1,OTHER_LISTS,0.9976582145291453,0.9969078042631656
20060409,2006,greenacre_weighted_power_0175,drop_other_lists,13,12,1,OTHER_LISTS,0.9973185213806395,0.9966413709001163
20060409,2006,euclidean,drop_other_lists,13,12,1,OTHER_LISTS,0.9990091379121026,0.9980761971149236
20060409,2006,aitchison,drop_territorial_lists,13,12,1,TERRITORIAL_LISTS,0.7359926705941305,0.7568905613174947
20060409,2006,greenacre_weighted_lra,drop_territorial_lists,13,12,1,TERRITORIAL_LISTS,0.5899505244511272,0.6324150407411546
20060409,2006,alpha_0150,drop_territorial_lists,13,12,1,TERRITORIAL_LISTS,0.7172136138216014,0.733366701463105
20060409,2006,greenacre_unweighted_power_0150,drop_territorial_lists,13,12,1,TERRITORIAL_LISTS,0.7330333614737956,0.7476253789430253
20060409,2006,greenacre_weighted_power_0175,drop_territorial_lists,13,12,1,TERRITORIAL_LISTS,0.6595319779168791,0.6877531174653418
20060409,2006,euclidean,drop_territorial_lists,13,12,1,TERRITORIAL_LISTS,0.7788014300454696,0.9078984099489926
20060409,2006,aitchison,autonomous_parties_only,13,10,3,NON_VALID_OR_NON_VOTING | OTHER_LISTS | TERRITORIAL_LISTS,0.7435963563307965,0.7616356085356193
20060409,2006,greenacre_weighted_lra,autonomous_parties_only,13,10,3,NON_VALID_OR_NON_VOTING | OTHER_LISTS | TERRITORIAL_LISTS,0.6265704602773168,0.6582869609998134
20060409,2006,alpha_0150,autonomous_parties_only,13,10,3,NON_VALID_OR_NON_VOTING | OTHER_LISTS | TERRITORIAL_LISTS,0.7335138665377637,0.7469467252609836
20060409,2006,greenacre_unweighted_power_0150,autonomous_parties_only,13,10,3,NON_VALID_OR_NON_VOTING | OTHER_LISTS | TERRITORIAL_LISTS,0.7432333555094318,0.755951191869389
20060409,2006,greenacre_weighted_power_0175,autonomous_parties_only,13,10,3,NON_VALID_OR_NON_VOTING | OTHER_LISTS | TERRITORIAL_LISTS,0.6787957278019564,0.6979731976507751
20060409,2006,euclidean,autonomous_parties_only,13,10,3,NON_VALID_OR_NON_VOTING | OTHER_LISTS | TERRITORIAL_LISTS,0.6829309178676525,0.7657692547875109
20060409,2006,aitchison,party_and_territorial_without_other,13,11,2,NON_VALID_OR_NON_VOTING | OTHER_LISTS,0.9973777817090224,0.9967705569389612
20060409,2006,greenacre_weighted_lra,party_and_territorial_without_other,13,11,2,NON_VALID_OR_NON_VOTING | OTHER_LISTS,0.9782616067364238,0.9735439090083029
20060409,2006,alpha_0150,party_and_territorial_without_other,13,11,2,NON_VALID_OR_NON_VOTING | OTHER_LISTS,0.994478446210435,0.9930530017125505
20060409,2006,greenacre_unweighted_power_0150,party_and_territorial_without_other,13,11,2,NON_VALID_OR_NON_VOTING | OTHER_LISTS,0.9964051383559431,0.9954279321628495
20060409,2006,greenacre_weighted_power_0175,party_and_territorial_without_other,13,11,2,NON_VALID_OR_NON_VOTING | OTHER_LISTS,0.9718316261821229,0.966227054414372
20060409,2006,euclidean,party_and_territorial_without_other,13,11,2,NON_VALID_OR_NON_VOTING | OTHER_LISTS,0.9228925571531273,0.8652958293878085
20080413,2008,aitchison,drop_non_valid_or_non_voting,9,8,1,NON_VALID_OR_NON_VOTING,0.9969975872739872,0.9950174366063265
20080413,2008,greenacre_weighted_lra,drop_non_valid_or_non_voting,9,8,1,NON_VALID_OR_NON_VOTING,0.9880492696501908,0.982014166108961
20080413,2008,alpha_0150,drop_non_valid_or_non_voting,9,8,1,NON_VALID_OR_NON_VOTING,0.99379796164229806,0.9902223567242809
20080413,2008,greenacre_unweighted_power_0150,drop_non_valid_or_non_voting,9,8,1,NON_VALID_OR_NON_VOTING,0.99550776682581,0.992733835430713
20080413,2008,greenacre_weighted_power_0175,drop_non_valid_or_non_voting,9,8,1,NON_VALID_OR_NON_VOTING,0.9840399270613241,0.9778384175773153
20080413,2008,euclidean,drop_non_valid_or_non_voting,9,8,1,NON_VALID_OR_NON_VOTING,0.9479878338367372,0.9230314002376011
20080413,2008,aitchison,drop_other_lists,9,8,1,OTHER_LISTS,0.9987071594724664,0.9983141363519867
20080413,2008,greenacre_weighted_lra,drop_other_lists,9,8,1,OTHER_LISTS,0.9997958642973989,0.9997426907285888
20080413,2008,alpha_0150,drop_other_lists,9,8,1,OTHER_LISTS,0.9989464998595762,0.9986979828626849
20080413,2008,greenacre_unweighted_power_0150,drop_other_lists,9,8,1,OTHER_LISTS,0.9987657154489258,0.998482245581941
20080413,2008,greenacre_weighted_power_0175,drop_other_lists,9,8,1,OTHER_LISTS,0.9997246012254781,0.9996804647578331
20080413,2008,euclidean,drop_other_lists,9,8,1,OTHER_LISTS,0.9998261563737062,0.9998499085532975
20080413,2008,aitchison,drop_territorial_lists,9,8,1,TERRITORIAL_LISTS,0.23869054603245005,0.2977847047377695
20080413,2008,greenacre_weighted_lra,drop_territorial_lists,9,8,1,TERRITORIAL_LISTS,0.22310617492983426,0.29963734750643817
20080413,2008,alpha_0150,drop_territorial_lists,9,8,1,TERRITORIAL_LISTS,0.2721739488311288,0.3184253856827655
20080413,2008,greenacre_unweighted_power_0150,drop_territorial_lists,9,8,1,TERRITORIAL_LISTS,0.2710479249590039,0.31141462667770503
20080413,2008,greenacre_weighted_power_0175,drop_territorial_lists,9,8,1,TERRITORIAL_LISTS,0.29691569106905735,0.35133742190628947
20080413,2008,euclidean,drop_territorial_lists,9,8,1,TERRITORIAL_LISTS,0.5906066369127031,0.6279460489592756
20080413,2008,aitchison,autonomous_parties_only,9,6,3,NON_VALID_OR_NON_VOTING | OTHER_LISTS | TERRITORIAL_LISTS,0.2400222786342761,0.295895931429605
20080413,2008,greenacre_weighted_lra,autonomous_parties_only,9,6,3,NON_VALID_OR_NON_VOTING | OTHER_LISTS | TERRITORIAL_LISTS,0.18916698286196112,0.25078407290347526
20080413,2008,alpha_0150,autonomous_parties_only,9,6,3,NON_VALID_OR_NON_VOTING | OTHER_LISTS | TERRITORIAL_LISTS,0.26343766070845465,0.2992365749145092
20080413,2008,greenacre_unweighted_power_0150,autonomous_parties_only,9,6,3,NON_VALID_OR_NON_VOTING | OTHER_LISTS | TERRITORIAL_LISTS,0.2661306862744697,0.2991759559647776
20080413,2008,greenacre_weighted_power_0175,autonomous_parties_only,9,6,3,NON_VALID_OR_NON_VOTING | OTHER_LISTS | TERRITORIAL_LISTS,0.2515647969866985,0.29304079963255036
20080413,2008,euclidean,autonomous_parties_only,9,6,3,NON_VALID_OR_NON_VOTING | OTHER_LISTS | TERRITORIAL_LISTS,0.469362438285215,0.4958893906173004
20080413,2008,aitchison,party_and_territorial_without_other,9,7,2,NON_VALID_OR_NON_VOTING | OTHER_LISTS,0.995773868699841,0.9935079176139897
20080413,2008,greenacre_weighted_lra,party_and_territorial_without_other,9,7,2,NON_VALID_OR_NON_VOTING | OTHER_LISTS,0.9877466233451211,0.9816460274628629
20080413,2008,alpha_0150,party_and_territorial_without_other,9,7,2,NON_VALID_OR_NON_VOTING | OTHER_LISTS,0.9928061581925022,0.9890489211825909
20080413,2008,greenacre_unweighted_power_0150,party_and_territorial_without_other,9,7,2,NON_VALID_OR_NON_VOTING | OTHER_LISTS,0.994362191758478,0.9913969177377142
20080413,2008,greenacre_weighted_power_0175,party_and_territorial_without_other,9,7,2,NON_VALID_OR_NON_VOTING | OTHER_LISTS,0.9836557698410728,0.9774111212704905
20080413,2008,euclidean,party_and_territorial_without_other,9,7,2,NON_VALID_OR_NON_VOTING | OTHER_LISTS,0.9473594231191863,0.922509520786658
20130224,2013,aitchison,drop_non_valid_or_non_voting,12,11,1,NON_VALID_OR_NON_VOTING,0.9993718831832932,0.9987528140301108
20130224,2013,greenacre_weighted_lra,drop_non_valid_or_non_voting,12,11,1,NON_VALID_OR_NON_VOTING,0.9741885919632581,0.9626287716199432
20130224,2013,alpha_0150,drop_non_valid_or_non_voting,12,11,1,NON_VALID_OR_NON_VOTING,0.9980103868127123,0.9951080208582669
20130224,2013,greenacre_unweighted_power_0150,drop_non_valid_or_non_voting,12,11,1,NON_VALID_OR_NON_VOTING,0.9990133443948213,0.9975194790774787
20130224,2013,greenacre_weighted_power_0175,drop_non_valid_or_non_voting,12,11,1,NON_VALID_OR_NON_VOTING,0.9709625221798587,0.9576843078539179
20130224,2013,euclidean,drop_non_valid_or_non_voting,12,11,1,NON_VALID_OR_NON_VOTING,0.8831334132552636,0.7984092887770361
20130224,2013,aitchison,drop_other_lists,12,11,1,OTHER_LISTS,0.9963191650380581,0.9940903041219961
20130224,2013,greenacre_weighted_lra,drop_other_lists,12,11,1,OTHER_LISTS,0.9980916365357431,0.9973241009009984
20130224,2013,alpha_0150,drop_other_lists,12,11,1,OTHER_LISTS,0.9971613340401451,0.9938197725071934
20130224,2013,greenacre_unweighted_power_0150,drop_other_lists,12,11,1,OTHER_LISTS,0.9971661326693853,0.9938425661647549
20130224,2013,greenacre_weighted_power_0175,drop_other_lists,12,11,1,OTHER_LISTS,0.9978668183378313,0.9969209741068231
20130224,2013,euclidean,drop_other_lists,12,11,1,OTHER_LISTS,0.9996038604390903,0.9995181622490804
20130224,2013,aitchison,drop_territorial_lists,12,11,1,TERRITORIAL_LISTS,0.8578875820959921,0.7841577657435748
20130224,2013,greenacre_weighted_lra,drop_territorial_lists,12,11,1,TERRITORIAL_LISTS,0.7404954599119119,0.7067938745285458
20130224,2013,alpha_0150,drop_territorial_lists,12,11,1,TERRITORIAL_LISTS,0.8876351114896905,0.7853304362791994
20130224,2013,greenacre_unweighted_power_0150,drop_territorial_lists,12,11,1,TERRITORIAL_LISTS,0.8945102991782731,0.7929760629351434
20130224,2013,greenacre_weighted_power_0175,drop_territorial_lists,12,11,1,TERRITORIAL_LISTS,0.7992010614530258,0.7642291496870965
20130224,2013,euclidean,drop_territorial_lists,12,11,1,TERRITORIAL_LISTS,0.7901301363942025,0.9161795780488208
20130224,2013,aitchison,autonomous_parties_only,12,9,3,NON_VALID_OR_NON_VOTING | OTHER_LISTS | TERRITORIAL_LISTS,0.8514231882972483,0.7676265032589389
20130224,2013,greenacre_weighted_lra,autonomous_parties_only,12,9,3,NON_VALID_OR_NON_VOTING | OTHER_LISTS | TERRITORIAL_LISTS,0.7409718989223094,0.6922903774916966
20130224,2013,alpha_0150,autonomous_parties_only,12,9,3,NON_VALID_OR_NON_VOTING | OTHER_LISTS | TERRITORIAL_LISTS,0.8832022647047459,0.7720322772846432
20130224,2013,greenacre_unweighted_power_0150,autonomous_parties_only,12,9,3,NON_VALID_OR_NON_VOTING | OTHER_LISTS | TERRITORIAL_LISTS,0.8892637228421507,0.7766759230775937
20130224,2013,greenacre_weighted_power_0175,autonomous_parties_only,12,9,3,NON_VALID_OR_NON_VOTING | OTHER_LISTS | TERRITORIAL_LISTS,0.7958661068097728,0.7424792519329388
20130224,2013,euclidean,autonomous_parties_only,12,9,3,NON_VALID_OR_NON_VOTING | OTHER_LISTS | TERRITORIAL_LISTS,0.6399575550833813,0.7065854541370709
20130224,2013,aitchison,party_and_territorial_without_other,12,10,2,NON_VALID_OR_NON_VOTING | OTHER_LISTS,0.9948748101465421,0.9916388102604224
20130224,2013,greenacre_weighted_lra,party_and_territorial_without_other,12,10,2,NON_VALID_OR_NON_VOTING | OTHER_LISTS,0.9665027372096836,0.950772936484514
20130224,2013,alpha_0150,party_and_territorial_without_other,12,10,2,NON_VALID_OR_NON_VOTING | OTHER_LISTS,0.9938772461147413,0.9863268590817323
20130224,2013,greenacre_unweighted_power_0150,party_and_territorial_without_other,12,10,2,NON_VALID_OR_NON_VOTING | OTHER_LISTS,0.9952647606062878,0.9896774493165675
20130224,2013,greenacre_weighted_power_0175,party_and_territorial_without_other,12,10,2,NON_VALID_OR_NON_VOTING | OTHER_LISTS,0.9625018183166208,0.9443602478302984
20130224,2013,euclidean,party_and_territorial_without_other,12,10,2,NON_VALID_OR_NON_VOTING | OTHER_LISTS,0.8738214106328147,0.7776770668177124
20180304,2018,aitchison,drop_non_valid_or_non_voting,12,11,1,NON_VALID_OR_NON_VOTING,0.9997450280659282,0.9995730929849668
20180304,2018,greenacre_weighted_lra,drop_non_valid_or_non_voting,12,11,1,NON_VALID_OR_NON_VOTING,0.988565085057804,0.9902020680838508
20180304,2018,alpha_0150,drop_non_valid_or_non_voting,12,11,1,NON_VALID_OR_NON_VOTING,0.9994288579842087,0.9989847549289075
20180304,2018,greenacre_unweighted_power_0150,drop_non_valid_or_non_voting,12,11,1,NON_VALID_OR_NON_VOTING,0.9999387998688944,0.9994072730636889
20180304,2018,greenacre_weighted_power_0175,drop_non_valid_or_non_voting,12,11,1,NON_VALID_OR_NON_VOTING,0.9911955563559933,0.9915206743710826
20180304,2018,euclidean,drop_non_valid_or_non_voting,12,11,1,NON_VALID_OR_NON_VOTING,0.9742243786248362,0.9715975086781974
20180304,2018,aitchison,drop_other_lists,12,11,1,OTHER_LISTS,0.9998681311476765,0.999726956126724
20180304,2018,greenacre_weighted_lra,drop_other_lists,12,11,1,OTHER_LISTS,0.9997625809765197,0.9997042315404305
20180304,2018,alpha_0150,drop_other_lists,12,11,1,OTHER_LISTS,0.9998261040760877,0.9994276965044963
20180304,2018,greenacre_unweighted_power_0150,drop_other_lists,12,11,1,OTHER_LISTS,0.9999683778488282,0.9993998786781291
20180304,2018,greenacre_weighted_power_0175,drop_other_lists,12,11,1,OTHER_LISTS,0.9997079228910315,0.9996874477794325
20180304,2018,euclidean,drop_other_lists,12,11,1,OTHER_LISTS,0.99971196671214,0.999686140090444
20180304,2018,aitchison,drop_territorial_lists,12,11,1,TERRITORIAL_LISTS,0.2936724942408796,0.41031864265617857
20180304,2018,greenacre_weighted_lra,drop_territorial_lists,12,11,1,TERRITORIAL_LISTS,0.9496720152127509,0.9420890501693395
20180304,2018,alpha_0150,drop_territorial_lists,12,11,1,TERRITORIAL_LISTS,0.3480372325085147,0.48662142359847144
20180304,2018,greenacre_unweighted_power_0150,drop_territorial_lists,12,11,1,TERRITORIAL_LISTS,0.12875867790642775,0.39540715514956565
20180304,2018,greenacre_weighted_power_0175,drop_territorial_lists,12,11,1,TERRITORIAL_LISTS,0.9118742774800049,0.913025780698142
20180304,2018,euclidean,drop_territorial_lists,12,11,1,TERRITORIAL_LISTS,0.9923104349315689,0.999102150460598
20180304,2018,aitchison,autonomous_parties_only,12,9,3,NON_VALID_OR_NON_VOTING | OTHER_LISTS | TERRITORIAL_LISTS,0.2705167836692186,0.3965934431691495
20180304,2018,greenacre_weighted_lra,autonomous_parties_only,12,9,3,NON_VALID_OR_NON_VOTING | OTHER_LISTS | TERRITORIAL_LISTS,0.9129762507956788,0.9070383733775529
20180304,2018,alpha_0150,autonomous_parties_only,12,9,3,NON_VALID_OR_NON_VOTING | OTHER_LISTS | TERRITORIAL_LISTS,0.3183551539847661,0.46891259668394303
20180304,2018,greenacre_unweighted_power_0150,autonomous_parties_only,12,9,3,NON_VALID_OR_NON_VOTING | OTHER_LISTS | TERRITORIAL_LISTS,0.10691016725986717,0.3814945923293435
20180304,2018,greenacre_weighted_power_0175,autonomous_parties_only,12,9,3,NON_VALID_OR_NON_VOTING | OTHER_LISTS | TERRITORIAL_LISTS,0.8660711719182644,0.875657384657826
20180304,2018,euclidean,autonomous_parties_only,12,9,3,NON_VALID_OR_NON_VOTING | OTHER_LISTS | TERRITORIAL_LISTS,0.8865086459160828,0.9328924463030236
20180304,2018,aitchison,party_and_territorial_without_other,12,10,2,NON_VALID_OR_NON_VOTING | OTHER_LISTS,0.9996209056170398,0.9993061690905867
20180304,2018,greenacre_weighted_lra,party_and_territorial_without_other,12,10,2,NON_VALID_OR_NON_VOTING | OTHER_LISTS,0.9876301136565103,0.9892475624890666
20180304,2018,alpha_0150,party_and_territorial_without_other,12,10,2,NON_VALID_OR_NON_VOTING | OTHER_LISTS,0.9993029147715963,0.9984317691072745
20180304,2018,greenacre_unweighted_power_0150,party_and_territorial_without_other,12,10,2,NON_VALID_OR_NON_VOTING | OTHER_LISTS,0.999918771564003,0.9988472648804706
20180304,2018,greenacre_weighted_power_0175,party_and_territorial_without_other,12,10,2,NON_VALID_OR_NON_VOTING | OTHER_LISTS,0.9904870289958815,0.9907684770568748
20180304,2018,euclidean,party_and_territorial_without_other,12,10,2,NON_VALID_OR_NON_VOTING | OTHER_LISTS,0.9741896586498717,0.971418882512213
20220925,2022,aitchison,drop_non_valid_or_non_voting,14,13,1,NON_VALID_OR_NON_VOTING,0.9998204453047376,0.9993588096822571
20220925,2022,greenacre_weighted_lra,drop_non_valid_or_non_voting,14,13,1,NON_VALID_OR_NON_VOTING,0.9815491874187747,0.9812614554253419
20220925,2022,alpha_0150,drop_non_valid_or_non_voting,14,13,1,NON_VALID_OR_NON_VOTING,0.9994773020448655,0.9984735615411207
20220925,2022,greenacre_unweighted_power_0150,drop_non_valid_or_non_voting,14,13,1,NON_VALID_OR_NON_VOTING,0.9999437484047298,0.9990587692483408
20220925,2022,greenacre_weighted_power_0175,drop_non_valid_or_non_voting,14,13,1,NON_VALID_OR_NON_VOTING,0.9851608376368632,0.9844309689263875
20220925,2022,euclidean,drop_non_valid_or_non_voting,14,13,1,NON_VALID_OR_NON_VOTING,0.8975340877580096,0.9136030525205603
20220925,2022,aitchison,drop_other_lists,14,13,1,OTHER_LISTS,0.9964649141751938,0.9858872857748632
20220925,2022,greenacre_weighted_lra,drop_other_lists,14,13,1,OTHER_LISTS,0.9968799763695834,0.9957514722155992
20220925,2022,alpha_0150,drop_other_lists,14,13,1,OTHER_LISTS,0.9970029343012266,0.9895593121042902
20220925,2022,greenacre_unweighted_power_0150,drop_other_lists,14,13,1,OTHER_LISTS,0.9993566475933895,0.9874477227548781
20220925,2022,greenacre_weighted_power_0175,drop_other_lists,14,13,1,OTHER_LISTS,0.9966781092739733,0.9956150724069888
20220925,2022,euclidean,drop_other_lists,14,13,1,OTHER_LISTS,0.9973652248067528,0.9952971011555601
20220925,2022,aitchison,drop_territorial_lists,14,13,1,TERRITORIAL_LISTS,0.4581895054197422,0.5759123206488382
20220925,2022,greenacre_weighted_lra,drop_territorial_lists,14,13,1,TERRITORIAL_LISTS,0.869930281376124,0.8786539870136256
20220925,2022,alpha_0150,drop_territorial_lists,14,13,1,TERRITORIAL_LISTS,0.5256507072054931,0.6233548860499096
20220925,2022,greenacre_unweighted_power_0150,drop_territorial_lists,14,13,1,TERRITORIAL_LISTS,0.27010923596933173,0.5470702244785491
20220925,2022,greenacre_weighted_power_0175,drop_territorial_lists,14,13,1,TERRITORIAL_LISTS,0.8359497377373007,0.8478891530622725
20220925,2022,euclidean,drop_territorial_lists,14,13,1,TERRITORIAL_LISTS,0.9831542178558049,0.9832425496543544
20220925,2022,aitchison,autonomous_parties_only,14,11,3,NON_VALID_OR_NON_VOTING | OTHER_LISTS | TERRITORIAL_LISTS,0.439199302339396,0.5713244478852458
20220925,2022,greenacre_weighted_lra,autonomous_parties_only,14,11,3,NON_VALID_OR_NON_VOTING | OTHER_LISTS | TERRITORIAL_LISTS,0.8026807982406705,0.8338299347427686
20220925,2022,alpha_0150,autonomous_parties_only,14,11,3,NON_VALID_OR_NON_VOTING | OTHER_LISTS | TERRITORIAL_LISTS,0.4973693818700402,0.610254723743084
20220925,2022,greenacre_unweighted_power_0150,autonomous_parties_only,14,11,3,NON_VALID_OR_NON_VOTING | OTHER_LISTS | TERRITORIAL_LISTS,0.2509201140366689,0.5399640988021788
20220925,2022,greenacre_weighted_power_0175,autonomous_parties_only,14,11,3,NON_VALID_OR_NON_VOTING | OTHER_LISTS | TERRITORIAL_LISTS,0.7753231453641558,0.8127242897676064
20220925,2022,euclidean,autonomous_parties_only,14,11,3,NON_VALID_OR_NON_VOTING | OTHER_LISTS | TERRITORIAL_LISTS,0.8559702166841531,0.8844127034752943
20220925,2022,aitchison,party_and_territorial_without_other,14,12,2,NON_VALID_OR_NON_VOTING | OTHER_LISTS,0.9962985361200211,0.9850518855737838
20220925,2022,greenacre_weighted_lra,party_and_territorial_without_other,14,12,2,NON_VALID_OR_NON_VOTING | OTHER_LISTS,0.9778839598563022,0.9766300339934455
20220925,2022,alpha_0150,party_and_territorial_without_other,14,12,2,NON_VALID_OR_NON_VOTING | OTHER_LISTS,0.996587065125225,0.9883876545210858
20220925,2022,greenacre_unweighted_power_0150,party_and_territorial_without_other,14,12,2,NON_VALID_OR_NON_VOTING | OTHER_LISTS,0.9993034414397806,0.9867684773019664
20220925,2022,greenacre_weighted_power_0175,party_and_territorial_without_other,14,12,2,NON_VALID_OR_NON_VOTING | OTHER_LISTS,0.9819545749816426,0.9799646287291983
20220925,2022,euclidean,party_and_territorial_without_other,14,12,2,NON_VALID_OR_NON_VOTING | OTHER_LISTS,0.8950762753036454,0.912547017802311
