geometry,component,n_elections,mean_share_of_total_pairwise_distance,median_share_of_total_pairwise_distance,max_share_of_total_pairwise_distance
aitchison,TERRITORIAL_LISTS,16,0.4098669931296905,0.3922366309515135,0.7193955693378178
aitchison,PART.NAZ.PENS.,1,0.3124461902854227,0.3124461902854227,0.3124461902854227
aitchison,LA RETE-MOV.DEM.,2,0.2904849163266359,0.2904849163266359,0.49863341961027896
aitchison,LISTA VERDE,1,0.2549452542643621,0.2549452542643621,0.2549452542643621
aitchison,U.D.EUR POPOLARI,1,0.2532426555766025,0.2532426555766025,0.2532426555766025
aitchison,PANNELLA-SGARBI,1,0.20752491593649605,0.20752491593649605,0.20752491593649605
aitchison,FRATELLI D'ITALIA,1,0.20098478013542057,0.20098478013542057,0.20098478013542057
aitchison,P.NAZ.MON.ALL.D.LAV.,1,0.16953498125986827,0.16953498125986827,0.16953498125986827
aitchison,RINNOVAMENTO IT-DINI,1,0.15960134097769124,0.15960134097769124,0.15960134097769124
aitchison,PATTO SEGNI,1,0.14837292782275993,0.14837292782275993,0.14837292782275993
aitchison,FARE PER FERMARE IL DECLINO,1,0.11984493162989714,0.11984493162989714,0.11984493162989714
aitchison,P.NAZ.MONARCHICO,2,0.11551851481225836,0.11551851481225836,0.1450757940808049
aitchison,OTHER_LISTS,19,0.1853484710025706,0.10604368373957251,0.5609092807203979
aitchison,PDIUM,2,0.09299611072242073,0.09299611072242073,0.11798002947908075
aitchison,PRI-P.RAD.,1,0.08639671067533766,0.08639671067533766,0.08639671067533766
aitchison,ALLEANZA DEMOCRATICA,1,0.08570033333347075,0.08570033333347075,0.08570033333347075
aitchison,UNITA' SOCIALISTA,1,0.07541527404372256,0.07541527404372256,0.07541527404372256
aitchison,P.MONARCHICO POP.,1,0.07531906916120666,0.07531906916120666,0.07531906916120666
aitchison,NOI CON L'ITALIA - UDC,1,0.0741768457512547,0.0741768457512547,0.0741768457512547
aitchison,LISTA PANNELLA,2,0.07351268501646228,0.07351268501646228,0.11459635363778582
aitchison,ITALEXIT PER L'ITALIA,1,0.05947076081057644,0.05947076081057644,0.05947076081057644
aitchison,FR.DEMOCR.POPOLARE,1,0.055655743074089284,0.055655743074089284,0.055655743074089284
aitchison,LEGA,1,0.05411667816762777,0.05411667816762777,0.05411667816762777
aitchison,PSIUP,2,0.053148222871098535,0.053148222871098535,0.0864848590193323
aitchison,BLOCCO NAZIONALE,1,0.050258746246622056,0.050258746246622056,0.050258746246622056
aitchison,UNIONE DI CENTRO,3,0.039599694889833996,0.04997510624648019,0.05403908912439271
aitchison,PSDI,9,0.05107912510270783,0.048523813752416906,0.13881776197489748
aitchison,PRI,10,0.07106842538393028,0.04368017731560314,0.14332144109519776
aitchison,SINISTRA ECOLOGIA LIBERTA',1,0.042256451008401086,0.042256451008401086,0.042256451008401086
aitchison,LA DESTRA - FIAMMA TRICOLORE,1,0.04000951133643974,0.04000951133643974,0.04000951133643974
aitchison,DEMOCRAZIA EUROPEA,1,0.03996051303618436,0.03996051303618436,0.03996051303618436
aitchison,PCI,9,0.045941013423005696,0.039357002509662585,0.12051469112308075
aitchison,CCD-CDU,2,0.038196256671546185,0.038196256671546185,0.06648735966300919
aitchison,DI PIETRO ITALIA DEI VALORI,2,0.03797270997513843,0.03797270997513843,0.050965405501898556
aitchison,MOVIMENTO 5 STELLE,2,0.036602787074079116,0.036602787074079116,0.04534740476327788
aitchison,MSI,6,0.04789433166789929,0.03491549028750551,0.1233365813947411
aitchison,LA SINISTRA L'ARCOBALENO,1,0.03305391317600043,0.03305391317600043,0.03305391317600043
aitchison,PLI,10,0.041956234106457185,0.032581070181763774,0.10987921079837305
aitchison,RIVOLUZIONE CIVILE,1,0.03033608470193515,0.03033608470193515,0.03033608470193515
aitchison,POTERE AL POPOLO!,1,0.02884254374240337,0.02884254374240337,0.02884254374240337
aitchison,LEGA PER SALVINI PREMIER,1,0.026253896398123013,0.026253896398123013,0.026253896398123013
aitchison,+EUROPA,2,0.02613928996766539,0.02613928996766539,0.03022132598741421
aitchison,COMUNISTI ITALIANI,2,0.02352043802229259,0.02352043802229259,0.03391339974282387
aitchison,L'ULIVO,1,0.022460276870899857,0.022460276870899857,0.022460276870899857
aitchison,MSI-DN,5,0.027293817707971266,0.02228979344053609,0.041928356797758075
aitchison,FEDERAZIONE DEI VERDI,4,0.029298927345611608,0.021948318108687394,0.062391400304852136
aitchison,PDUP,1,0.0209059194534521,0.0209059194534521,0.0209059194534521
aitchison,DEMOCRATICI SINISTRA,1,0.020822989212294255,0.020822989212294255,0.020822989212294255
aitchison,RIFONDAZIONE COMUNISTA,5,0.026536398523713606,0.02028548449136895,0.06694967041983624
aitchison,SCELTA CIVICA CON MONTI PER L'ITALIA,1,0.0200099158538423,0.0200099158538423,0.0200099158538423
aitchison,PSU,1,0.01978076797037894,0.01978076797037894,0.01978076797037894
aitchison,ALLEANZA VERDI E SINISTRA,1,0.01943139662521734,0.01943139662521734,0.01943139662521734
aitchison,UNIONE POPOLARE CON DE MAGISTRIS,1,0.01928089635405468,0.01928089635405468,0.01928089635405468
aitchison,IL POPOLO DELLA LIBERTA',2,0.019052735256903913,0.019052735256903913,0.027537882876551175
aitchison,PSI,10,0.02209968121531072,0.018522945848356065,0.03985327254928992
aitchison,PARTITO DEMOCRATICO,3,0.02338099494200502,0.018270965318253396,0.034063190773788984
aitchison,DC,11,0.01832537077299487,0.017369464478990806,0.03758469917911773
aitchison,AZIONE - ITALIA VIVA - CALENDA,1,0.017352789645918475,0.017352789645918475,0.017352789645918475
aitchison,P.RAD,4,0.04982201620389921,0.016876966450571775,0.15544960887247158
aitchison,LIBERI E UGUALI,1,0.01654375841310915,0.01654375841310915,0.01654375841310915
aitchison,NON_VALID_OR_NON_VOTING,19,0.029302270566174068,0.01602777184896561,0.13993232450393286
aitchison,FORZA ITALIA,6,0.023823584260806493,0.014033247212012046,0.07866794501905545
aitchison,MOVIMENTO 5 STELLE BEPPEGRILLO.IT,1,0.012969551419242577,0.012969551419242577,0.012969551419242577
aitchison,PDS,3,0.01404972710961473,0.012526702039484592,0.024463749175168817
aitchison,ALLEANZA NAZIONALE,4,0.012632201387147981,0.01240112419468819,0.016084577012992412
aitchison,FRATELLI D'ITALIA CON GIORGIA MELONI,2,0.012289948593173932,0.012289948593173932,0.01264160571239291
aitchison,PARTITO DEMOCRATICO - ITALIA DEMOCRATICA E PROGRESSISTA,1,0.012190368095229536,0.012190368095229536,0.012190368095229536
aitchison,IL GIRASOLE,1,0.012168138468620847,0.012168138468620847,0.012168138468620847
aitchison,POP-SVP-PRI-UD-PRODI,1,0.012054196507501072,0.012054196507501072,0.012054196507501072
aitchison,DEM.PROL,3,0.013506439056957458,0.011723731528622959,0.02105842433137898
aitchison,LA ROSA NEL PUGNO,1,0.011618160120342022,0.011618160120342022,0.011618160120342022
aitchison,ITALIA SOVRANA E POPOLARE,1,0.009832792400351079,0.009832792400351079,0.009832792400351079
aitchison,P.POPOLARE ITALIANO,1,0.009644262323531175,0.009644262323531175,0.009644262323531175
aitchison,LISTA DI PIETRO,1,0.008707523434974015,0.008707523434974015,0.008707523434974015
aitchison,PANNELLA-BONINO,1,0.005749279099231306,0.005749279099231306,0.005749279099231306
aitchison,LA MARGHERITA,1,0.005565297915471969,0.005565297915471969,0.005565297915471969
alpha_0150,TERRITORIAL_LISTS,16,0.3823893619626599,0.37417284915906723,0.7175209900328182
alpha_0150,PART.NAZ.PENS.,1,0.3163787920072328,0.3163787920072328,0.3163787920072328
alpha_0150,LISTA VERDE,1,0.30604533329416184,0.30604533329416184,0.30604533329416184
alpha_0150,LA RETE-MOV.DEM.,2,0.2963988713753605,0.2963988713753605,0.5131229073227361
alpha_0150,PANNELLA-SGARBI,1,0.21664868096518136,0.21664868096518136,0.21664868096518136
alpha_0150,FRATELLI D'ITALIA,1,0.21627414668869735,0.21627414668869735,0.21627414668869735
alpha_0150,U.D.EUR POPOLARI,1,0.201989356921496,0.201989356921496,0.201989356921496
alpha_0150,P.NAZ.MON.ALL.D.LAV.,1,0.17396398871907245,0.17396398871907245,0.17396398871907245
alpha_0150,RINNOVAMENTO IT-DINI,1,0.15990853589851936,0.15990853589851936,0.15990853589851936
alpha_0150,PATTO SEGNI,1,0.15124487901742864,0.15124487901742864,0.15124487901742864
alpha_0150,P.NAZ.MONARCHICO,2,0.1064705409540002,0.1064705409540002,0.12586350533389523
alpha_0150,OTHER_LISTS,19,0.18409510854432745,0.0994807517393216,0.5905964787165957
alpha_0150,FR.DEMOCR.POPOLARE,1,0.08788812901530836,0.08788812901530836,0.08788812901530836
alpha_0150,ALLEANZA DEMOCRATICA,1,0.08719864857810423,0.08719864857810423,0.08719864857810423
alpha_0150,ITALEXIT PER L'ITALIA,1,0.08502613800033701,0.08502613800033701,0.08502613800033701
alpha_0150,PDIUM,2,0.08502222092666246,0.08502222092666246,0.12724636267208675
alpha_0150,FARE PER FERMARE IL DECLINO,1,0.07914067574212767,0.07914067574212767,0.07914067574212767
alpha_0150,LEGA,1,0.07401678528029026,0.07401678528029026,0.07401678528029026
alpha_0150,UNITA' SOCIALISTA,1,0.07307410409403985,0.07307410409403985,0.07307410409403985
alpha_0150,LISTA PANNELLA,2,0.07185042321394425,0.07185042321394425,0.11346961132803084
alpha_0150,PRI-P.RAD.,1,0.06508741551973071,0.06508741551973071,0.06508741551973071
alpha_0150,PCI,9,0.07173706587979206,0.06355381187647932,0.17203833783055694
alpha_0150,P.MONARCHICO POP.,1,0.05397507477765657,0.05397507477765657,0.05397507477765657
alpha_0150,MOVIMENTO 5 STELLE,2,0.052405730991636514,0.052405730991636514,0.05688474386363632
alpha_0150,NOI CON L'ITALIA - UDC,1,0.049998188046044986,0.049998188046044986,0.049998188046044986
alpha_0150,L'ULIVO,1,0.04572794392416254,0.04572794392416254,0.04572794392416254
alpha_0150,UNIONE DI CENTRO,3,0.03694496612385785,0.045039351629994534,0.046924348341043115
alpha_0150,BLOCCO NAZIONALE,1,0.041816214994126855,0.041816214994126855,0.041816214994126855
alpha_0150,CCD-CDU,2,0.04171904296902223,0.04171904296902223,0.07395900609860045
alpha_0150,PSDI,9,0.04740222321129907,0.04114723253343941,0.14665922435058898
alpha_0150,SINISTRA ECOLOGIA LIBERTA',1,0.03962346009304827,0.03962346009304827,0.03962346009304827
alpha_0150,DI PIETRO ITALIA DEI VALORI,2,0.0387650898941458,0.0387650898941458,0.05222947991527235
alpha_0150,PSIUP,2,0.03866669066018186,0.03866669066018186,0.05880508261677221
alpha_0150,PRI,10,0.056487648355455423,0.03810159504338328,0.13092939922145427
alpha_0150,PARTITO DEMOCRATICO,3,0.038881203360759536,0.03413157416050384,0.05590854624126463
alpha_0150,DEMOCRAZIA EUROPEA,1,0.03353529150187716,0.03353529150187716,0.03353529150187716
alpha_0150,MSI,6,0.047951872896714924,0.03226770411247261,0.12146958158784231
alpha_0150,NON_VALID_OR_NON_VOTING,19,0.04206660887427598,0.030857626188576064,0.15841912036481198
alpha_0150,LEGA PER SALVINI PREMIER,1,0.030467146885458898,0.030467146885458898,0.030467146885458898
alpha_0150,LA DESTRA - FIAMMA TRICOLORE,1,0.030220033426633767,0.030220033426633767,0.030220033426633767
alpha_0150,DEMOCRATICI SINISTRA,1,0.030139177833184847,0.030139177833184847,0.030139177833184847
alpha_0150,DC,11,0.03262033464241906,0.02986377938092689,0.0597995161502038
alpha_0150,IL POPOLO DELLA LIBERTA',2,0.02891099652603319,0.02891099652603319,0.04181249754726133
alpha_0150,SCELTA CIVICA CON MONTI PER L'ITALIA,1,0.02766963433655929,0.02766963433655929,0.02766963433655929
alpha_0150,PLI,10,0.0350435852066536,0.02644274586730113,0.09141848939336958
alpha_0150,LA SINISTRA L'ARCOBALENO,1,0.026121867696525077,0.026121867696525077,0.026121867696525077
alpha_0150,PSU,1,0.025983546058069906,0.025983546058069906,0.025983546058069906
alpha_0150,RIVOLUZIONE CIVILE,1,0.024337812736966558,0.024337812736966558,0.024337812736966558
alpha_0150,MSI-DN,5,0.026352399683096144,0.02277287621380342,0.037495876099951586
alpha_0150,MOVIMENTO 5 STELLE BEPPEGRILLO.IT,1,0.021832314074503645,0.021832314074503645,0.021832314074503645
alpha_0150,COMUNISTI ITALIANI,2,0.021013704060556262,0.021013704060556262,0.032035575289947556
alpha_0150,PSI,10,0.02538823303065588,0.020492328472721755,0.0435646979434531
alpha_0150,RIFONDAZIONE COMUNISTA,5,0.027172064412407312,0.020181498530999455,0.06415618326827285
alpha_0150,+EUROPA,2,0.018769634006990277,0.018769634006990277,0.02146726338254501
alpha_0150,FEDERAZIONE DEI VERDI,4,0.028233957412026462,0.018474988487488055,0.06681204125632585
alpha_0150,FORZA ITALIA,6,0.02585226878272706,0.018241419899608053,0.06883210896205072
alpha_0150,AZIONE - ITALIA VIVA - CALENDA,1,0.01767572718408944,0.01767572718408944,0.01767572718408944
alpha_0150,PDS,3,0.019975604435489704,0.017629404792170258,0.03298270058807608
alpha_0150,POTERE AL POPOLO!,1,0.017558684819740253,0.017558684819740253,0.017558684819740253
alpha_0150,PARTITO DEMOCRATICO - ITALIA DEMOCRATICA E PROGRESSISTA,1,0.01717682891181355,0.01717682891181355,0.01717682891181355
alpha_0150,PDUP,1,0.016139883157369254,0.016139883157369254,0.016139883157369254
alpha_0150,ALLEANZA NAZIONALE,4,0.01721417420880076,0.015873409132445174,0.023169870205644524
alpha_0150,FRATELLI D'ITALIA CON GIORGIA MELONI,2,0.015736796159612043,0.015736796159612043,0.020279534274034724
alpha_0150,P.RAD,4,0.0456418600159205,0.01563711040554232,0.14351959435437786
alpha_0150,ALLEANZA VERDI E SINISTRA,1,0.015610512092803897,0.015610512092803897,0.015610512092803897
alpha_0150,P.POPOLARE ITALIANO,1,0.013914317318712583,0.013914317318712583,0.013914317318712583
alpha_0150,LIBERI E UGUALI,1,0.013433741098898395,0.013433741098898395,0.013433741098898395
alpha_0150,POP-SVP-PRI-UD-PRODI,1,0.012653088458051047,0.012653088458051047,0.012653088458051047
alpha_0150,UNIONE POPOLARE CON DE MAGISTRIS,1,0.012626002618661585,0.012626002618661585,0.012626002618661585
alpha_0150,LA ROSA NEL PUGNO,1,0.011773846387524128,0.011773846387524128,0.011773846387524128
alpha_0150,IL GIRASOLE,1,0.009917977132838927,0.009917977132838927,0.009917977132838927
alpha_0150,DEM.PROL,3,0.009484709874681287,0.009476197638529627,0.013067220783046911
alpha_0150,LISTA DI PIETRO,1,0.009003124763718005,0.009003124763718005,0.009003124763718005
alpha_0150,LA MARGHERITA,1,0.007722728269144721,0.007722728269144721,0.007722728269144721
alpha_0150,ITALIA SOVRANA E POPOLARE,1,0.007310736025841351,0.007310736025841351,0.007310736025841351
alpha_0150,PANNELLA-BONINO,1,0.004449042502327744,0.004449042502327744,0.004449042502327744
euclidean,FR.DEMOCR.POPOLARE,1,0.47948745300399787,0.47948745300399787,0.47948745300399787
euclidean,PCI,9,0.3945927587781957,0.4112158419797293,0.45018625248796484
euclidean,LEGA,1,0.34309371633883473,0.34309371633883473,0.34309371633883473
euclidean,L'ULIVO,1,0.3325498572867251,0.3325498572867251,0.3325498572867251
euclidean,DC,11,0.22757776406905547,0.24285582509166953,0.27925610126532885
euclidean,DEMOCRATICI SINISTRA,1,0.2426396718327085,0.2426396718327085,0.2426396718327085
euclidean,PARTITO DEMOCRATICO,3,0.21539243377344036,0.24211055880394108,0.26446627836392245
euclidean,PDS,3,0.20555248669315895,0.2067458565224822,0.217108748780552
euclidean,MOVIMENTO 5 STELLE,2,0.18002143733503828,0.18002143733503828,0.21593189034809374
euclidean,NON_VALID_OR_NON_VOTING,19,0.17949114236963543,0.17921624523196167,0.3831413066268761
euclidean,PARTITO DEMOCRATICO - ITALIA DEMOCRATICA E PROGRESSISTA,1,0.1212628354993104,0.1212628354993104,0.1212628354993104
euclidean,OTHER_LISTS,19,0.07316666560774901,0.1008103339819506,0.1509992002124327
euclidean,MOVIMENTO 5 STELLE BEPPEGRILLO.IT,1,0.09330356861547331,0.09330356861547331,0.09330356861547331
euclidean,IL POPOLO DELLA LIBERTA',2,0.09062084362150591,0.09062084362150591,0.12727445171039614
euclidean,FRATELLI D'ITALIA CON GIORGIA MELONI,2,0.0869738919747016,0.0869738919747016,0.16967802730706422
euclidean,FORZA ITALIA,6,0.06503547772001472,0.06819126745723372,0.1040576169680771
euclidean,TERRITORIAL_LISTS,16,0.1388061298567399,0.06330375790936815,0.39898139341722405
euclidean,P.NAZ.MONARCHICO,2,0.053969561940523686,0.053969561940523686,0.09877702443370974
euclidean,LEGA PER SALVINI PREMIER,1,0.05235903419188586,0.05235903419188586,0.05235903419188586
euclidean,LA MARGHERITA,1,0.04813140735320985,0.04813140735320985,0.04813140735320985
euclidean,BLOCCO NAZIONALE,1,0.04463551394845198,0.04463551394845198,0.04463551394845198
euclidean,ALLEANZA NAZIONALE,4,0.04456636150687528,0.04134823567041138,0.06196841942220246
euclidean,PSU,1,0.039891409091121384,0.039891409091121384,0.039891409091121384
euclidean,UNITA' SOCIALISTA,1,0.03038057507398735,0.03038057507398735,0.03038057507398735
euclidean,PATTO SEGNI,1,0.030112737466588445,0.030112737466588445,0.030112737466588445
euclidean,P.POPOLARE ITALIANO,1,0.029345448962397925,0.029345448962397925,0.029345448962397925
euclidean,SCELTA CIVICA CON MONTI PER L'ITALIA,1,0.028055560786273834,0.028055560786273834,0.028055560786273834
euclidean,P.NAZ.MON.ALL.D.LAV.,1,0.026403308293722314,0.026403308293722314,0.026403308293722314
euclidean,PSI,10,0.032944924898485765,0.02170841539716976,0.08975288044591068
euclidean,P.MONARCHICO POP.,1,0.021560872682032717,0.021560872682032717,0.021560872682032717
euclidean,AZIONE - ITALIA VIVA - CALENDA,1,0.019868613463064764,0.019868613463064764,0.019868613463064764
euclidean,PRI-P.RAD.,1,0.01930424208485109,0.01930424208485109,0.01930424208485109
euclidean,MSI,6,0.022034584120571875,0.018987623237939892,0.05026652551061745
euclidean,U.D.EUR POPOLARI,1,0.018604608989248015,0.018604608989248015,0.018604608989248015
euclidean,DI PIETRO ITALIA DEI VALORI,2,0.017012219258941932,0.017012219258941932,0.02941676546879918
euclidean,POP-SVP-PRI-UD-PRODI,1,0.015263495320995116,0.015263495320995116,0.015263495320995116
euclidean,RIFONDAZIONE COMUNISTA,5,0.013415817231762927,0.014683314258906652,0.016225861595905916
euclidean,PRI,10,0.017147911524841512,0.01460088717265658,0.03586370199612903
euclidean,MSI-DN,5,0.016465919875849673,0.01243158300617027,0.029100044015787377
euclidean,UNIONE DI CENTRO,3,0.009150486883528666,0.011140307351231617,0.011700116478441339
euclidean,PLI,10,0.012550724502528386,0.009995269662443643,0.026644941604012016
euclidean,LA RETE-MOV.DEM.,2,0.009985873822085009,0.009985873822085009,0.010672176486525771
euclidean,DEMOCRAZIA EUROPEA,1,0.008222487515786808,0.008222487515786808,0.008222487515786808
euclidean,PSDI,9,0.011041170708119871,0.007919317565608371,0.01898038489824239
euclidean,CCD-CDU,2,0.007917779101024942,0.007917779101024942,0.008756757648688291
euclidean,RINNOVAMENTO IT-DINI,1,0.006628209421537731,0.006628209421537731,0.006628209421537731
euclidean,FRATELLI D'ITALIA,1,0.006357015819984855,0.006357015819984855,0.006357015819984855
euclidean,LISTA DI PIETRO,1,0.005776611190788362,0.005776611190788362,0.005776611190788362
euclidean,SINISTRA ECOLOGIA LIBERTA',1,0.005638588883466415,0.005638588883466415,0.005638588883466415
euclidean,PDIUM,2,0.004937814237565565,0.004937814237565565,0.006164038939992755
euclidean,LISTA VERDE,1,0.004750755519592918,0.004750755519592918,0.004750755519592918
euclidean,ALLEANZA VERDI E SINISTRA,1,0.004621245405918064,0.004621245405918064,0.004621245405918064
euclidean,LISTA PANNELLA,2,0.004584208805039446,0.004584208805039446,0.008341431087838896
euclidean,PSIUP,2,0.003812095471264162,0.003812095471264162,0.005499775083854263
euclidean,+EUROPA,2,0.003151096033163734,0.003151096033163734,0.0034116921899322947
euclidean,LIBERI E UGUALI,1,0.003114876453109775,0.003114876453109775,0.003114876453109775
euclidean,NOI CON L'ITALIA - UDC,1,0.002785705338355205,0.002785705338355205,0.002785705338355205
euclidean,P.RAD,4,0.0024654647506719054,0.002447201052437984,0.0041358871674363196
euclidean,FEDERAZIONE DEI VERDI,4,0.002310365865266091,0.002339831027498182,0.0029594476112922608
euclidean,COMUNISTI ITALIANI,2,0.0023089835068566614,0.0023089835068566614,0.0033334554354598187
euclidean,LA ROSA NEL PUGNO,1,0.0021484415437199693,0.0021484415437199693,0.0021484415437199693
euclidean,LA SINISTRA L'ARCOBALENO,1,0.002073287950499602,0.002073287950499602,0.002073287950499602
euclidean,PART.NAZ.PENS.,1,0.001994050054852458,0.001994050054852458,0.001994050054852458
euclidean,FARE PER FERMARE IL DECLINO,1,0.0019420235567208192,0.0019420235567208192,0.0019420235567208192
euclidean,PANNELLA-SGARBI,1,0.0018591993811386519,0.0018591993811386519,0.0018591993811386519
euclidean,LA DESTRA - FIAMMA TRICOLORE,1,0.0017155520279026316,0.0017155520279026316,0.0017155520279026316
euclidean,RIVOLUZIONE CIVILE,1,0.0016501152865005567,0.0016501152865005567,0.0016501152865005567
euclidean,PANNELLA-BONINO,1,0.0016226975307208193,0.0016226975307208193,0.0016226975307208193
euclidean,IL GIRASOLE,1,0.001603987654825436,0.001603987654825436,0.001603987654825436
euclidean,ITALEXIT PER L'ITALIA,1,0.0015128272674714797,0.0015128272674714797,0.0015128272674714797
euclidean,ALLEANZA DEMOCRATICA,1,0.0010533846479236725,0.0010533846479236725,0.0010533846479236725
euclidean,UNIONE POPOLARE CON DE MAGISTRIS,1,8.18527011097161e-4,8.18527011097161e-4,8.18527011097161e-4
euclidean,DEM.PROL,3,7.591433195139653e-4,7.258875365629002e-4,8.400391929012899e-4
euclidean,POTERE AL POPOLO!,1,6.435988312621146e-4,6.435988312621146e-4,6.435988312621146e-4
euclidean,PDUP,1,5.310378336004849e-4,5.310378336004849e-4,5.310378336004849e-4
euclidean,ITALIA SOVRANA E POPOLARE,1,4.359476180105422e-4,4.359476180105422e-4,4.359476180105422e-4
greenacre_unweighted_power_0150,TERRITORIAL_LISTS,16,0.6063709987895214,0.690053454028381,0.936558389185649
greenacre_unweighted_power_0150,LA RETE-MOV.DEM.,2,0.36190513098447935,0.36190513098447935,0.636857039547381
greenacre_unweighted_power_0150,LISTA VERDE,1,0.30939884236493265,0.30939884236493265,0.30939884236493265
greenacre_unweighted_power_0150,PANNELLA-SGARBI,1,0.25747489039193,0.25747489039193,0.25747489039193
greenacre_unweighted_power_0150,U.D.EUR POPOLARI,1,0.2373289062550833,0.2373289062550833,0.2373289062550833
greenacre_unweighted_power_0150,FRATELLI D'ITALIA,1,0.2335349291434291,0.2335349291434291,0.2335349291434291
greenacre_unweighted_power_0150,PATTO SEGNI,1,0.16868175267228552,0.16868175267228552,0.16868175267228552
greenacre_unweighted_power_0150,RINNOVAMENTO IT-DINI,1,0.15078748063372246,0.15078748063372246,0.15078748063372246
greenacre_unweighted_power_0150,PART.NAZ.PENS.,1,0.14848524590660617,0.14848524590660617,0.14848524590660617
greenacre_unweighted_power_0150,ALLEANZA DEMOCRATICA,1,0.10519078300330129,0.10519078300330129,0.10519078300330129
greenacre_unweighted_power_0150,FARE PER FERMARE IL DECLINO,1,0.0941894229039429,0.0941894229039429,0.0941894229039429
greenacre_unweighted_power_0150,LISTA PANNELLA,2,0.07147887258908757,0.07147887258908757,0.11405602859177758
greenacre_unweighted_power_0150,OTHER_LISTS,19,0.1587216163064255,0.06323422605531585,0.8188012026236545
greenacre_unweighted_power_0150,P.NAZ.MON.ALL.D.LAV.,1,0.05278291878403081,0.05278291878403081,0.05278291878403081
greenacre_unweighted_power_0150,UNIONE DI CENTRO,3,0.03766520415693931,0.0480435652858364,0.048530726678370266
greenacre_unweighted_power_0150,DI PIETRO ITALIA DEI VALORI,2,0.04104932457511121,0.04104932457511121,0.055916685996258396
greenacre_unweighted_power_0150,SINISTRA ECOLOGIA LIBERTA',1,0.039181238186648884,0.039181238186648884,0.039181238186648884
greenacre_unweighted_power_0150,PDIUM,2,0.03757060166436969,0.03757060166436969,0.03891875053087601
greenacre_unweighted_power_0150,PSIUP,2,0.03649947309180698,0.03649947309180698,0.0691171434827646
greenacre_unweighted_power_0150,LA DESTRA - FIAMMA TRICOLORE,1,0.035030968359981644,0.035030968359981644,0.035030968359981644
greenacre_unweighted_power_0150,CCD-CDU,2,0.03255898141793626,0.03255898141793626,0.05741925656275506
greenacre_unweighted_power_0150,P.NAZ.MONARCHICO,2,0.03228761471573429,0.03228761471573429,0.03614298826570302
greenacre_unweighted_power_0150,L'ULIVO,1,0.031638472654698796,0.031638472654698796,0.031638472654698796
greenacre_unweighted_power_0150,PSDI,9,0.026085446501067228,0.03040604100230116,0.06324201589378678
greenacre_unweighted_power_0150,LA SINISTRA L'ARCOBALENO,1,0.0292646150861391,0.0292646150861391,0.0292646150861391
greenacre_unweighted_power_0150,DEMOCRAZIA EUROPEA,1,0.027366436803870024,0.027366436803870024,0.027366436803870024
greenacre_unweighted_power_0150,ITALEXIT PER L'ITALIA,1,0.0251857145003189,0.0251857145003189,0.0251857145003189
greenacre_unweighted_power_0150,RIVOLUZIONE CIVILE,1,0.02511118569357038,0.02511118569357038,0.02511118569357038
greenacre_unweighted_power_0150,PARTITO DEMOCRATICO,3,0.024486475383877344,0.024460273200165458,0.043798071087981144
greenacre_unweighted_power_0150,SCELTA CIVICA CON MONTI PER L'ITALIA,1,0.023615805475782473,0.023615805475782473,0.023615805475782473
greenacre_unweighted_power_0150,PRI-P.RAD.,1,0.022497607216417297,0.022497607216417297,0.022497607216417297
greenacre_unweighted_power_0150,IL POPOLO DELLA LIBERTA',2,0.022014201731008563,0.022014201731008563,0.03224468078880347
greenacre_unweighted_power_0150,COMUNISTI ITALIANI,2,0.020527652557950665,0.020527652557950665,0.032699673242909386
greenacre_unweighted_power_0150,FEDERAZIONE DEI VERDI,4,0.026933409825556958,0.019012631225408045,0.06215395795720073
greenacre_unweighted_power_0150,PRI,10,0.0332752576361025,0.01829841136676289,0.1173779034973573
greenacre_unweighted_power_0150,DEMOCRATICI SINISTRA,1,0.01808810781105353,0.01808810781105353,0.01808810781105353
greenacre_unweighted_power_0150,P.MONARCHICO POP.,1,0.017828021365066418,0.017828021365066418,0.017828021365066418
greenacre_unweighted_power_0150,UNITA' SOCIALISTA,1,0.016210422862669077,0.016210422862669077,0.016210422862669077
greenacre_unweighted_power_0150,MOVIMENTO 5 STELLE BEPPEGRILLO.IT,1,0.01557230637110812,0.01557230637110812,0.01557230637110812
greenacre_unweighted_power_0150,FR.DEMOCR.POPOLARE,1,0.015361827305084471,0.015361827305084471,0.015361827305084471
greenacre_unweighted_power_0150,NOI CON L'ITALIA - UDC,1,0.014825260108006628,0.014825260108006628,0.014825260108006628
greenacre_unweighted_power_0150,LEGA,1,0.01479934616571737,0.01479934616571737,0.01479934616571737
greenacre_unweighted_power_0150,NON_VALID_OR_NON_VOTING,19,0.02336886702305083,0.014794647297783167,0.14464460723397693
greenacre_unweighted_power_0150,RIFONDAZIONE COMUNISTA,5,0.021465341680362536,0.014647181020910505,0.04963049370059903
greenacre_unweighted_power_0150,MSI,6,0.029405371558957685,0.013790522171036832,0.11844005014291986
greenacre_unweighted_power_0150,PCI,9,0.03213069564191212,0.013736095576663191,0.13754549833667035
greenacre_unweighted_power_0150,MSI-DN,5,0.011701310331532147,0.013618946567886793,0.01905494196484129
greenacre_unweighted_power_0150,PLI,10,0.021626930861640754,0.012263052595362858,0.10105371609814805
greenacre_unweighted_power_0150,PDS,3,0.012715276567044268,0.011981187310562556,0.02056300505816473
greenacre_unweighted_power_0150,LA ROSA NEL PUGNO,1,0.0118960016756804,0.0118960016756804,0.0118960016756804
greenacre_unweighted_power_0150,ALLEANZA NAZIONALE,4,0.012185192235099212,0.010631283389175575,0.018510159450922072
greenacre_unweighted_power_0150,BLOCCO NAZIONALE,1,0.010552852579088572,0.010552852579088572,0.010552852579088572
greenacre_unweighted_power_0150,MOVIMENTO 5 STELLE,2,0.010486221479336939,0.010486221479336939,0.01238280977664991
greenacre_unweighted_power_0150,POP-SVP-PRI-UD-PRODI,1,0.010058830493208973,0.010058830493208973,0.010058830493208973
greenacre_unweighted_power_0150,PSI,10,0.012130201434826472,0.009074836869904797,0.03929793636941958
greenacre_unweighted_power_0150,P.POPOLARE ITALIANO,1,0.009012648758326722,0.009012648758326722,0.009012648758326722
greenacre_unweighted_power_0150,IL GIRASOLE,1,0.008080499972381928,0.008080499972381928,0.008080499972381928
greenacre_unweighted_power_0150,P.RAD,4,0.02447899240488541,0.007960518908749204,0.07935415562291451
greenacre_unweighted_power_0150,FORZA ITALIA,6,0.013140043235652115,0.007354853570834878,0.042967816669210346
greenacre_unweighted_power_0150,LEGA PER SALVINI PREMIER,1,0.007109888622858931,0.007109888622858931,0.007109888622858931
greenacre_unweighted_power_0150,LISTA DI PIETRO,1,0.006672218336341311,0.006672218336341311,0.006672218336341311
greenacre_unweighted_power_0150,DEM.PROL,3,0.0061222774050443095,0.006442554202456389,0.009672694491853234
greenacre_unweighted_power_0150,DC,11,0.01277132768451601,0.006177134256669516,0.044963529401693667
greenacre_unweighted_power_0150,POTERE AL POPOLO!,1,0.0052968641902843595,0.0052968641902843595,0.0052968641902843595
greenacre_unweighted_power_0150,+EUROPA,2,0.005168844827649056,0.005168844827649056,0.005811601716947673
greenacre_unweighted_power_0150,LA MARGHERITA,1,0.004724843612944337,0.004724843612944337,0.004724843612944337
greenacre_unweighted_power_0150,PSU,1,0.004587125465215354,0.004587125465215354,0.004587125465215354
greenacre_unweighted_power_0150,AZIONE - ITALIA VIVA - CALENDA,1,0.004259842183114904,0.004259842183114904,0.004259842183114904
greenacre_unweighted_power_0150,ALLEANZA VERDI E SINISTRA,1,0.004210079704860512,0.004210079704860512,0.004210079704860512
greenacre_unweighted_power_0150,UNIONE POPOLARE CON DE MAGISTRIS,1,0.0039039807596731456,0.0039039807596731456,0.0039039807596731456
greenacre_unweighted_power_0150,PANNELLA-BONINO,1,0.003607653972904648,0.003607653972904648,0.003607653972904648
greenacre_unweighted_power_0150,PARTITO DEMOCRATICO - ITALIA DEMOCRATICA E PROGRESSISTA,1,0.003574972602258694,0.003574972602258694,0.003574972602258694
greenacre_unweighted_power_0150,LIBERI E UGUALI,1,0.00341789493254694,0.00341789493254694,0.00341789493254694
greenacre_unweighted_power_0150,FRATELLI D'ITALIA CON GIORGIA MELONI,2,0.0033556429744215294,0.0033556429744215294,0.003995410073466939
greenacre_unweighted_power_0150,PDUP,1,0.002659743876283645,0.002659743876283645,0.002659743876283645
greenacre_unweighted_power_0150,ITALIA SOVRANA E POPOLARE,1,0.0022636507562505495,0.0022636507562505495,0.0022636507562505495
greenacre_weighted_lra,LEGA,1,0.404191406227479,0.404191406227479,0.404191406227479
greenacre_weighted_lra,TERRITORIAL_LISTS,16,0.29868585749972837,0.24795488164720736,0.7158751828475896
greenacre_weighted_lra,PART.NAZ.PENS.,1,0.22590156771691988,0.22590156771691988,0.22590156771691988
greenacre_weighted_lra,PCI,9,0.22140483957757942,0.21564616261459552,0.31768728923806727
greenacre_weighted_lra,FR.DEMOCR.POPOLARE,1,0.20221050080688963,0.20221050080688963,0.20221050080688963
greenacre_weighted_lra,LISTA VERDE,1,0.18792471751739362,0.18792471751739362,0.18792471751739362
greenacre_weighted_lra,P.NAZ.MONARCHICO,2,0.1643318018877211,0.1643318018877211,0.24212885076442478
greenacre_weighted_lra,P.NAZ.MON.ALL.D.LAV.,1,0.16287947238044745,0.16287947238044745,0.16287947238044745
greenacre_weighted_lra,MOVIMENTO 5 STELLE,2,0.13706830502963838,0.13706830502963838,0.1538754347396462
greenacre_weighted_lra,PATTO SEGNI,1,0.13524262412623664,0.13524262412623664,0.13524262412623664
greenacre_weighted_lra,BLOCCO NAZIONALE,1,0.1085142186935258,0.1085142186935258,0.1085142186935258
greenacre_weighted_lra,RINNOVAMENTO IT-DINI,1,0.10797393979682789,0.10797393979682789,0.10797393979682789
greenacre_weighted_lra,LA RETE-MOV.DEM.,2,0.10362953421805525,0.10362953421805525,0.1813163761622118
greenacre_weighted_lra,L'ULIVO,1,0.0970717160780315,0.0970717160780315,0.0970717160780315
greenacre_weighted_lra,PARTITO DEMOCRATICO,3,0.09787104411992907,0.09558619109947897,0.10428333727485488
greenacre_weighted_lra,FRATELLI D'ITALIA,1,0.09053728516962385,0.09053728516962385,0.09053728516962385
greenacre_weighted_lra,NON_VALID_OR_NON_VOTING,19,0.09505600243458237,0.08992311657107398,0.22627834140826067
greenacre_weighted_lra,U.D.EUR POPOLARI,1,0.08090166229994586,0.08090166229994586,0.08090166229994586
greenacre_weighted_lra,LEGA PER SALVINI PREMIER,1,0.07950418218959646,0.07950418218959646,0.07950418218959646
greenacre_weighted_lra,PARTITO DEMOCRATICO - ITALIA DEMOCRATICA E PROGRESSISTA,1,0.07768685541836214,0.07768685541836214,0.07768685541836214
greenacre_weighted_lra,UNITA' SOCIALISTA,1,0.07282958888438339,0.07282958888438339,0.07282958888438339
greenacre_weighted_lra,DC,11,0.07934659573660086,0.06896990637252395,0.1224257546033037
greenacre_weighted_lra,P.MONARCHICO POP.,1,0.06668506156459218,0.06668506156459218,0.06668506156459218
greenacre_weighted_lra,PANNELLA-SGARBI,1,0.06646959241884765,0.06646959241884765,0.06646959241884765
greenacre_weighted_lra,DEMOCRATICI SINISTRA,1,0.06313766861451174,0.06313766861451174,0.06313766861451174
greenacre_weighted_lra,FRATELLI D'ITALIA CON GIORGIA MELONI,2,0.05429542274314809,0.05429542274314809,0.09731698205878991
greenacre_weighted_lra,PRI,10,0.055864211855029974,0.051538321755025325,0.12845190167653928
greenacre_weighted_lra,PDIUM,2,0.04950137786161565,0.04950137786161565,0.06275392985671471
greenacre_weighted_lra,MSI,6,0.05663374958381706,0.0491632978500249,0.10770218013981867
greenacre_weighted_lra,ITALEXIT PER L'ITALIA,1,0.045054026600741655,0.045054026600741655,0.045054026600741655
greenacre_weighted_lra,AZIONE - ITALIA VIVA - CALENDA,1,0.044930425683741455,0.044930425683741455,0.044930425683741455
greenacre_weighted_lra,MOVIMENTO 5 STELLE BEPPEGRILLO.IT,1,0.04481718616415717,0.04481718616415717,0.04481718616415717
greenacre_weighted_lra,SCELTA CIVICA CON MONTI PER L'ITALIA,1,0.04433704022016418,0.04433704022016418,0.04433704022016418
greenacre_weighted_lra,OTHER_LISTS,19,0.10169278357817962,0.04390722210162767,0.3188152956032149
greenacre_weighted_lra,IL POPOLO DELLA LIBERTA',2,0.0423585880910423,0.0423585880910423,0.05247305702268075
greenacre_weighted_lra,PSU,1,0.04186362481536698,0.04186362481536698,0.04186362481536698
greenacre_weighted_lra,PRI-P.RAD.,1,0.04092958347033843,0.04092958347033843,0.04092958347033843
greenacre_weighted_lra,LISTA PANNELLA,2,0.040470709456170706,0.040470709456170706,0.0714115062787737
greenacre_weighted_lra,PLI,10,0.0373149333091548,0.03710753274592811,0.05911697606479123
greenacre_weighted_lra,PSDI,9,0.04992413398523066,0.0343123849151957,0.14996245116465493
greenacre_weighted_lra,FORZA ITALIA,6,0.055036242460660356,0.0341443039113271,0.19454491377440217
greenacre_weighted_lra,PDS,3,0.03791382908802793,0.03286643612272647,0.06526084439764175
greenacre_weighted_lra,PSI,10,0.037239048681732265,0.031448314490722315,0.09548563457976124
greenacre_weighted_lra,FARE PER FERMARE IL DECLINO,1,0.03107080625583404,0.03107080625583404,0.03107080625583404
greenacre_weighted_lra,NOI CON L'ITALIA - UDC,1,0.02615688931687702,0.02615688931687702,0.02615688931687702
greenacre_weighted_lra,MSI-DN,5,0.0392125189324899,0.02568329938880415,0.08023728731081378
greenacre_weighted_lra,CCD-CDU,2,0.025388224254755568,0.025388224254755568,0.04414432948836326
greenacre_weighted_lra,P.RAD,4,0.030408714621490127,0.02462020435835705,0.05863031751340225
greenacre_weighted_lra,SINISTRA ECOLOGIA LIBERTA',1,0.023549549086124288,0.023549549086124288,0.023549549086124288
greenacre_weighted_lra,+EUROPA,2,0.02327921544748307,0.02327921544748307,0.026038657461363638
greenacre_weighted_lra,ALLEANZA VERDI E SINISTRA,1,0.022235406440865666,0.022235406440865666,0.022235406440865666
greenacre_weighted_lra,PSIUP,2,0.021344787939360094,0.021344787939360094,0.02357887656173986
greenacre_weighted_lra,ALLEANZA DEMOCRATICA,1,0.019585334795703947,0.019585334795703947,0.019585334795703947
greenacre_weighted_lra,RIFONDAZIONE COMUNISTA,5,0.02660321201655848,0.019332707296558425,0.07380648067310908
greenacre_weighted_lra,UNIONE DI CENTRO,3,0.019829272138834928,0.019214817340942242,0.02240119520065414
greenacre_weighted_lra,ALLEANZA NAZIONALE,4,0.021008648304636366,0.018773089350861638,0.02846525618503444
greenacre_weighted_lra,DI PIETRO ITALIA DEI VALORI,2,0.017615253171544214,0.017615253171544214,0.02323294652789264
greenacre_weighted_lra,DEMOCRAZIA EUROPEA,1,0.014893163745165408,0.014893163745165408,0.014893163745165408
greenacre_weighted_lra,LA MARGHERITA,1,0.013161955072516529,0.013161955072516529,0.013161955072516529
greenacre_weighted_lra,LIBERI E UGUALI,1,0.011471162234385856,0.011471162234385856,0.011471162234385856
greenacre_weighted_lra,RIVOLUZIONE CIVILE,1,0.009833498208664623,0.009833498208664623,0.009833498208664623
greenacre_weighted_lra,FEDERAZIONE DEI VERDI,4,0.012897928684229232,0.009733921013319005,0.029543595427264407
greenacre_weighted_lra,LA DESTRA - FIAMMA TRICOLORE,1,0.009688144887851973,0.009688144887851973,0.009688144887851973
greenacre_weighted_lra,COMUNISTI ITALIANI,2,0.009249337702379729,0.009249337702379729,0.014608706430867983
greenacre_weighted_lra,P.POPOLARE ITALIANO,1,0.00898644822979378,0.00898644822979378,0.00898644822979378
greenacre_weighted_lra,LA SINISTRA L'ARCOBALENO,1,0.008581794463697957,0.008581794463697957,0.008581794463697957
greenacre_weighted_lra,POP-SVP-PRI-UD-PRODI,1,0.007530798150529197,0.007530798150529197,0.007530798150529197
greenacre_weighted_lra,POTERE AL POPOLO!,1,0.007156339658013871,0.007156339658013871,0.007156339658013871
greenacre_weighted_lra,UNIONE POPOLARE CON DE MAGISTRIS,1,0.0069870462660638,0.0069870462660638,0.0069870462660638
greenacre_weighted_lra,PDUP,1,0.006908361551125343,0.006908361551125343,0.006908361551125343
greenacre_weighted_lra,LA ROSA NEL PUGNO,1,0.0065592291707372965,0.0065592291707372965,0.0065592291707372965
greenacre_weighted_lra,DEM.PROL,3,0.007079477286434371,0.006157121171750571,0.00956658009120464
greenacre_weighted_lra,LISTA DI PIETRO,1,0.00511744839658577,0.00511744839658577,0.00511744839658577
greenacre_weighted_lra,ITALIA SOVRANA E POPOLARE,1,0.00432541103197703,0.00432541103197703,0.00432541103197703
greenacre_weighted_lra,IL GIRASOLE,1,0.00395223601967377,0.00395223601967377,0.00395223601967377
greenacre_weighted_lra,PANNELLA-BONINO,1,0.0029933653354499083,0.0029933653354499083,0.0029933653354499083
greenacre_weighted_power_0175,LEGA,1,0.36459326886166504,0.36459326886166504,0.36459326886166504
greenacre_weighted_power_0175,TERRITORIAL_LISTS,16,0.286038373806917,0.2637779801880676,0.6592279746556383
greenacre_weighted_power_0175,PART.NAZ.PENS.,1,0.22126647961455126,0.22126647961455126,0.22126647961455126
greenacre_weighted_power_0175,FR.DEMOCR.POPOLARE,1,0.20325534279767077,0.20325534279767077,0.20325534279767077
greenacre_weighted_power_0175,PCI,9,0.2115632051188102,0.20147930386375149,0.30891057491940066
greenacre_weighted_power_0175,LISTA VERDE,1,0.17963034775104297,0.17963034775104297,0.17963034775104297
greenacre_weighted_power_0175,P.NAZ.MON.ALL.D.LAV.,1,0.15728700990495753,0.15728700990495753,0.15728700990495753
greenacre_weighted_power_0175,PATTO SEGNI,1,0.15025285875835603,0.15025285875835603,0.15025285875835603
greenacre_weighted_power_0175,P.NAZ.MONARCHICO,2,0.1468529313725019,0.1468529313725019,0.21340337066387804
greenacre_weighted_power_0175,MOVIMENTO 5 STELLE,2,0.1284049619913267,0.1284049619913267,0.14063396800200095
greenacre_weighted_power_0175,LA RETE-MOV.DEM.,2,0.12691512076374295,0.12691512076374295,0.21761083376789692
greenacre_weighted_power_0175,RINNOVAMENTO IT-DINI,1,0.1213882126403885,0.1213882126403885,0.1213882126403885
greenacre_weighted_power_0175,L'ULIVO,1,0.11315497913042237,0.11315497913042237,0.11315497913042237
greenacre_weighted_power_0175,PARTITO DEMOCRATICO,3,0.10876577604328205,0.11101651850570142,0.11805423736096136
greenacre_weighted_power_0175,BLOCCO NAZIONALE,1,0.1059694583430881,0.1059694583430881,0.1059694583430881
greenacre_weighted_power_0175,PANNELLA-SGARBI,1,0.0909263887468663,0.0909263887468663,0.0909263887468663
greenacre_weighted_power_0175,FRATELLI D'ITALIA,1,0.08794356504310574,0.08794356504310574,0.08794356504310574
greenacre_weighted_power_0175,U.D.EUR POPOLARI,1,0.08709361946107774,0.08709361946107774,0.08709361946107774
greenacre_weighted_power_0175,NON_VALID_OR_NON_VOTING,19,0.09668868125726252,0.08558908634680505,0.21489796100454417
greenacre_weighted_power_0175,DEMOCRATICI SINISTRA,1,0.08064413465207874,0.08064413465207874,0.08064413465207874
greenacre_weighted_power_0175,PARTITO DEMOCRATICO - ITALIA DEMOCRATICA E PROGRESSISTA,1,0.0755232626647255,0.0755232626647255,0.0755232626647255
greenacre_weighted_power_0175,LEGA PER SALVINI PREMIER,1,0.07467486626509184,0.07467486626509184,0.07467486626509184
greenacre_weighted_power_0175,DC,11,0.07793231483927414,0.07277634393476752,0.1220790590398029
greenacre_weighted_power_0175,UNITA' SOCIALISTA,1,0.06884908818442938,0.06884908818442938,0.06884908818442938
greenacre_weighted_power_0175,P.MONARCHICO POP.,1,0.06361492850614432,0.06361492850614432,0.06361492850614432
greenacre_weighted_power_0175,OTHER_LISTS,19,0.11097138996752055,0.05620964763562138,0.3298471496143244
greenacre_weighted_power_0175,ITALEXIT PER L'ITALIA,1,0.05593509971545057,0.05593509971545057,0.05593509971545057
greenacre_weighted_power_0175,PDIUM,2,0.055545241299892,0.055545241299892,0.07625136788859493
greenacre_weighted_power_0175,FRATELLI D'ITALIA CON GIORGIA MELONI,2,0.051620974329483885,0.051620974329483885,0.09138970964003214
greenacre_weighted_power_0175,SCELTA CIVICA CON MONTI PER L'ITALIA,1,0.04896721372485049,0.04896721372485049,0.04896721372485049
greenacre_weighted_power_0175,MOVIMENTO 5 STELLE BEPPEGRILLO.IT,1,0.04863708343567335,0.04863708343567335,0.04863708343567335
greenacre_weighted_power_0175,PRI,10,0.05394369111106575,0.04811351260904133,0.12179463573504855
greenacre_weighted_power_0175,LISTA PANNELLA,2,0.047989794779292105,0.047989794779292105,0.08368568305838037
greenacre_weighted_power_0175,MSI,6,0.05615039461902257,0.0478509170078409,0.10915902268868591
greenacre_weighted_power_0175,IL POPOLO DELLA LIBERTA',2,0.04550805135795397,0.04550805135795397,0.056211934500392656
greenacre_weighted_power_0175,PDS,3,0.04846391357936172,0.04496877708670965,0.08120532423513942
greenacre_weighted_power_0175,PRI-P.RAD.,1,0.04369493408932376,0.04369493408932376,0.04369493408932376
greenacre_weighted_power_0175,AZIONE - ITALIA VIVA - CALENDA,1,0.04126300433393315,0.04126300433393315,0.04126300433393315
greenacre_weighted_power_0175,PSU,1,0.03847648598765868,0.03847648598765868,0.03847648598765868
greenacre_weighted_power_0175,PLI,10,0.03704886389665393,0.03712741552773326,0.05725670074462389
greenacre_weighted_power_0175,PSDI,9,0.04759101221195994,0.03273130908627682,0.14224272810897787
greenacre_weighted_power_0175,FORZA ITALIA,6,0.04667694190078958,0.03200041757812611,0.13655104381270122
greenacre_weighted_power_0175,FARE PER FERMARE IL DECLINO,1,0.031074537759089804,0.031074537759089804,0.031074537759089804
greenacre_weighted_power_0175,ALLEANZA DEMOCRATICA,1,0.03099434267874065,0.03099434267874065,0.03099434267874065
greenacre_weighted_power_0175,PSI,10,0.036149032868797046,0.02855317226819462,0.09308050155757626
greenacre_weighted_power_0175,CCD-CDU,2,0.028081861401279936,0.028081861401279936,0.048008717115618355
greenacre_weighted_power_0175,MSI-DN,5,0.03796090595439601,0.027675525447460037,0.0721318780836008
greenacre_weighted_power_0175,SINISTRA ECOLOGIA LIBERTA',1,0.025698863497504994,0.025698863497504994,0.025698863497504994
greenacre_weighted_power_0175,NOI CON L'ITALIA - UDC,1,0.0250763616947979,0.0250763616947979,0.0250763616947979
greenacre_weighted_power_0175,P.RAD,4,0.032968748695201736,0.024031481717678223,0.07121975102890926
greenacre_weighted_power_0175,DI PIETRO ITALIA DEI VALORI,2,0.0231614958043631,0.0231614958043631,0.0316692761424388
greenacre_weighted_power_0175,RIFONDAZIONE COMUNISTA,5,0.02763262425506013,0.02289452788877467,0.06806582282254119
greenacre_weighted_power_0175,ALLEANZA NAZIONALE,4,0.02444791061675686,0.022617717868298567,0.031863172802695156
greenacre_weighted_power_0175,UNIONE DI CENTRO,3,0.022868931540452907,0.022252500687606452,0.026197160086657796
greenacre_weighted_power_0175,+EUROPA,2,0.021588210071164637,0.021588210071164637,0.024888623869673346
greenacre_weighted_power_0175,ALLEANZA VERDI E SINISTRA,1,0.02025525350495672,0.02025525350495672,0.02025525350495672
greenacre_weighted_power_0175,PSIUP,2,0.019840756416665554,0.019840756416665554,0.022343655871176708
greenacre_weighted_power_0175,DEMOCRAZIA EUROPEA,1,0.018770075832166465,0.018770075832166465,0.018770075832166465
greenacre_weighted_power_0175,LA MARGHERITA,1,0.01756682324403871,0.01756682324403871,0.01756682324403871
greenacre_weighted_power_0175,LIBERI E UGUALI,1,0.012042362576560297,0.012042362576560297,0.012042362576560297
greenacre_weighted_power_0175,FEDERAZIONE DEI VERDI,4,0.015932312193452154,0.011245143427029255,0.03774578144309681
greenacre_weighted_power_0175,LA DESTRA - FIAMMA TRICOLORE,1,0.010927477726721353,0.010927477726721353,0.010927477726721353
greenacre_weighted_power_0175,P.POPOLARE ITALIANO,1,0.010663484880379702,0.010663484880379702,0.010663484880379702
greenacre_weighted_power_0175,COMUNISTI ITALIANI,2,0.010620623615773594,0.010620623615773594,0.016387604784788512
greenacre_weighted_power_0175,RIVOLUZIONE CIVILE,1,0.010576110839412572,0.010576110839412572,0.010576110839412572
greenacre_weighted_power_0175,POP-SVP-PRI-UD-PRODI,1,0.010297696359544787,0.010297696359544787,0.010297696359544787
greenacre_weighted_power_0175,LA SINISTRA L'ARCOBALENO,1,0.009863582654540563,0.009863582654540563,0.009863582654540563
greenacre_weighted_power_0175,LA ROSA NEL PUGNO,1,0.007768358635881763,0.007768358635881763,0.007768358635881763
greenacre_weighted_power_0175,POTERE AL POPOLO!,1,0.007325043177770486,0.007325043177770486,0.007325043177770486
greenacre_weighted_power_0175,LISTA DI PIETRO,1,0.006841857717339185,0.006841857717339185,0.006841857717339185
greenacre_weighted_power_0175,UNIONE POPOLARE CON DE MAGISTRIS,1,0.006736642003445203,0.006736642003445203,0.006736642003445203
greenacre_weighted_power_0175,PDUP,1,0.006712988656261696,0.006712988656261696,0.006712988656261696
greenacre_weighted_power_0175,DEM.PROL,3,0.006841827957445601,0.006620680601885759,0.008681695980765706
greenacre_weighted_power_0175,IL GIRASOLE,1,0.0049432168530707645,0.0049432168530707645,0.0049432168530707645
greenacre_weighted_power_0175,ITALIA SOVRANA E POPOLARE,1,0.004188781237608508,0.004188781237608508,0.004188781237608508
greenacre_weighted_power_0175,PANNELLA-BONINO,1,0.004010923745648186,0.004010923745648186,0.004010923745648186
