geometry,subcomposition,n_elections,spearman_min,spearman_median,spearman_max
aitchison,drop_non_valid_or_non_voting,19,0.932929799445733,0.9990046045629444,0.99979634517716
aitchison,drop_other_lists,19,0.5099891950604578,0.9686268321391336,0.999726956126724
aitchison,party_and_territorial_without_other,19,0.4946176305943739,0.967977150093918,0.9993061690905867
aitchison,drop_territorial_lists,16,0.2977847047377695,0.777817362816767,0.9542299897037232
aitchison,autonomous_parties_only,19,0.295895931429605,0.5713244478852458,0.9339189117648
alpha_0150,drop_non_valid_or_non_voting,19,0.9164428588516051,0.9978627691261766,0.9995851539469324
alpha_0150,drop_other_lists,19,0.5283160150695765,0.960681815864937,0.9994276965044963
alpha_0150,party_and_territorial_without_other,19,0.5042205560795042,0.9564187299879539,0.9984317691072745
alpha_0150,drop_territorial_lists,16,0.3184253856827655,0.7593485688711522,0.953930190879987
alpha_0150,autonomous_parties_only,19,0.2992365749145092,0.610254723743084,0.9381543427456239
euclidean,drop_other_lists,19,0.9442095481804481,0.9859821207645206,0.9998499085532975
euclidean,drop_territorial_lists,16,0.6279460489592756,0.9849076484392214,0.9999991109859431
euclidean,drop_non_valid_or_non_voting,19,0.7867774308042842,0.9182793470205399,0.9906741680205244
euclidean,party_and_territorial_without_other,19,0.7767966499053794,0.897536870484598,0.971418882512213
euclidean,autonomous_parties_only,19,0.4958893906173004,0.8566666610940824,0.9525653813457445
greenacre_unweighted_power_0150,drop_non_valid_or_non_voting,19,0.9216281453712306,0.9987173638983033,0.999722386852768
greenacre_unweighted_power_0150,drop_other_lists,19,0.4223061189937253,0.9647274965850231,0.9993998786781291
greenacre_unweighted_power_0150,party_and_territorial_without_other,19,0.4101588262952893,0.9543395740548861,0.9988472648804706
greenacre_unweighted_power_0150,drop_territorial_lists,16,0.31141462667770503,0.7703007209390844,0.9615694923624528
greenacre_unweighted_power_0150,autonomous_parties_only,19,0.2991759559647776,0.5399640988021788,0.9497016934846738
greenacre_weighted_lra,drop_other_lists,19,0.7649879504094452,0.9822795835952016,0.9997426907285888
greenacre_weighted_lra,drop_non_valid_or_non_voting,19,0.8790189111302774,0.9818698294407524,0.9971881455114854
greenacre_weighted_lra,party_and_territorial_without_other,19,0.7281451805881974,0.950772936484514,0.9930876615632217
greenacre_weighted_lra,drop_territorial_lists,16,0.29963734750643817,0.8495519599274018,0.9999986730239743
greenacre_weighted_lra,autonomous_parties_only,19,0.25078407290347526,0.7944765927058475,0.9602799203118194
greenacre_weighted_power_0175,drop_non_valid_or_non_voting,19,0.8827131969986227,0.9841814624801084,0.9971619019126045
greenacre_weighted_power_0175,drop_other_lists,19,0.7568771208286585,0.9779673404908377,0.9996874477794325
greenacre_weighted_power_0175,party_and_territorial_without_other,19,0.727640417373356,0.9443602478302984,0.9907684770568748
greenacre_weighted_power_0175,drop_territorial_lists,16,0.35133742190628947,0.8126864069276512,0.9999556611898164
greenacre_weighted_power_0175,autonomous_parties_only,19,0.29304079963255036,0.7516430465293799,0.9386417147364555
