election_date,year,n_components,spearman_logmean_logvar,pearson_logmean_logvar,max_clr_variance,component_max_clr_variance,median_clr_variance,median_zero_share
19480418,1948,10,-0.6969696969696969,-0.731354813930054,2.616553258930221,TERRITORIAL_LISTS,0.7405154474181248,0.009615384615384616
19530607,1953,11,-0.7545454545454546,-0.8331274174730267,2.38027624849156,TERRITORIAL_LISTS,0.3775385314012896,0
19580525,1958,12,-0.8041958041958044,-0.5280521607181795,4.749800779703431,OTHER_LISTS,0.45011351638808156,0
19630428,1963,10,-0.6848484848484847,-0.7385878190131407,3.1334462325519103,OTHER_LISTS,0.25232473726487886,0
19680519,1968,11,-0.7545454545454546,-0.7678909388695029,5.003356039676568,OTHER_LISTS,0.30704519118026974,0
19720507,1972,10,-0.406060606060606,-0.4337286445629128,0.2734869458008813,OTHER_LISTS,0.21344520877926154,0
19760620,1976,11,-0.5363636363636364,-0.5752745820927814,3.2987816911738452,OTHER_LISTS,0.21228746419546415,0
19790603,1979,12,-0.5594405594405595,-0.6498298836472997,3.2735297688095506,TERRITORIAL_LISTS,0.21054538394255304,0
19830626,1983,13,-0.4285714285714286,-0.5760304486865441,6.2289013208801265,TERRITORIAL_LISTS,0.23545957519165595,0
19870614,1987,13,-0.2802197802197802,-0.346899219677446,2.2609851792798925,OTHER_LISTS,0.19113792044113107,0
19920405,1992,14,-0.14725274725274726,-0.24662486246822385,6.258793511120734,LA RETE-MOV.DEM.,0.29342274067168084,0
19940327,1994,14,-0.4021978021978022,-0.4754333532598253,13.759456299206485,TERRITORIAL_LISTS,4.740678249278451,0.10377358490566038
19960421,1996,12,-0.3286713286713287,-0.4916353721446228,8.856618821083917,TERRITORIAL_LISTS,0.2755385368485259,0
20010513,2001,14,-0.24835164835164833,-0.2691718855709876,9.93036305484341,TERRITORIAL_LISTS,0.17715864914011747,0
20060409,2006,13,-0.5934065934065934,-0.3842620927223772,2.030869623866392,TERRITORIAL_LISTS,0.09380250694950185,0
20080413,2008,9,-0.06666666666666667,-0.02251776840292202,1.562729040198437,TERRITORIAL_LISTS,0.09011176577779983,0
20130224,2013,12,-0.6853146853146853,-0.6669279710790406,1.6537013468094923,TERRITORIAL_LISTS,0.14749968108045036,0
20180304,2018,12,-0.48251748251748255,-0.48783565723031147,4.688960713558088,TERRITORIAL_LISTS,0.17264489065833738,0
20220925,2022,14,-0.39340659340659345,-0.4545110848945048,5.470675228219874,TERRITORIAL_LISTS,0.15263824978694734,0
