benchmark,alpha,n_elections,spearman_median,pearson_median
aitchison,0.15,19,0.9761436931022431,0.9678831250957525
aitchison,0.125,19,0.9740532931745002,0.9579061582143175
aitchison,0.1,19,0.9735108478232607,0.9411309527085572
aitchison,0.07500000000000001,19,0.9733713533851258,0.9160995589241125
aitchison,0.05,19,0.9727756268619118,0.8939073705617523
aitchison,0.17500000000000002,19,0.9685347157862133,0.9705409281876051
aitchison,0.025,19,0.9673143252267882,0.8711176458384066
aitchison,0.01,19,0.9648578594812922,0.8576882069395179
aitchison,0.005,19,0.9628220813486953,0.853301141557405
aitchison,0.001,19,0.9611211017462087,0.848858625907373
aitchison,0.2,19,0.9590844890488806,0.9601328786537257
aitchison,0.225,19,0.9485927978708322,0.9464515996583689
aitchison,0.25,19,0.9309212950640142,0.9262688501122643
aitchison,0.275,19,0.9030226247851374,0.8990217389470752
aitchison,0.30000000000000004,19,0.8822562881287607,0.8658321177425284
aitchison,0.32500000000000007,19,0.8540077208016096,0.8281185580264219
aitchison,0.35000000000000003,19,0.8143631497217423,0.7874173890581848
aitchison,0.37500000000000006,19,0.7706731744157439,0.7503699254271609
aitchison,0.4,19,0.7434425815214142,0.7194202531012247
aitchison,0.42500000000000004,19,0.7173773847466995,0.6843011307250259
aitchison,0.45000000000000007,19,0.6915292621159724,0.6455347043978209
aitchison,0.47500000000000003,19,0.6658840883461258,0.6227019598534702
aitchison,0.5,19,0.6407421570395526,0.602193334637523
aitchison,0.525,19,0.616362084738883,0.583306604861731
aitchison,0.55,19,0.5926374794806027,0.5605441176642558
aitchison,0.5750000000000001,19,0.5752970045532652,0.5387836826432588
aitchison,0.6000000000000001,19,0.561353315936059,0.5182976716330561
aitchison,0.6250000000000001,19,0.5483130939816121,0.4990339844247515
aitchison,0.65,19,0.5359439213943408,0.48093664957337895
aitchison,0.675,19,0.5202532811632016,0.4670810772429472
aitchison,0.7000000000000001,19,0.5038019856601045,0.45798428951242315
aitchison,0.7250000000000001,19,0.48859298961322795,0.449551189238354
aitchison,0.7500000000000001,19,0.4743915245187582,0.4417134310076664
aitchison,0.775,19,0.4619108459090394,0.4344123628475119
aitchison,0.8,19,0.4596954590856024,0.4275971672260506
aitchison,0.8250000000000001,19,0.4578135714586823,0.4212234063723936
aitchison,0.8500000000000001,19,0.4552631621109134,0.41525188454910833
aitchison,0.8750000000000001,19,0.4467525357787374,0.4096477570785889
aitchison,0.9,19,0.4386380482755286,0.40437983055592513
aitchison,0.925,19,0.4307926780275873,0.3966299515841348
aitchison,0.9500000000000001,19,0.42312921552712385,0.38894154124539365
aitchison,0.9750000000000001,19,0.4157904880401907,0.3815361911972639
aitchison,1,19,0.40455131345306244,0.3743977048417316
