election_date,year,metric,n_components,zero_hamming_mean,zero_hamming_sd,zero_hamming_share_mean,zero_hamming_share_sd,distance_zero_hamming_pearson,distance_zero_hamming_spearman,distance_zero_hamming_share_pearson,distance_zero_hamming_share_spearman
19480418,1948,aitchison,10,0.3881628080657207,0.7158352316076044,0.03881628080657207,0.07158352316076046,0.016089899615868777,0.014401214202130226,0.01608989961586878,0.014401214202130226
19480418,1948,greenacre_weighted_lra,10,0.3881628080657207,0.7158352316076044,0.03881628080657207,0.07158352316076046,0.003761961213819626,-0.0020233720878719973,0.0037619612138196272,-0.0020233720878719973
19480418,1948,alpha_0150,10,0.3881628080657207,0.7158352316076044,0.03881628080657207,0.07158352316076046,0.013058171501016227,0.005548015695262983,0.013058171501016232,0.005548015695262983
19480418,1948,greenacre_unweighted_power_0150,10,0.3881628080657207,0.7158352316076044,0.03881628080657207,0.07158352316076046,0.0025010779452689477,0.004384371347634338,0.0025010779452689495,0.004384371347634338
19480418,1948,greenacre_weighted_power_0175,10,0.3881628080657207,0.7158352316076044,0.03881628080657207,0.07158352316076046,0.004265468218755991,-3.528490957409804e-4,0.004265468218755993,-3.528490957409804e-4
19480418,1948,euclidean,10,0.3881628080657207,0.7158352316076044,0.03881628080657207,0.07158352316076046,-0.0033920001371659553,9.166303829534985e-4,-0.0033920001371659553,9.166303829534985e-4
19530607,1953,aitchison,11,0.3831501831501832,0.5032318735225354,0.034831834831834836,0.04574835213841231,0.043042918152297736,0.03768677728145749,0.04304291815229774,0.03768677728145749
19530607,1953,greenacre_weighted_lra,11,0.3831501831501832,0.5032318735225354,0.034831834831834836,0.04574835213841231,6.120563864531578e-4,0.007571660391761807,6.120563864531579e-4,0.007571660391761807
19530607,1953,alpha_0150,11,0.3831501831501832,0.5032318735225354,0.034831834831834836,0.04574835213841231,0.03884591021091165,0.04481409681260919,0.03884591021091165,0.04481409681260919
19530607,1953,greenacre_unweighted_power_0150,11,0.3831501831501832,0.5032318735225354,0.034831834831834836,0.04574835213841231,0.05962080430423665,0.052675557860577815,0.059620804304236656,0.052675557860577815
19530607,1953,greenacre_weighted_power_0175,11,0.3831501831501832,0.5032318735225354,0.034831834831834836,0.04574835213841231,0.005347363796941351,0.014040401499865572,0.005347363796941351,0.014040401499865572
19530607,1953,euclidean,11,0.3831501831501832,0.5032318735225354,0.034831834831834836,0.04574835213841231,0.010820816108185746,0.01248938226172101,0.010820816108185747,0.01248938226172101
19580525,1958,aitchison,12,0.4817610062893082,0.5961472791062283,0.040146750524109015,0.04967893992551903,-0.02884261891610529,-0.021143027416293154,-0.02884261891610529,-0.021143027416293154
19580525,1958,greenacre_weighted_lra,12,0.4817610062893082,0.5961472791062283,0.040146750524109015,0.04967893992551903,-0.027077358833816338,-0.022369634009307714,-0.027077358833816335,-0.022369634009307714
19580525,1958,alpha_0150,12,0.4817610062893082,0.5961472791062283,0.040146750524109015,0.04967893992551903,-0.02529422925183272,-0.020888288905505193,-0.025294229251832716,-0.020888288905505193
19580525,1958,greenacre_unweighted_power_0150,12,0.4817610062893082,0.5961472791062283,0.040146750524109015,0.04967893992551903,-0.01279570047561638,-0.01805820815354418,-0.012795700475616378,-0.01805820815354418
19580525,1958,greenacre_weighted_power_0175,12,0.4817610062893082,0.5961472791062283,0.040146750524109015,0.04967893992551903,-0.028884847593962173,-0.023542094768530638,-0.028884847593962166,-0.023542094768530638
19580525,1958,euclidean,12,0.4817610062893082,0.5961472791062283,0.040146750524109015,0.04967893992551903,-0.028656758294823344,-0.014778184063011082,-0.028656758294823344,-0.014778184063011082
19630428,1963,aitchison,10,0.2846361185983827,0.4512815022510148,0.028463611859838277,0.045128150225101485,-0.028593212398516345,-0.031570249514216726,-0.028593212398516345,-0.031570249514216726
19630428,1963,greenacre_weighted_lra,10,0.2846361185983827,0.4512815022510148,0.028463611859838277,0.045128150225101485,-0.04546857670804193,-0.04582814938355134,-0.045468576708041934,-0.04582814938355134
19630428,1963,alpha_0150,10,0.2846361185983827,0.4512815022510148,0.028463611859838277,0.045128150225101485,-0.036064402720386135,-0.03911688715151328,-0.03606440272038613,-0.03911688715151328
19630428,1963,greenacre_unweighted_power_0150,10,0.2846361185983827,0.4512815022510148,0.028463611859838277,0.045128150225101485,-0.03247842563078714,-0.03473228176035241,-0.032478425630787136,-0.03473228176035241
19630428,1963,greenacre_weighted_power_0175,10,0.2846361185983827,0.4512815022510148,0.028463611859838277,0.045128150225101485,-0.04744102413578017,-0.048804019336111615,-0.04744102413578017,-0.048804019336111615
19630428,1963,euclidean,10,0.2846361185983827,0.4512815022510148,0.028463611859838277,0.045128150225101485,-0.030274913890739132,-0.039616377193529846,-0.030274913890739132,-0.039616377193529846
19680519,1968,aitchison,11,0.5911949685534591,0.6642467008797293,0.053744997141223556,0.06038606371633902,0.02708463036707056,0.0190600365289066,0.02708463036707056,0.0190600365289066
19680519,1968,greenacre_weighted_lra,11,0.5911949685534591,0.6642467008797293,0.053744997141223556,0.06038606371633902,0.006101494662785999,0.001865316746466719,0.006101494662785999,0.001865316746466719
19680519,1968,alpha_0150,11,0.5911949685534591,0.6642467008797293,0.053744997141223556,0.06038606371633902,0.012622257349232285,0.013665635337750361,0.012622257349232285,0.013665635337750361
19680519,1968,greenacre_unweighted_power_0150,11,0.5911949685534591,0.6642467008797293,0.053744997141223556,0.06038606371633902,0.04376186490300284,0.020941276950250654,0.04376186490300284,0.020941276950250654
19680519,1968,greenacre_weighted_power_0175,11,0.5911949685534591,0.6642467008797293,0.053744997141223556,0.06038606371633902,6.407861636313636e-4,-0.0019069514592650245,6.407861636313634e-4,-0.0019069514592650245
19680519,1968,euclidean,11,0.5911949685534591,0.6642467008797293,0.053744997141223556,0.06038606371633902,-0.01296127531574772,-0.011549472978196597,-0.01296127531574772,-0.011549472978196597
19720507,1972,aitchison,10,0,0,0,0,NA,NA,NA,NA
19720507,1972,greenacre_weighted_lra,10,0,0,0,0,NA,NA,NA,NA
19720507,1972,alpha_0150,10,0,0,0,0,NA,NA,NA,NA
19720507,1972,greenacre_unweighted_power_0150,10,0,0,0,0,NA,NA,NA,NA
19720507,1972,greenacre_weighted_power_0175,10,0,0,0,0,NA,NA,NA,NA
19720507,1972,euclidean,10,0,0,0,0,NA,NA,NA,NA
19760620,1976,aitchison,11,0.5778975741239892,0.5645725499893869,0.05253614310218084,0.05132477727176245,-0.02667298013835889,-0.024361170931035434,-0.02667298013835889,-0.024361170931035434
19760620,1976,greenacre_weighted_lra,11,0.5778975741239892,0.5645725499893869,0.05253614310218084,0.05132477727176245,-0.024494026762821284,-0.01948015012714404,-0.024494026762821287,-0.01948015012714404
19760620,1976,alpha_0150,11,0.5778975741239892,0.5645725499893869,0.05253614310218084,0.05132477727176245,-0.023033794089924255,-0.021021121374279052,-0.02303379408992426,-0.021021121374279052
19760620,1976,greenacre_unweighted_power_0150,11,0.5778975741239892,0.5645725499893869,0.05253614310218084,0.05132477727176245,-0.025666239296162276,-0.02259316565016483,-0.02566623929616228,-0.02259316565016483
19760620,1976,greenacre_weighted_power_0175,11,0.5778975741239892,0.5645725499893869,0.05253614310218084,0.05132477727176245,-0.023249255678649685,-0.01938271000332326,-0.023249255678649685,-0.01938271000332326
19760620,1976,euclidean,11,0.5778975741239892,0.5645725499893869,0.05253614310218084,0.05132477727176245,-0.010586870745483654,-0.00981887195521161,-0.010586870745483656,-0.00981887195521161
19790603,1979,aitchison,12,0.1725067385444744,0.3778542303244285,0.014375561545372865,0.031487852527035703,-0.014083176211951699,-0.023688688082007588,-0.0140831762119517,-0.023688688082007588
19790603,1979,greenacre_weighted_lra,12,0.1725067385444744,0.3778542303244285,0.014375561545372865,0.031487852527035703,-0.024628616021414893,-0.022901473074508173,-0.024628616021414893,-0.022901473074508173
19790603,1979,alpha_0150,12,0.1725067385444744,0.3778542303244285,0.014375561545372865,0.031487852527035703,-0.020851327653267162,-0.026805277921776803,-0.020851327653267162,-0.026805277921776803
19790603,1979,greenacre_unweighted_power_0150,12,0.1725067385444744,0.3778542303244285,0.014375561545372865,0.031487852527035703,-0.012552379315369271,-0.02654711639994924,-0.012552379315369271,-0.02654711639994924
19790603,1979,greenacre_weighted_power_0175,12,0.1725067385444744,0.3778542303244285,0.014375561545372865,0.031487852527035703,-0.02617332277665477,-0.02502864111846579,-0.02617332277665477,-0.02502864111846579
19790603,1979,euclidean,12,0.1725067385444744,0.3778542303244285,0.014375561545372865,0.031487852527035703,-0.0234598205604195,-0.01881056033527278,-0.0234598205604195,-0.01881056033527278
19830626,1983,aitchison,13,0.8240790655884995,0.7641280635847094,0.0633906973529615,0.05877908181420842,0.003172032786522564,0.0015067141533106868,0.003172032786522565,0.0015067141533106868
19830626,1983,greenacre_weighted_lra,13,0.8240790655884995,0.7641280635847094,0.0633906973529615,0.05877908181420842,-0.002346546518967782,-0.006151230774898064,-0.0023465465189677825,-0.006151230774898064
19830626,1983,alpha_0150,13,0.8240790655884995,0.7641280635847094,0.0633906973529615,0.05877908181420842,-0.0010017290494847948,-0.0015087062399556871,-0.0010017290494847948,-0.0015087062399556871
19830626,1983,greenacre_unweighted_power_0150,13,0.8240790655884995,0.7641280635847094,0.0633906973529615,0.05877908181420842,0.01201155493351431,0.00581831869810119,0.012011554933514308,0.00581831869810119
19830626,1983,greenacre_weighted_power_0175,13,0.8240790655884995,0.7641280635847094,0.0633906973529615,0.05877908181420842,-0.006386859715218234,-0.010016874514914774,-0.006386859715218234,-0.010016874514914774
19830626,1983,euclidean,13,0.8240790655884995,0.7641280635847094,0.0633906973529615,0.05877908181420842,-0.018328676257638354,-0.013936880156196216,-0.018328676257638354,-0.013936880156196216
19870614,1987,aitchison,13,0.09074573225516622,0.28727299518382743,0.006980440942705094,0.022097922706448263,0.008609099158726026,0.01380021881434966,0.008609099158726027,0.01380021881434966
19870614,1987,greenacre_weighted_lra,13,0.09074573225516622,0.28727299518382743,0.006980440942705094,0.022097922706448263,0.01920104945982127,0.025333306108703164,0.019201049459821273,0.025333306108703164
19870614,1987,alpha_0150,13,0.09074573225516622,0.28727299518382743,0.006980440942705094,0.022097922706448263,0.016097818888743756,0.02462575235194724,0.016097818888743756,0.02462575235194724
19870614,1987,greenacre_unweighted_power_0150,13,0.09074573225516622,0.28727299518382743,0.006980440942705094,0.022097922706448263,0.013899402386429702,0.021976222489004292,0.013899402386429704,0.021976222489004292
19870614,1987,greenacre_weighted_power_0175,13,0.09074573225516622,0.28727299518382743,0.006980440942705094,0.022097922706448263,0.02278636157336279,0.030153004979021337,0.022786361573362793,0.030153004979021337
19870614,1987,euclidean,13,0.09074573225516622,0.28727299518382743,0.006980440942705094,0.022097922706448263,0.0026168476560920946,0.01125349257924577,0.002616847656092095,0.01125349257924577
19920405,1992,aitchison,14,0.42857142857142855,0.5217858275485674,0.030612244897959183,0.037270416253469094,-0.0017345146839414683,0.0012736954053397674,-0.0017345146839414685,0.0012736954053397674
19920405,1992,greenacre_weighted_lra,14,0.42857142857142855,0.5217858275485674,0.030612244897959183,0.037270416253469094,-0.011069243132552826,-0.0070539282360624475,-0.01106924313255283,-0.0070539282360624475
19920405,1992,alpha_0150,14,0.42857142857142855,0.5217858275485674,0.030612244897959183,0.037270416253469094,9.760059374769366e-4,0.0024036617544498937,9.760059374769365e-4,0.0024036617544498937
19920405,1992,greenacre_unweighted_power_0150,14,0.42857142857142855,0.5217858275485674,0.030612244897959183,0.037270416253469094,0.0037181584178986172,0.003308678915593883,0.0037181584178986177,0.003308678915593883
19920405,1992,greenacre_weighted_power_0175,14,0.42857142857142855,0.5217858275485674,0.030612244897959183,0.037270416253469094,-0.007239004776800673,-0.0037135264973863547,-0.0072390047768006735,-0.0037135264973863547
19920405,1992,euclidean,14,0.42857142857142855,0.5217858275485674,0.030612244897959183,0.037270416253469094,-0.009991262023616365,-0.002563507953855548,-0.009991262023616365,-0.002563507953855548
19940327,1994,aitchison,14,2.7593890386343216,1.4636023727758642,0.1970992170453087,0.10454302662684743,-0.017411910625717137,-0.013178205289859359,-0.01741191062571714,-0.013178205289859359
19940327,1994,greenacre_weighted_lra,14,2.7593890386343216,1.4636023727758642,0.1970992170453087,0.10454302662684743,-3.596676543493062e-4,-0.00668719454731466,-3.59667654349305e-4,-0.00668719454731466
19940327,1994,alpha_0150,14,2.7593890386343216,1.4636023727758642,0.1970992170453087,0.10454302662684743,-0.00972323281956743,-0.003731234537166018,-0.00972323281956743,-0.003731234537166018
19940327,1994,greenacre_unweighted_power_0150,14,2.7593890386343216,1.4636023727758642,0.1970992170453087,0.10454302662684743,-0.015905255026063016,-0.010827804590224753,-0.015905255026063013,-0.010827804590224753
19940327,1994,greenacre_weighted_power_0175,14,2.7593890386343216,1.4636023727758642,0.1970992170453087,0.10454302662684743,3.2464696052253536e-4,-0.0010175152895676766,3.246469605225363e-4,-0.0010175152895676766
19940327,1994,euclidean,14,2.7593890386343216,1.4636023727758642,0.1970992170453087,0.10454302662684743,0.00803315653409765,7.363299576679612e-4,0.00803315653409765,7.363299576679612e-4
19960421,1996,aitchison,12,0.882659478885894,0.9069165335344124,0.07355495657382449,0.07557637779453437,0.016830939598029532,0.01538420887567397,0.016830939598029532,0.01538420887567397
19960421,1996,greenacre_weighted_lra,12,0.882659478885894,0.9069165335344124,0.07355495657382449,0.07557637779453437,-0.006133899998467919,-0.006385073577266179,-0.006133899998467919,-0.006385073577266179
19960421,1996,alpha_0150,12,0.882659478885894,0.9069165335344124,0.07355495657382449,0.07557637779453437,0.016643504392011586,0.01401981550797773,0.01664350439201159,0.01401981550797773
19960421,1996,greenacre_unweighted_power_0150,12,0.882659478885894,0.9069165335344124,0.07355495657382449,0.07557637779453437,0.01900762406100714,0.016521342203072848,0.01900762406100714,0.016521342203072848
19960421,1996,greenacre_weighted_power_0175,12,0.882659478885894,0.9069165335344124,0.07355495657382449,0.07557637779453437,-0.00436792291529949,-0.003804589338143146,-0.00436792291529949,-0.003804589338143146
19960421,1996,euclidean,12,0.882659478885894,0.9069165335344124,0.07355495657382449,0.07557637779453437,-0.01911261388221866,-0.017026460604489937,-0.01911261388221866,-0.017026460604489937
20010513,2001,aitchison,14,0.4702605570530099,0.5492181427545402,0.0335900397895007,0.03922986733961001,0.014050873890664431,0.017044648236447166,0.014050873890664433,0.017044648236447166
20010513,2001,greenacre_weighted_lra,14,0.4702605570530099,0.5492181427545402,0.0335900397895007,0.03922986733961001,0.015423107385265644,0.017648726997261586,0.015423107385265642,0.017648726997261586
20010513,2001,alpha_0150,14,0.4702605570530099,0.5492181427545402,0.0335900397895007,0.03922986733961001,0.010370069095443222,0.013638667048592686,0.010370069095443224,0.013638667048592686
20010513,2001,greenacre_unweighted_power_0150,14,0.4702605570530099,0.5492181427545402,0.0335900397895007,0.03922986733961001,0.01204493684176907,0.014090346710442842,0.01204493684176907,0.014090346710442842
20010513,2001,greenacre_weighted_power_0175,14,0.4702605570530099,0.5492181427545402,0.0335900397895007,0.03922986733961001,0.01423214405637719,0.01572892435356109,0.01423214405637719,0.01572892435356109
20010513,2001,euclidean,14,0.4702605570530099,0.5492181427545402,0.0335900397895007,0.03922986733961001,0.005579676359803558,0.006137218826636566,0.005579676359803559,0.006137218826636566
20060409,2006,aitchison,13,0,0,0,0,NA,NA,NA,NA
20060409,2006,greenacre_weighted_lra,13,0,0,0,0,NA,NA,NA,NA
20060409,2006,alpha_0150,13,0,0,0,0,NA,NA,NA,NA
20060409,2006,greenacre_unweighted_power_0150,13,0,0,0,0,NA,NA,NA,NA
20060409,2006,greenacre_weighted_power_0175,13,0,0,0,0,NA,NA,NA,NA
20060409,2006,euclidean,13,0,0,0,0,NA,NA,NA,NA
20080413,2008,aitchison,9,0,0,0,0,NA,NA,NA,NA
20080413,2008,greenacre_weighted_lra,9,0,0,0,0,NA,NA,NA,NA
20080413,2008,alpha_0150,9,0,0,0,0,NA,NA,NA,NA
20080413,2008,greenacre_unweighted_power_0150,9,0,0,0,0,NA,NA,NA,NA
20080413,2008,greenacre_weighted_power_0175,9,0,0,0,0,NA,NA,NA,NA
20080413,2008,euclidean,9,0,0,0,0,NA,NA,NA,NA
20130224,2013,aitchison,12,0.03737646001796945,0.18969956965765686,0.0031147050014974542,0.015808297471471406,-0.007308273676979855,-0.006010837606804403,-0.0073082736769798555,-0.006010837606804403
20130224,2013,greenacre_weighted_lra,12,0.03737646001796945,0.18969956965765686,0.0031147050014974542,0.015808297471471406,-0.014708154174725149,-0.01374537562807847,-0.014708154174725152,-0.01374537562807847
20130224,2013,alpha_0150,12,0.03737646001796945,0.18969956965765686,0.0031147050014974542,0.015808297471471406,-0.00681542701762009,-0.0067125835846418656,-0.006815427017620091,-0.0067125835846418656
20130224,2013,greenacre_unweighted_power_0150,12,0.03737646001796945,0.18969956965765686,0.0031147050014974542,0.015808297471471406,-0.006078846120509652,-0.005953636464073115,-0.006078846120509653,-0.005953636464073115
20130224,2013,greenacre_weighted_power_0175,12,0.03737646001796945,0.18969956965765686,0.0031147050014974542,0.015808297471471406,-0.012914168763933559,-0.01303832232771955,-0.012914168763933557,-0.01303832232771955
20130224,2013,euclidean,12,0.03737646001796945,0.18969956965765686,0.0031147050014974542,0.015808297471471406,-0.00790693809774046,-0.018592140495176025,-0.007906938097740462,-0.018592140495176025
20180304,2018,aitchison,12,0.37376460017969454,0.48384573111851414,0.03114705001497454,0.04032047759320951,-5.38920355540115e-4,0.0021007053193287115,-5.38920355540115e-4,0.0021007053193287115
20180304,2018,greenacre_weighted_lra,12,0.37376460017969454,0.48384573111851414,0.03114705001497454,0.04032047759320951,-0.011338312843573489,-0.010161346993671237,-0.011338312843573487,-0.010161346993671237
20180304,2018,alpha_0150,12,0.37376460017969454,0.48384573111851414,0.03114705001497454,0.04032047759320951,-0.013488662066996247,-0.013241888230159874,-0.013488662066996247,-0.013241888230159874
20180304,2018,greenacre_unweighted_power_0150,12,0.37376460017969454,0.48384573111851414,0.03114705001497454,0.04032047759320951,-0.010516004965387802,-0.012772316085810696,-0.010516004965387803,-0.012772316085810696
20180304,2018,greenacre_weighted_power_0175,12,0.37376460017969454,0.48384573111851414,0.03114705001497454,0.04032047759320951,-0.015241548706928978,-0.015385134797425681,-0.015241548706928981,-0.015385134797425681
20180304,2018,euclidean,12,0.37376460017969454,0.48384573111851414,0.03114705001497454,0.04032047759320951,-0.006810703992744353,-0.006152296780468524,-0.006810703992744353,-0.006152296780468524
20220925,2022,aitchison,14,0.40125786163522015,0.5081986334110102,0.02866127583108715,0.03629990238650073,-0.022892748892406764,-0.03837279680697048,-0.022892748892406764,-0.03837279680697048
20220925,2022,greenacre_weighted_lra,14,0.40125786163522015,0.5081986334110102,0.02866127583108715,0.03629990238650073,-0.02911943002344091,-0.035901824570931655,-0.029119430023440914,-0.035901824570931655
20220925,2022,alpha_0150,14,0.40125786163522015,0.5081986334110102,0.02866127583108715,0.03629990238650073,-0.030059023696867672,-0.042878252281362335,-0.030059023696867672,-0.042878252281362335
20220925,2022,greenacre_unweighted_power_0150,14,0.40125786163522015,0.5081986334110102,0.02866127583108715,0.03629990238650073,-0.025332458385414102,-0.0427933445550501,-0.025332458385414102,-0.0427933445550501
20220925,2022,greenacre_weighted_power_0175,14,0.40125786163522015,0.5081986334110102,0.02866127583108715,0.03629990238650073,-0.029550274288817013,-0.03765442333027628,-0.029550274288817013,-0.03765442333027628
20220925,2022,euclidean,14,0.40125786163522015,0.5081986334110102,0.02866127583108715,0.03629990238650073,-0.014000897335724285,-0.016661195459092705,-0.014000897335724285,-0.016661195459092705
