metric,replacement_type,replacement_value,comparison,reference_metric,n_elections,pearson_median,spearman_median
aitchison,fixed_count,1,against_baseline_fixed_count_10,aitchison_fixed_count_10,19,0.9846690230702361,0.9954512470578192
aitchison,fixed_count,5,against_baseline_fixed_count_10,aitchison_fixed_count_10,19,0.9981516283646912,0.9990363119650677
aitchison,fixed_count,10,against_baseline_fixed_count_10,aitchison_fixed_count_10,19,1,1
aitchison,fixed_count,25,against_baseline_fixed_count_10,aitchison_fixed_count_10,19,0.9951950675509146,0.9960048015337287
aitchison,fixed_count,50,against_baseline_fixed_count_10,aitchison_fixed_count_10,19,0.9818523369071404,0.983865039274539
aitchison,share_floor,1e-6,against_baseline_fixed_count_10,aitchison_fixed_count_10,19,0.9632644379275374,0.977003644170138
aitchison,share_floor,5e-6,against_baseline_fixed_count_10,aitchison_fixed_count_10,19,0.9754246461180434,0.9805808451186122
aitchison,share_floor,1e-5,against_baseline_fixed_count_10,aitchison_fixed_count_10,19,0.9782585799130904,0.9823523785143232
aitchison,share_floor,5e-5,against_baseline_fixed_count_10,aitchison_fixed_count_10,19,0.9857336452603103,0.9838527700032353
aitchison,fixed_count,1,against_preferred_greenacre_weighted_power_0175,greenacre_weighted_power_0175,19,0.8144252153723873,0.8043243219422841
aitchison,fixed_count,5,against_preferred_greenacre_weighted_power_0175,greenacre_weighted_power_0175,19,0.8313726365093209,0.8131725090286193
aitchison,fixed_count,10,against_preferred_greenacre_weighted_power_0175,greenacre_weighted_power_0175,19,0.8481490584480846,0.840918335074722
aitchison,fixed_count,25,against_preferred_greenacre_weighted_power_0175,greenacre_weighted_power_0175,19,0.8643554258906795,0.8613524457216413
aitchison,fixed_count,50,against_preferred_greenacre_weighted_power_0175,greenacre_weighted_power_0175,19,0.8581428624246398,0.8566379177684321
aitchison,share_floor,1e-6,against_preferred_greenacre_weighted_power_0175,greenacre_weighted_power_0175,19,0.8043909490436822,0.8043243219422841
aitchison,share_floor,5e-6,against_preferred_greenacre_weighted_power_0175,greenacre_weighted_power_0175,19,0.8176879096188807,0.8043243219422841
aitchison,share_floor,1e-5,against_preferred_greenacre_weighted_power_0175,greenacre_weighted_power_0175,19,0.8256536657350891,0.8065562892121009
aitchison,share_floor,5e-5,against_preferred_greenacre_weighted_power_0175,greenacre_weighted_power_0175,19,0.8654301380296708,0.8601993550104146
greenacre_weighted_lra,fixed_count,1,against_baseline_fixed_count_10,greenacre_weighted_lra_fixed_count_10,19,0.9780151190755744,0.9858747265713435
greenacre_weighted_lra,fixed_count,5,against_baseline_fixed_count_10,greenacre_weighted_lra_fixed_count_10,19,0.9979666987342591,0.9980795121179982
greenacre_weighted_lra,fixed_count,10,against_baseline_fixed_count_10,greenacre_weighted_lra_fixed_count_10,19,1,1
greenacre_weighted_lra,fixed_count,25,against_baseline_fixed_count_10,greenacre_weighted_lra_fixed_count_10,19,0.9952043242354053,0.9963118895346729
greenacre_weighted_lra,fixed_count,50,against_baseline_fixed_count_10,greenacre_weighted_lra_fixed_count_10,19,0.9836275338895553,0.9886120412373879
greenacre_weighted_lra,share_floor,1e-6,against_baseline_fixed_count_10,greenacre_weighted_lra_fixed_count_10,19,0.9475137577901531,0.9713413734094504
greenacre_weighted_lra,share_floor,5e-6,against_baseline_fixed_count_10,greenacre_weighted_lra_fixed_count_10,19,0.9774928143448076,0.9819773614283231
greenacre_weighted_lra,share_floor,1e-5,against_baseline_fixed_count_10,greenacre_weighted_lra_fixed_count_10,19,0.9839394557533755,0.9890942757043325
greenacre_weighted_lra,share_floor,5e-5,against_baseline_fixed_count_10,greenacre_weighted_lra_fixed_count_10,19,0.9960432317889085,0.9957977432109398
greenacre_weighted_lra,fixed_count,1,against_preferred_greenacre_weighted_power_0175,greenacre_weighted_power_0175,19,0.9686193581616371,0.9778551304567101
greenacre_weighted_lra,fixed_count,5,against_preferred_greenacre_weighted_power_0175,greenacre_weighted_power_0175,19,0.9868809588155948,0.9872796862520539
greenacre_weighted_lra,fixed_count,10,against_preferred_greenacre_weighted_power_0175,greenacre_weighted_power_0175,19,0.982807298249611,0.9851931640976942
greenacre_weighted_lra,fixed_count,25,against_preferred_greenacre_weighted_power_0175,greenacre_weighted_power_0175,19,0.9739895416390464,0.9752968778297701
greenacre_weighted_lra,fixed_count,50,against_preferred_greenacre_weighted_power_0175,greenacre_weighted_power_0175,19,0.963042523915585,0.9658112228060522
greenacre_weighted_lra,share_floor,1e-6,against_preferred_greenacre_weighted_power_0175,greenacre_weighted_power_0175,19,0.9577356042038667,0.9778551304567101
greenacre_weighted_lra,share_floor,5e-6,against_preferred_greenacre_weighted_power_0175,greenacre_weighted_power_0175,19,0.9782343685298812,0.9827982827041907
greenacre_weighted_lra,share_floor,1e-5,against_preferred_greenacre_weighted_power_0175,greenacre_weighted_power_0175,19,0.9832040126549011,0.9881156941336916
greenacre_weighted_lra,share_floor,5e-5,against_preferred_greenacre_weighted_power_0175,greenacre_weighted_power_0175,19,0.9864810305552127,0.9868624371335971
