election_date,year,geometry,component,share_of_total_pairwise_distance
19480418,1948,aitchison,TERRITORIAL_LISTS,0.23156457990623358
19480418,1948,aitchison,OTHER_LISTS,0.1958908680045153
19480418,1948,aitchison,P.NAZ.MON.ALL.D.LAV.,0.16953498125986827
19480418,1948,aitchison,PRI,0.14332144109519776
19480418,1948,aitchison,UNITA' SOCIALISTA,0.07541527404372256
19480418,1948,alpha_0150,OTHER_LISTS,0.21417734973883235
19480418,1948,alpha_0150,P.NAZ.MON.ALL.D.LAV.,0.17396398871907245
19480418,1948,alpha_0150,TERRITORIAL_LISTS,0.16157662282021024
19480418,1948,alpha_0150,PRI,0.13092939922145427
19480418,1948,alpha_0150,FR.DEMOCR.POPOLARE,0.08788812901530836
19480418,1948,euclidean,FR.DEMOCR.POPOLARE,0.47948745300399787
19480418,1948,euclidean,DC,0.24152919108047996
19480418,1948,euclidean,OTHER_LISTS,0.09312549615836059
19480418,1948,euclidean,BLOCCO NAZIONALE,0.04463551394845198
19480418,1948,euclidean,PRI,0.03586370199612903
19480418,1948,greenacre_unweighted_power_0150,TERRITORIAL_LISTS,0.778826148457466
19480418,1948,greenacre_unweighted_power_0150,OTHER_LISTS,0.06323422605531585
19480418,1948,greenacre_unweighted_power_0150,P.NAZ.MON.ALL.D.LAV.,0.05278291878403081
19480418,1948,greenacre_unweighted_power_0150,PRI,0.036194771756464676
19480418,1948,greenacre_unweighted_power_0150,MSI,0.017312207770515575
19480418,1948,greenacre_weighted_lra,FR.DEMOCR.POPOLARE,0.20221050080688963
19480418,1948,greenacre_weighted_lra,P.NAZ.MON.ALL.D.LAV.,0.16287947238044745
19480418,1948,greenacre_weighted_lra,OTHER_LISTS,0.1425042669128238
19480418,1948,greenacre_weighted_lra,PRI,0.12845190167653928
19480418,1948,greenacre_weighted_lra,BLOCCO NAZIONALE,0.1085142186935258
19480418,1948,greenacre_weighted_power_0175,FR.DEMOCR.POPOLARE,0.20325534279767077
19480418,1948,greenacre_weighted_power_0175,P.NAZ.MON.ALL.D.LAV.,0.15728700990495753
19480418,1948,greenacre_weighted_power_0175,OTHER_LISTS,0.13763888470021315
19480418,1948,greenacre_weighted_power_0175,PRI,0.12179463573504855
19480418,1948,greenacre_weighted_power_0175,BLOCCO NAZIONALE,0.1059694583430881
19530607,1953,aitchison,TERRITORIAL_LISTS,0.3341976684674397
19530607,1953,aitchison,P.NAZ.MONARCHICO,0.1450757940808049
19530607,1953,aitchison,PSDI,0.13881776197489748
19530607,1953,aitchison,PRI,0.12252922240296941
19530607,1953,aitchison,OTHER_LISTS,0.06761524162053277
19530607,1953,alpha_0150,TERRITORIAL_LISTS,0.3622309013808497
19530607,1953,alpha_0150,PSDI,0.14665922435058898
19530607,1953,alpha_0150,P.NAZ.MONARCHICO,0.12586350533389523
19530607,1953,alpha_0150,PRI,0.08360907571894347
19530607,1953,alpha_0150,OTHER_LISTS,0.053349543306721856
19530607,1953,euclidean,PCI,0.2956027284957583
19530607,1953,euclidean,DC,0.24998049208381834
19530607,1953,euclidean,OTHER_LISTS,0.1250579449869619
19530607,1953,euclidean,P.NAZ.MONARCHICO,0.09877702443370974
19530607,1953,euclidean,PSI,0.08975288044591068
19530607,1953,greenacre_unweighted_power_0150,TERRITORIAL_LISTS,0.8163316742417543
19530607,1953,greenacre_unweighted_power_0150,PSDI,0.04335106339652448
19530607,1953,greenacre_unweighted_power_0150,P.NAZ.MONARCHICO,0.03614298826570302
19530607,1953,greenacre_unweighted_power_0150,PRI,0.029036184762117962
19530607,1953,greenacre_unweighted_power_0150,OTHER_LISTS,0.017165355447865262
19530607,1953,greenacre_weighted_lra,P.NAZ.MONARCHICO,0.24212885076442478
19530607,1953,greenacre_weighted_lra,PCI,0.16915728322112647
19530607,1953,greenacre_weighted_lra,PSDI,0.14996245116465493
19530607,1953,greenacre_weighted_lra,PSI,0.09548563457976124
19530607,1953,greenacre_weighted_lra,DC,0.06896990637252395
19530607,1953,greenacre_weighted_power_0175,P.NAZ.MONARCHICO,0.21340337066387804
19530607,1953,greenacre_weighted_power_0175,PCI,0.16637261067046594
19530607,1953,greenacre_weighted_power_0175,PSDI,0.14224272810897787
19530607,1953,greenacre_weighted_power_0175,PSI,0.09308050155757626
19530607,1953,greenacre_weighted_power_0175,DC,0.07142083924710885
19580525,1958,aitchison,OTHER_LISTS,0.46750560640617483
19580525,1958,aitchison,PRI-P.RAD.,0.08639671067533766
19580525,1958,aitchison,P.NAZ.MONARCHICO,0.08596123554371181
19580525,1958,aitchison,TERRITORIAL_LISTS,0.08485340504490403
19580525,1958,aitchison,P.MONARCHICO POP.,0.07531906916120666
19580525,1958,alpha_0150,OTHER_LISTS,0.4917397868388528
19580525,1958,alpha_0150,P.NAZ.MONARCHICO,0.08707757657410517
19580525,1958,alpha_0150,PRI-P.RAD.,0.06508741551973071
19580525,1958,alpha_0150,PCI,0.06355381187647932
19580525,1958,alpha_0150,TERRITORIAL_LISTS,0.06055391322401331
19580525,1958,euclidean,PCI,0.32881891494997345
19580525,1958,euclidean,DC,0.27925610126532885
19580525,1958,euclidean,OTHER_LISTS,0.15012414290028805
19580525,1958,euclidean,PSI,0.07439392361970115
19580525,1958,euclidean,NON_VALID_OR_NON_VOTING,0.05813024663455132
19580525,1958,greenacre_unweighted_power_0150,TERRITORIAL_LISTS,0.6298257046880746
19580525,1958,greenacre_unweighted_power_0150,OTHER_LISTS,0.24218992264873546
19580525,1958,greenacre_unweighted_power_0150,P.NAZ.MONARCHICO,0.02843224116576556
19580525,1958,greenacre_unweighted_power_0150,PRI-P.RAD.,0.022497607216417297
19580525,1958,greenacre_unweighted_power_0150,P.MONARCHICO POP.,0.017828021365066418
19580525,1958,greenacre_weighted_lra,OTHER_LISTS,0.3188152956032149
19580525,1958,greenacre_weighted_lra,PCI,0.1754632182967068
19580525,1958,greenacre_weighted_lra,P.NAZ.MONARCHICO,0.08653475301101739
19580525,1958,greenacre_weighted_lra,P.MONARCHICO POP.,0.06668506156459218
19580525,1958,greenacre_weighted_lra,PSI,0.06532086992738699
19580525,1958,greenacre_weighted_power_0175,OTHER_LISTS,0.3296147490681443
19580525,1958,greenacre_weighted_power_0175,PCI,0.1711959898737733
19580525,1958,greenacre_weighted_power_0175,P.NAZ.MONARCHICO,0.08030249208112576
19580525,1958,greenacre_weighted_power_0175,P.MONARCHICO POP.,0.06361492850614432
19580525,1958,greenacre_weighted_power_0175,PSI,0.06324339798724626
19630428,1963,aitchison,OTHER_LISTS,0.5284354208508879
19630428,1963,aitchison,PRI,0.14296567470707636
19630428,1963,aitchison,PDIUM,0.06801219196576071
19630428,1963,aitchison,PCI,0.04992623303874119
19630428,1963,aitchison,PSDI,0.0498895232202711
19630428,1963,alpha_0150,OTHER_LISTS,0.5783789819197678
19630428,1963,alpha_0150,PRI,0.09144794816317878
19630428,1963,alpha_0150,PCI,0.06613775582287054
19630428,1963,alpha_0150,PSDI,0.04373937076474408
19630428,1963,alpha_0150,NON_VALID_OR_NON_VOTING,0.043485963509456625
19630428,1963,euclidean,PCI,0.3834763538376027
19630428,1963,euclidean,DC,0.27101412752577503
19630428,1963,euclidean,OTHER_LISTS,0.11389336050689756
19630428,1963,euclidean,NON_VALID_OR_NON_VOTING,0.10138047050598387
19630428,1963,euclidean,PSI,0.04565126050183289
19630428,1963,greenacre_unweighted_power_0150,OTHER_LISTS,0.6925563109691414
19630428,1963,greenacre_unweighted_power_0150,PRI,0.08470815769063178
19630428,1963,greenacre_unweighted_power_0150,PDIUM,0.03891875053087601
19630428,1963,greenacre_unweighted_power_0150,PCI,0.037942776408906934
19630428,1963,greenacre_unweighted_power_0150,PSDI,0.03140474325864746
19630428,1963,greenacre_weighted_lra,PCI,0.24288712889640796
19630428,1963,greenacre_weighted_lra,OTHER_LISTS,0.22737975456752268
19630428,1963,greenacre_weighted_lra,NON_VALID_OR_NON_VOTING,0.10545202620348296
19630428,1963,greenacre_weighted_lra,DC,0.10264095046870457
19630428,1963,greenacre_weighted_lra,PRI,0.07093691481909165
19630428,1963,greenacre_weighted_power_0175,OTHER_LISTS,0.26675775379701133
19630428,1963,greenacre_weighted_power_0175,PCI,0.225350808523531
19630428,1963,greenacre_weighted_power_0175,NON_VALID_OR_NON_VOTING,0.10397613815753157
19630428,1963,greenacre_weighted_power_0175,DC,0.09840186921685469
19630428,1963,greenacre_weighted_power_0175,PRI,0.06786813824894083
19680519,1968,aitchison,OTHER_LISTS,0.4776549815727966
19680519,1968,aitchison,TERRITORIAL_LISTS,0.21557443188716716
19680519,1968,aitchison,PDIUM,0.11798002947908075
19680519,1968,aitchison,PRI,0.039142324781577774
19680519,1968,aitchison,PCI,0.033240342872856384
19680519,1968,alpha_0150,OTHER_LISTS,0.5006262111521403
19680519,1968,alpha_0150,TERRITORIAL_LISTS,0.14972491181153486
19680519,1968,alpha_0150,PDIUM,0.12724636267208675
19680519,1968,alpha_0150,PCI,0.0547267698567414
19680519,1968,alpha_0150,PRI,0.030816927936463238
19680519,1968,euclidean,PCI,0.40278983731141954
19680519,1968,euclidean,DC,0.2655174178913351
19680519,1968,euclidean,OTHER_LISTS,0.11742994038636505
19680519,1968,euclidean,NON_VALID_OR_NON_VOTING,0.11670501377905257
19680519,1968,euclidean,PSU,0.039891409091121384
19680519,1968,greenacre_unweighted_power_0150,TERRITORIAL_LISTS,0.727567752136463
19680519,1968,greenacre_unweighted_power_0150,OTHER_LISTS,0.1943033288594527
19680519,1968,greenacre_unweighted_power_0150,PDIUM,0.036222452797863375
19680519,1968,greenacre_unweighted_power_0150,PCI,0.008809956316736846
19680519,1968,greenacre_unweighted_power_0150,PRI,0.007531858821928158
19680519,1968,greenacre_weighted_lra,OTHER_LISTS,0.3140411036907874
19680519,1968,greenacre_weighted_lra,PCI,0.21564616261459552
19680519,1968,greenacre_weighted_lra,NON_VALID_OR_NON_VOTING,0.10701485279976149
19680519,1968,greenacre_weighted_lra,DC,0.08734958115402507
19680519,1968,greenacre_weighted_lra,PDIUM,0.06275392985671471
19680519,1968,greenacre_weighted_power_0175,OTHER_LISTS,0.3298471496143244
19680519,1968,greenacre_weighted_power_0175,PCI,0.19798098432032063
19680519,1968,greenacre_weighted_power_0175,NON_VALID_OR_NON_VOTING,0.10215843307992986
19680519,1968,greenacre_weighted_power_0175,DC,0.08186449689450914
19680519,1968,greenacre_weighted_power_0175,PDIUM,0.07625136788859493
19720507,1972,aitchison,OTHER_LISTS,0.14760163727265693
19720507,1972,aitchison,NON_VALID_OR_NON_VOTING,0.13993232450393286
19720507,1972,aitchison,PRI,0.12661656660900936
19720507,1972,aitchison,MSI,0.1233365813947411
19720507,1972,aitchison,PCI,0.12051469112308075
19720507,1972,alpha_0150,PCI,0.17203833783055694
19720507,1972,alpha_0150,NON_VALID_OR_NON_VOTING,0.15841912036481198
19720507,1972,alpha_0150,OTHER_LISTS,0.13244449850697548
19720507,1972,alpha_0150,MSI,0.12146958158784231
19720507,1972,alpha_0150,PRI,0.10221435271243917
19720507,1972,euclidean,PCI,0.4112158419797293
19720507,1972,euclidean,DC,0.25750404894532763
19720507,1972,euclidean,NON_VALID_OR_NON_VOTING,0.11689928771203088
19720507,1972,euclidean,OTHER_LISTS,0.10659300941681167
19720507,1972,euclidean,MSI,0.05026652551061745
19720507,1972,greenacre_unweighted_power_0150,OTHER_LISTS,0.1643175995432629
19720507,1972,greenacre_unweighted_power_0150,NON_VALID_OR_NON_VOTING,0.14464460723397693
19720507,1972,greenacre_unweighted_power_0150,PCI,0.13754549833667035
19720507,1972,greenacre_unweighted_power_0150,MSI,0.11844005014291986
19720507,1972,greenacre_unweighted_power_0150,PRI,0.1173779034973573
19720507,1972,greenacre_weighted_lra,PCI,0.31768728923806727
19720507,1972,greenacre_weighted_lra,NON_VALID_OR_NON_VOTING,0.18057584257910145
19720507,1972,greenacre_weighted_lra,DC,0.1224257546033037
19720507,1972,greenacre_weighted_lra,MSI,0.10770218013981867
19720507,1972,greenacre_weighted_lra,PLI,0.05818314423386672
19720507,1972,greenacre_weighted_power_0175,PCI,0.30891057491940066
19720507,1972,greenacre_weighted_power_0175,NON_VALID_OR_NON_VOTING,0.1804628334082622
19720507,1972,greenacre_weighted_power_0175,DC,0.1220790590398029
19720507,1972,greenacre_weighted_power_0175,MSI,0.10915902268868591
19720507,1972,greenacre_weighted_power_0175,PLI,0.05724090576772894
19760620,1976,aitchison,OTHER_LISTS,0.5609092807203979
19760620,1976,aitchison,P.RAD,0.15544960887247158
19760620,1976,aitchison,NON_VALID_OR_NON_VOTING,0.04911584256073387
19760620,1976,aitchison,MSI-DN,0.041928356797758075
19760620,1976,aitchison,PLI,0.038999561214134594
19760620,1976,alpha_0150,OTHER_LISTS,0.5905964787165957
19760620,1976,alpha_0150,P.RAD,0.14351959435437786
19760620,1976,alpha_0150,PCI,0.05301262437181979
19760620,1976,alpha_0150,NON_VALID_OR_NON_VOTING,0.05186039287316912
19760620,1976,alpha_0150,MSI-DN,0.03372697045268309
19760620,1976,euclidean,PCI,0.43979293568280525
19760620,1976,euclidean,DC,0.24285582509166953
19760620,1976,euclidean,OTHER_LISTS,0.13269610300990262
19760620,1976,euclidean,NON_VALID_OR_NON_VOTING,0.11409043437315826
19760620,1976,euclidean,MSI-DN,0.029100044015787377
19760620,1976,greenacre_unweighted_power_0150,OTHER_LISTS,0.8188012026236545
19760620,1976,greenacre_unweighted_power_0150,P.RAD,0.07935415562291451
19760620,1976,greenacre_unweighted_power_0150,NON_VALID_OR_NON_VOTING,0.01893843844679424
19760620,1976,greenacre_unweighted_power_0150,PCI,0.016108095360325366
19760620,1976,greenacre_unweighted_power_0150,MSI-DN,0.013618946567886793
19760620,1976,greenacre_weighted_lra,PCI,0.2274435346481321
19760620,1976,greenacre_weighted_lra,OTHER_LISTS,0.20789027349973604
19760620,1976,greenacre_weighted_lra,NON_VALID_OR_NON_VOTING,0.1733712594945489
19760620,1976,greenacre_weighted_lra,DC,0.09909916411370263
19760620,1976,greenacre_weighted_lra,MSI-DN,0.08023728731081378
19760620,1976,greenacre_weighted_power_0175,OTHER_LISTS,0.27425430593836303
19760620,1976,greenacre_weighted_power_0175,PCI,0.20147930386375149
19760620,1976,greenacre_weighted_power_0175,NON_VALID_OR_NON_VOTING,0.15489028602326615
19760620,1976,greenacre_weighted_power_0175,DC,0.08966683067281662
19760620,1976,greenacre_weighted_power_0175,MSI-DN,0.0721318780836008
19790603,1979,aitchison,TERRITORIAL_LISTS,0.6009034630882265
19790603,1979,aitchison,OTHER_LISTS,0.07499364693970237
19790603,1979,aitchison,PLI,0.0551211096712107
19790603,1979,aitchison,PRI,0.0482180298496285
19790603,1979,aitchison,NON_VALID_OR_NON_VOTING,0.046460109359117735
19790603,1979,alpha_0150,TERRITORIAL_LISTS,0.5293320421818648
19790603,1979,alpha_0150,OTHER_LISTS,0.08197609757304802
19790603,1979,alpha_0150,PCI,0.08072938383431932
19790603,1979,alpha_0150,NON_VALID_OR_NON_VOTING,0.07511495659687953
19790603,1979,alpha_0150,PRI,0.045386262150303315
19790603,1979,euclidean,PCI,0.4204575902816213
19790603,1979,euclidean,DC,0.18981757179085362
19790603,1979,euclidean,NON_VALID_OR_NON_VOTING,0.1844634124620016
19790603,1979,euclidean,OTHER_LISTS,0.1509992002124327
19790603,1979,euclidean,PSI,0.013737253723142858
19790603,1979,greenacre_unweighted_power_0150,TERRITORIAL_LISTS,0.936558389185649
19790603,1979,greenacre_unweighted_power_0150,OTHER_LISTS,0.013393951978438776
19790603,1979,greenacre_unweighted_power_0150,NON_VALID_OR_NON_VOTING,0.00864892124329214
19790603,1979,greenacre_unweighted_power_0150,PCI,0.008372125737185048
19790603,1979,greenacre_unweighted_power_0150,PLI,0.007159491719329925
19790603,1979,greenacre_weighted_lra,PCI,0.29842429558936967
19790603,1979,greenacre_weighted_lra,NON_VALID_OR_NON_VOTING,0.22627834140826067
19790603,1979,greenacre_weighted_lra,DC,0.0933354106705319
19790603,1979,greenacre_weighted_lra,OTHER_LISTS,0.08006956112637739
19790603,1979,greenacre_weighted_lra,TERRITORIAL_LISTS,0.0582582998900547
19790603,1979,greenacre_weighted_power_0175,PCI,0.28014408725381207
19790603,1979,greenacre_weighted_power_0175,NON_VALID_OR_NON_VOTING,0.21489796100454417
19790603,1979,greenacre_weighted_power_0175,OTHER_LISTS,0.09635955570690218
19790603,1979,greenacre_weighted_power_0175,DC,0.08931696428313493
19790603,1979,greenacre_weighted_power_0175,TERRITORIAL_LISTS,0.08898345742390179
19830626,1983,aitchison,TERRITORIAL_LISTS,0.3775355207731915
19830626,1983,aitchison,PART.NAZ.PENS.,0.3124461902854227
19830626,1983,aitchison,OTHER_LISTS,0.1771558880351962
19830626,1983,aitchison,PLI,0.021161176877369767
19830626,1983,aitchison,PCI,0.017959681746581548
19830626,1983,alpha_0150,TERRITORIAL_LISTS,0.3291795214002353
19830626,1983,alpha_0150,PART.NAZ.PENS.,0.3163787920072328
19830626,1983,alpha_0150,OTHER_LISTS,0.18567794037925703
19830626,1983,alpha_0150,PCI,0.03265302465845084
19830626,1983,alpha_0150,NON_VALID_OR_NON_VOTING,0.024477998741951806
19830626,1983,euclidean,PCI,0.45018625248796484
19830626,1983,euclidean,DC,0.18012467921254793
19830626,1983,euclidean,NON_VALID_OR_NON_VOTING,0.14786512918544067
19830626,1983,euclidean,OTHER_LISTS,0.1300444647725786
19830626,1983,euclidean,TERRITORIAL_LISTS,0.017798213904815455
19830626,1983,greenacre_unweighted_power_0150,TERRITORIAL_LISTS,0.6992689215039554
19830626,1983,greenacre_unweighted_power_0150,PART.NAZ.PENS.,0.14848524590660617
19830626,1983,greenacre_unweighted_power_0150,OTHER_LISTS,0.10402883322406914
19830626,1983,greenacre_unweighted_power_0150,PCI,0.007771536799892157
19830626,1983,greenacre_unweighted_power_0150,PLI,0.006433533057385615
19830626,1983,greenacre_weighted_lra,PART.NAZ.PENS.,0.22590156771691988
19830626,1983,greenacre_weighted_lra,TERRITORIAL_LISTS,0.20625058923119985
19830626,1983,greenacre_weighted_lra,PCI,0.15292051941204204
19830626,1983,greenacre_weighted_lra,OTHER_LISTS,0.13355424686897843
19830626,1983,greenacre_weighted_lra,NON_VALID_OR_NON_VOTING,0.07536767285819257
19830626,1983,greenacre_weighted_power_0175,TERRITORIAL_LISTS,0.22366440718519567
19830626,1983,greenacre_weighted_power_0175,PART.NAZ.PENS.,0.22126647961455126
19830626,1983,greenacre_weighted_power_0175,PCI,0.14676527011799786
19830626,1983,greenacre_weighted_power_0175,OTHER_LISTS,0.13998902924589995
19830626,1983,greenacre_weighted_power_0175,NON_VALID_OR_NON_VOTING,0.0728981512117851
19870614,1987,aitchison,OTHER_LISTS,0.32842977203256185
19870614,1987,aitchison,LISTA VERDE,0.2549452542643621
19870614,1987,aitchison,TERRITORIAL_LISTS,0.16522263502734233
19870614,1987,aitchison,PSDI,0.04430813524149153
19870614,1987,aitchison,PCI,0.04002173435482251
19870614,1987,alpha_0150,LISTA VERDE,0.30604533329416184
19870614,1987,alpha_0150,OTHER_LISTS,0.2197539830926904
19870614,1987,alpha_0150,TERRITORIAL_LISTS,0.15186565321813225
19870614,1987,alpha_0150,PCI,0.07199166956216872
19870614,1987,alpha_0150,NON_VALID_OR_NON_VOTING,0.06487502918690478
19870614,1987,euclidean,PCI,0.4189943739768867
19870614,1987,euclidean,NON_VALID_OR_NON_VOTING,0.1863157661471611
19870614,1987,euclidean,DC,0.1850930373483064
19870614,1987,euclidean,OTHER_LISTS,0.11315350836698797
19870614,1987,euclidean,TERRITORIAL_LISTS,0.026496790698000837
19870614,1987,greenacre_unweighted_power_0150,LISTA VERDE,0.30939884236493265
19870614,1987,greenacre_unweighted_power_0150,OTHER_LISTS,0.27241304158438406
19870614,1987,greenacre_unweighted_power_0150,TERRITORIAL_LISTS,0.164396706994537
19870614,1987,greenacre_unweighted_power_0150,PCI,0.04753756251085159
19870614,1987,greenacre_unweighted_power_0150,NON_VALID_OR_NON_VOTING,0.04539840922671058
19870614,1987,greenacre_weighted_lra,PCI,0.19301412428176704
19870614,1987,greenacre_weighted_lra,LISTA VERDE,0.18792471751739362
19870614,1987,greenacre_weighted_lra,OTHER_LISTS,0.16430463906166132
19870614,1987,greenacre_weighted_lra,NON_VALID_OR_NON_VOTING,0.12415581487749514
19870614,1987,greenacre_weighted_lra,TERRITORIAL_LISTS,0.10356002391680776
19870614,1987,greenacre_weighted_power_0175,PCI,0.20586921652623885
19870614,1987,greenacre_weighted_power_0175,LISTA VERDE,0.17963034775104297
19870614,1987,greenacre_weighted_power_0175,OTHER_LISTS,0.133816660783977
19870614,1987,greenacre_weighted_power_0175,NON_VALID_OR_NON_VOTING,0.1333142459141306
19870614,1987,greenacre_weighted_power_0175,TERRITORIAL_LISTS,0.10486137075413042
19920405,1992,aitchison,LA RETE-MOV.DEM.,0.49863341961027896
19920405,1992,aitchison,TERRITORIAL_LISTS,0.2060738632913125
19920405,1992,aitchison,PSDI,0.048523813752416906
19920405,1992,aitchison,OTHER_LISTS,0.038178435333712867
19920405,1992,aitchison,LISTA PANNELLA,0.03242901639513874
19920405,1992,alpha_0150,LA RETE-MOV.DEM.,0.5131229073227361
19920405,1992,alpha_0150,TERRITORIAL_LISTS,0.17848648663293437
19920405,1992,alpha_0150,NON_VALID_OR_NON_VOTING,0.04400237338849131
19920405,1992,alpha_0150,OTHER_LISTS,0.037570000889671315
19920405,1992,alpha_0150,PSDI,0.03708587447492401
19920405,1992,euclidean,TERRITORIAL_LISTS,0.27294570694089626
19920405,1992,euclidean,PDS,0.217108748780552
19920405,1992,euclidean,NON_VALID_OR_NON_VOTING,0.17921624523196167
19920405,1992,euclidean,DC,0.14066291252416788
19920405,1992,euclidean,OTHER_LISTS,0.1008103339819506
19920405,1992,greenacre_unweighted_power_0150,LA RETE-MOV.DEM.,0.636857039547381
19920405,1992,greenacre_unweighted_power_0150,TERRITORIAL_LISTS,0.13825231306259617
19920405,1992,greenacre_unweighted_power_0150,PSDI,0.03040604100230116
19920405,1992,greenacre_unweighted_power_0150,OTHER_LISTS,0.030325616922365697
19920405,1992,greenacre_unweighted_power_0150,LISTA PANNELLA,0.028901716586397556
19920405,1992,greenacre_weighted_lra,TERRITORIAL_LISTS,0.47734951563112255
19920405,1992,greenacre_weighted_lra,LA RETE-MOV.DEM.,0.1813163761622118
19920405,1992,greenacre_weighted_lra,NON_VALID_OR_NON_VOTING,0.07650373048985072
19920405,1992,greenacre_weighted_lra,PDS,0.06526084439764175
19920405,1992,greenacre_weighted_lra,DC,0.05362598372425299
19920405,1992,greenacre_weighted_power_0175,TERRITORIAL_LISTS,0.3942294891531928
19920405,1992,greenacre_weighted_power_0175,LA RETE-MOV.DEM.,0.21761083376789692
19920405,1992,greenacre_weighted_power_0175,PDS,0.08120532423513942
19920405,1992,greenacre_weighted_power_0175,NON_VALID_OR_NON_VOTING,0.08116712738511328
19920405,1992,greenacre_weighted_power_0175,DC,0.05431446664915433
19940327,1994,aitchison,TERRITORIAL_LISTS,0.21132199979307226
19940327,1994,aitchison,PATTO SEGNI,0.14837292782275993
19940327,1994,aitchison,LISTA PANNELLA,0.11459635363778582
19940327,1994,aitchison,OTHER_LISTS,0.10604368373957251
19940327,1994,aitchison,ALLEANZA DEMOCRATICA,0.08570033333347075
19940327,1994,alpha_0150,TERRITORIAL_LISTS,0.20663939987581592
19940327,1994,alpha_0150,PATTO SEGNI,0.15124487901742864
19940327,1994,alpha_0150,LISTA PANNELLA,0.11346961132803084
19940327,1994,alpha_0150,OTHER_LISTS,0.0994807517393216
19940327,1994,alpha_0150,ALLEANZA DEMOCRATICA,0.08719864857810423
19940327,1994,euclidean,TERRITORIAL_LISTS,0.29069310385141356
19940327,1994,euclidean,NON_VALID_OR_NON_VOTING,0.24257145155016227
19940327,1994,euclidean,PDS,0.19280285477644263
19940327,1994,euclidean,FORZA ITALIA,0.10276907714738587
19940327,1994,euclidean,ALLEANZA NAZIONALE,0.06196841942220246
19940327,1994,greenacre_unweighted_power_0150,TERRITORIAL_LISTS,0.21800577033901544
19940327,1994,greenacre_unweighted_power_0150,PATTO SEGNI,0.16868175267228552
19940327,1994,greenacre_unweighted_power_0150,LISTA PANNELLA,0.11405602859177758
19940327,1994,greenacre_unweighted_power_0150,OTHER_LISTS,0.11224483755325879
19940327,1994,greenacre_unweighted_power_0150,ALLEANZA DEMOCRATICA,0.10519078300330129
19940327,1994,greenacre_weighted_lra,TERRITORIAL_LISTS,0.32498303792849664
19940327,1994,greenacre_weighted_lra,FORZA ITALIA,0.19454491377440217
19940327,1994,greenacre_weighted_lra,PATTO SEGNI,0.13524262412623664
19940327,1994,greenacre_weighted_lra,RIFONDAZIONE COMUNISTA,0.07380648067310908
19940327,1994,greenacre_weighted_lra,LISTA PANNELLA,0.0714115062787737
19940327,1994,greenacre_weighted_power_0175,TERRITORIAL_LISTS,0.30389155319093947
19940327,1994,greenacre_weighted_power_0175,PATTO SEGNI,0.15025285875835603
19940327,1994,greenacre_weighted_power_0175,FORZA ITALIA,0.13655104381270122
19940327,1994,greenacre_weighted_power_0175,LISTA PANNELLA,0.08368568305838037
19940327,1994,greenacre_weighted_power_0175,RIFONDAZIONE COMUNISTA,0.06806582282254119
19960421,1996,aitchison,TERRITORIAL_LISTS,0.4100570566271542
19960421,1996,aitchison,PANNELLA-SGARBI,0.20752491593649605
19960421,1996,aitchison,RINNOVAMENTO IT-DINI,0.15960134097769124
19960421,1996,aitchison,OTHER_LISTS,0.1273096987808248
19960421,1996,aitchison,NON_VALID_OR_NON_VOTING,0.01540323131729755
19960421,1996,alpha_0150,TERRITORIAL_LISTS,0.3861147969372848
19960421,1996,alpha_0150,PANNELLA-SGARBI,0.21664868096518136
19960421,1996,alpha_0150,RINNOVAMENTO IT-DINI,0.15990853589851936
19960421,1996,alpha_0150,OTHER_LISTS,0.12395150232214443
19960421,1996,alpha_0150,NON_VALID_OR_NON_VOTING,0.023110409162840507
19960421,1996,euclidean,TERRITORIAL_LISTS,0.33575825769734297
19960421,1996,euclidean,NON_VALID_OR_NON_VOTING,0.3153435022224283
19960421,1996,euclidean,PDS,0.2067458565224822
19960421,1996,euclidean,FORZA ITALIA,0.045050645104095545
19960421,1996,euclidean,ALLEANZA NAZIONALE,0.043966017461119354
19960421,1996,greenacre_unweighted_power_0150,TERRITORIAL_LISTS,0.37212752529276294
19960421,1996,greenacre_unweighted_power_0150,PANNELLA-SGARBI,0.25747489039193
19960421,1996,greenacre_unweighted_power_0150,RINNOVAMENTO IT-DINI,0.15078748063372246
19960421,1996,greenacre_unweighted_power_0150,OTHER_LISTS,0.13655534170098318
19960421,1996,greenacre_unweighted_power_0150,NON_VALID_OR_NON_VOTING,0.014794647297783167
19960421,1996,greenacre_weighted_lra,TERRITORIAL_LISTS,0.6434223242790652
19960421,1996,greenacre_weighted_lra,RINNOVAMENTO IT-DINI,0.10797393979682789
19960421,1996,greenacre_weighted_lra,PANNELLA-SGARBI,0.06646959241884765
19960421,1996,greenacre_weighted_lra,NON_VALID_OR_NON_VOTING,0.054213813553530485
19960421,1996,greenacre_weighted_lra,OTHER_LISTS,0.03921582188052789
19960421,1996,greenacre_weighted_power_0175,TERRITORIAL_LISTS,0.5540834193115448
19960421,1996,greenacre_weighted_power_0175,RINNOVAMENTO IT-DINI,0.1213882126403885
19960421,1996,greenacre_weighted_power_0175,PANNELLA-SGARBI,0.0909263887468663
19960421,1996,greenacre_weighted_power_0175,NON_VALID_OR_NON_VOTING,0.06755935760938508
19960421,1996,greenacre_weighted_power_0175,OTHER_LISTS,0.051975601503764866
20010513,2001,aitchison,TERRITORIAL_LISTS,0.7193955693378178
20010513,2001,aitchison,CCD-CDU,0.06648735966300919
20010513,2001,aitchison,OTHER_LISTS,0.06566775029556383
20010513,2001,aitchison,DEMOCRAZIA EUROPEA,0.03996051303618436
20010513,2001,aitchison,DEMOCRATICI SINISTRA,0.020822989212294255
20010513,2001,alpha_0150,TERRITORIAL_LISTS,0.7175209900328182
20010513,2001,alpha_0150,CCD-CDU,0.07395900609860045
20010513,2001,alpha_0150,OTHER_LISTS,0.04154474659492539
20010513,2001,alpha_0150,DEMOCRAZIA EUROPEA,0.03353529150187716
20010513,2001,alpha_0150,NON_VALID_OR_NON_VOTING,0.030269891276089502
20010513,2001,euclidean,NON_VALID_OR_NON_VOTING,0.33623623594204466
20010513,2001,euclidean,DEMOCRATICI SINISTRA,0.2426396718327085
20010513,2001,euclidean,TERRITORIAL_LISTS,0.1924385333418847
20010513,2001,euclidean,FORZA ITALIA,0.1040576169680771
20010513,2001,euclidean,LA MARGHERITA,0.04813140735320985
20010513,2001,greenacre_unweighted_power_0150,TERRITORIAL_LISTS,0.7939950629373587
20010513,2001,greenacre_unweighted_power_0150,CCD-CDU,0.05741925656275506
20010513,2001,greenacre_unweighted_power_0150,OTHER_LISTS,0.035112043757434395
20010513,2001,greenacre_unweighted_power_0150,DEMOCRAZIA EUROPEA,0.027366436803870024
20010513,2001,greenacre_unweighted_power_0150,DEMOCRATICI SINISTRA,0.01808810781105353
20010513,2001,greenacre_weighted_lra,TERRITORIAL_LISTS,0.7158751828475896
20010513,2001,greenacre_weighted_lra,NON_VALID_OR_NON_VOTING,0.06828794467818879
20010513,2001,greenacre_weighted_lra,DEMOCRATICI SINISTRA,0.06313766861451174
20010513,2001,greenacre_weighted_lra,CCD-CDU,0.04414432948836326
20010513,2001,greenacre_weighted_lra,OTHER_LISTS,0.023328858968854012
20010513,2001,greenacre_weighted_power_0175,TERRITORIAL_LISTS,0.657604363440432
20010513,2001,greenacre_weighted_power_0175,NON_VALID_OR_NON_VOTING,0.08240563791849051
20010513,2001,greenacre_weighted_power_0175,DEMOCRATICI SINISTRA,0.08064413465207874
20010513,2001,greenacre_weighted_power_0175,CCD-CDU,0.048008717115618355
20010513,2001,greenacre_weighted_power_0175,ALLEANZA NAZIONALE,0.023253912019588003
20060409,2006,aitchison,TERRITORIAL_LISTS,0.5167252524543946
20060409,2006,aitchison,U.D.EUR POPOLARI,0.2532426555766025
20060409,2006,aitchison,COMUNISTI ITALIANI,0.03391339974282387
20060409,2006,aitchison,FEDERAZIONE DEI VERDI,0.03090874319751565
20060409,2006,aitchison,RIFONDAZIONE COMUNISTA,0.02530140683939763
20060409,2006,alpha_0150,TERRITORIAL_LISTS,0.5072799019029247
20060409,2006,alpha_0150,U.D.EUR POPOLARI,0.201989356921496
20060409,2006,alpha_0150,L'ULIVO,0.04572794392416254
20060409,2006,alpha_0150,COMUNISTI ITALIANI,0.032035575289947556
20060409,2006,alpha_0150,NON_VALID_OR_NON_VOTING,0.030857626188576064
20060409,2006,euclidean,L'ULIVO,0.3325498572867251
20060409,2006,euclidean,TERRITORIAL_LISTS,0.2846236807072388
20060409,2006,euclidean,NON_VALID_OR_NON_VOTING,0.19071882897810646
20060409,2006,euclidean,FORZA ITALIA,0.0913318898103719
20060409,2006,euclidean,ALLEANZA NAZIONALE,0.0336005552644759
20060409,2006,greenacre_unweighted_power_0150,TERRITORIAL_LISTS,0.5075082440207291
20060409,2006,greenacre_unweighted_power_0150,U.D.EUR POPOLARI,0.2373289062550833
20060409,2006,greenacre_unweighted_power_0150,COMUNISTI ITALIANI,0.032699673242909386
20060409,2006,greenacre_unweighted_power_0150,L'ULIVO,0.031638472654698796
20060409,2006,greenacre_unweighted_power_0150,FEDERAZIONE DEI VERDI,0.028822235570772212
20060409,2006,greenacre_weighted_lra,TERRITORIAL_LISTS,0.55414039312578
20060409,2006,greenacre_weighted_lra,L'ULIVO,0.0970717160780315
20060409,2006,greenacre_weighted_lra,NON_VALID_OR_NON_VOTING,0.08992311657107398
20060409,2006,greenacre_weighted_lra,U.D.EUR POPOLARI,0.08090166229994586
20060409,2006,greenacre_weighted_lra,FORZA ITALIA,0.04165728934483824
20060409,2006,greenacre_weighted_power_0175,TERRITORIAL_LISTS,0.4949915468656765
20060409,2006,greenacre_weighted_power_0175,L'ULIVO,0.11315497913042237
20060409,2006,greenacre_weighted_power_0175,NON_VALID_OR_NON_VOTING,0.10124789524231746
20060409,2006,greenacre_weighted_power_0175,U.D.EUR POPOLARI,0.08709361946107774
20060409,2006,greenacre_weighted_power_0175,FORZA ITALIA,0.04734584072930299
20080413,2008,aitchison,TERRITORIAL_LISTS,0.6938497399304825
20080413,2008,aitchison,DI PIETRO ITALIA DEI VALORI,0.050965405501898556
20080413,2008,aitchison,UNIONE DI CENTRO,0.04997510624648019
20080413,2008,aitchison,NON_VALID_OR_NON_VOTING,0.04131124969514163
20080413,2008,aitchison,LA DESTRA - FIAMMA TRICOLORE,0.04000951133643974
20080413,2008,alpha_0150,TERRITORIAL_LISTS,0.6616373878067128
20080413,2008,alpha_0150,NON_VALID_OR_NON_VOTING,0.060739042054757594
20080413,2008,alpha_0150,PARTITO DEMOCRATICO,0.05590854624126463
20080413,2008,alpha_0150,DI PIETRO ITALIA DEI VALORI,0.05222947991527235
20080413,2008,alpha_0150,UNIONE DI CENTRO,0.046924348341043115
20080413,2008,euclidean,TERRITORIAL_LISTS,0.39898139341722405
20080413,2008,euclidean,PARTITO DEMOCRATICO,0.26446627836392245
20080413,2008,euclidean,NON_VALID_OR_NON_VOTING,0.16223288469913646
20080413,2008,euclidean,IL POPOLO DELLA LIBERTA',0.12727445171039614
20080413,2008,euclidean,DI PIETRO ITALIA DEI VALORI,0.02941676546879918
20080413,2008,greenacre_unweighted_power_0150,TERRITORIAL_LISTS,0.6808379865528067
20080413,2008,greenacre_unweighted_power_0150,DI PIETRO ITALIA DEI VALORI,0.055916685996258396
20080413,2008,greenacre_unweighted_power_0150,NON_VALID_OR_NON_VOTING,0.048516615841358524
20080413,2008,greenacre_unweighted_power_0150,UNIONE DI CENTRO,0.0480435652858364
20080413,2008,greenacre_unweighted_power_0150,PARTITO DEMOCRATICO,0.043798071087981144
20080413,2008,greenacre_weighted_lra,TERRITORIAL_LISTS,0.7048865315154436
20080413,2008,greenacre_weighted_lra,PARTITO DEMOCRATICO,0.09558619109947897
20080413,2008,greenacre_weighted_lra,NON_VALID_OR_NON_VOTING,0.0729361980622889
20080413,2008,greenacre_weighted_lra,IL POPOLO DELLA LIBERTA',0.05247305702268075
20080413,2008,greenacre_weighted_lra,DI PIETRO ITALIA DEI VALORI,0.02323294652789264
20080413,2008,greenacre_weighted_power_0175,TERRITORIAL_LISTS,0.6592279746556383
20080413,2008,greenacre_weighted_power_0175,PARTITO DEMOCRATICO,0.11101651850570142
20080413,2008,greenacre_weighted_power_0175,NON_VALID_OR_NON_VOTING,0.08356878267138648
20080413,2008,greenacre_weighted_power_0175,IL POPOLO DELLA LIBERTA',0.056211934500392656
20080413,2008,greenacre_weighted_power_0175,DI PIETRO ITALIA DEI VALORI,0.0316692761424388
20130224,2013,aitchison,TERRITORIAL_LISTS,0.4069377411298355
20130224,2013,aitchison,FRATELLI D'ITALIA,0.20098478013542057
20130224,2013,aitchison,FARE PER FERMARE IL DECLINO,0.11984493162989714
20130224,2013,aitchison,OTHER_LISTS,0.06216381898283141
20130224,2013,aitchison,UNIONE DI CENTRO,0.05403908912439271
20130224,2013,alpha_0150,TERRITORIAL_LISTS,0.3975772137895668
20130224,2013,alpha_0150,FRATELLI D'ITALIA,0.21627414668869735
20130224,2013,alpha_0150,FARE PER FERMARE IL DECLINO,0.07914067574212767
20130224,2013,alpha_0150,OTHER_LISTS,0.057232303534474824
20130224,2013,alpha_0150,UNIONE DI CENTRO,0.045039351629994534
20130224,2013,euclidean,NON_VALID_OR_NON_VOTING,0.3023343054911658
20130224,2013,euclidean,TERRITORIAL_LISTS,0.2507193497012439
20130224,2013,euclidean,PARTITO DEMOCRATICO,0.24211055880394108
20130224,2013,euclidean,MOVIMENTO 5 STELLE BEPPEGRILLO.IT,0.09330356861547331
20130224,2013,euclidean,IL POPOLO DELLA LIBERTA',0.05396723553261566
20130224,2013,greenacre_unweighted_power_0150,TERRITORIAL_LISTS,0.40022920282672075
20130224,2013,greenacre_unweighted_power_0150,FRATELLI D'ITALIA,0.2335349291434291
20130224,2013,greenacre_unweighted_power_0150,FARE PER FERMARE IL DECLINO,0.0941894229039429
20130224,2013,greenacre_unweighted_power_0150,OTHER_LISTS,0.05609482922868699
20130224,2013,greenacre_unweighted_power_0150,UNIONE DI CENTRO,0.048530726678370266
20130224,2013,greenacre_weighted_lra,TERRITORIAL_LISTS,0.45856023131009793
20130224,2013,greenacre_weighted_lra,PARTITO DEMOCRATICO,0.10428333727485488
20130224,2013,greenacre_weighted_lra,NON_VALID_OR_NON_VOTING,0.10376279932727128
20130224,2013,greenacre_weighted_lra,FRATELLI D'ITALIA,0.09053728516962385
20130224,2013,greenacre_weighted_lra,MOVIMENTO 5 STELLE BEPPEGRILLO.IT,0.04481718616415717
20130224,2013,greenacre_weighted_power_0175,TERRITORIAL_LISTS,0.4179802590254819
20130224,2013,greenacre_weighted_power_0175,PARTITO DEMOCRATICO,0.11805423736096136
20130224,2013,greenacre_weighted_power_0175,NON_VALID_OR_NON_VOTING,0.11365525263612274
20130224,2013,greenacre_weighted_power_0175,FRATELLI D'ITALIA,0.08794356504310574
20130224,2013,greenacre_weighted_power_0175,SCELTA CIVICA CON MONTI PER L'ITALIA,0.04896721372485049
20180304,2018,aitchison,TERRITORIAL_LISTS,0.6899194107308676
20180304,2018,aitchison,NOI CON L'ITALIA - UDC,0.0741768457512547
20180304,2018,aitchison,LEGA,0.05411667816762777
20180304,2018,aitchison,+EUROPA,0.03022132598741421
20180304,2018,aitchison,POTERE AL POPOLO!,0.02884254374240337
20180304,2018,alpha_0150,TERRITORIAL_LISTS,0.667024490036322
20180304,2018,alpha_0150,LEGA,0.07401678528029026
20180304,2018,alpha_0150,NOI CON L'ITALIA - UDC,0.049998188046044986
20180304,2018,alpha_0150,MOVIMENTO 5 STELLE,0.04792671811963671
20180304,2018,alpha_0150,NON_VALID_OR_NON_VOTING,0.031127513054535084
20180304,2018,euclidean,LEGA,0.34309371633883473
20180304,2018,euclidean,MOVIMENTO 5 STELLE,0.21593189034809374
20180304,2018,euclidean,NON_VALID_OR_NON_VOTING,0.19965507087981696
20180304,2018,euclidean,PARTITO DEMOCRATICO,0.13960046415245758
20180304,2018,euclidean,TERRITORIAL_LISTS,0.05363061829985664
20180304,2018,greenacre_unweighted_power_0150,TERRITORIAL_LISTS,0.9256643532064796
20180304,2018,greenacre_unweighted_power_0150,NOI CON L'ITALIA - UDC,0.014825260108006628
20180304,2018,greenacre_unweighted_power_0150,LEGA,0.01479934616571737
20180304,2018,greenacre_unweighted_power_0150,MOVIMENTO 5 STELLE,0.008589633182023968
20180304,2018,greenacre_unweighted_power_0150,FORZA ITALIA,0.006117465964577287
20180304,2018,greenacre_weighted_lra,LEGA,0.404191406227479
20180304,2018,greenacre_weighted_lra,TERRITORIAL_LISTS,0.15963307646096683
20180304,2018,greenacre_weighted_lra,MOVIMENTO 5 STELLE,0.12026117531963053
20180304,2018,greenacre_weighted_lra,PARTITO DEMOCRATICO,0.09374360398545338
20180304,2018,greenacre_weighted_lra,NON_VALID_OR_NON_VOTING,0.09136094957613383
20180304,2018,greenacre_weighted_power_0175,LEGA,0.36459326886166504
20180304,2018,greenacre_weighted_power_0175,TERRITORIAL_LISTS,0.20779872245340864
20180304,2018,greenacre_weighted_power_0175,MOVIMENTO 5 STELLE,0.11617595598065243
20180304,2018,greenacre_weighted_power_0175,PARTITO DEMOCRATICO,0.09722657226318339
20180304,2018,greenacre_weighted_power_0175,NON_VALID_OR_NON_VOTING,0.08558908634680505
20220925,2022,aitchison,TERRITORIAL_LISTS,0.6937395525856058
20220925,2022,aitchison,ITALEXIT PER L'ITALIA,0.05947076081057644
20220925,2022,aitchison,MOVIMENTO 5 STELLE,0.04534740476327788
20220925,2022,aitchison,OTHER_LISTS,0.03382701286713299
20220925,2022,aitchison,LEGA PER SALVINI PREMIER,0.026253896398123013
20220925,2022,alpha_0150,TERRITORIAL_LISTS,0.6514855583513384
20220925,2022,alpha_0150,ITALEXIT PER L'ITALIA,0.08502613800033701
20220925,2022,alpha_0150,MOVIMENTO 5 STELLE,0.05688474386363632
20220925,2022,alpha_0150,LEGA PER SALVINI PREMIER,0.030467146885458898
20220925,2022,alpha_0150,OTHER_LISTS,0.027773338140036546
20220925,2022,euclidean,NON_VALID_OR_NON_VOTING,0.3831413066268761
20220925,2022,euclidean,FRATELLI D'ITALIA CON GIORGIA MELONI,0.16967802730706422
20220925,2022,euclidean,MOVIMENTO 5 STELLE,0.1441109843219828
20220925,2022,euclidean,PARTITO DEMOCRATICO - ITALIA DEMOCRATICA E PROGRESSISTA,0.1212628354993104
20220925,2022,euclidean,TERRITORIAL_LISTS,0.07297689751887966
20220925,2022,greenacre_unweighted_power_0150,TERRITORIAL_LISTS,0.9125402251859739
20220925,2022,greenacre_unweighted_power_0150,ITALEXIT PER L'ITALIA,0.0251857145003189
20220925,2022,greenacre_unweighted_power_0150,MOVIMENTO 5 STELLE,0.01238280977664991
20220925,2022,greenacre_unweighted_power_0150,OTHER_LISTS,0.007807897768348245
20220925,2022,greenacre_unweighted_power_0150,LEGA PER SALVINI PREMIER,0.007109888622858931
20220925,2022,greenacre_weighted_lra,TERRITORIAL_LISTS,0.2896591740632149
20220925,2022,greenacre_weighted_lra,MOVIMENTO 5 STELLE,0.1538754347396462
20220925,2022,greenacre_weighted_lra,NON_VALID_OR_NON_VOTING,0.09827472758128886
20220925,2022,greenacre_weighted_lra,FRATELLI D'ITALIA CON GIORGIA MELONI,0.09731698205878991
20220925,2022,greenacre_weighted_lra,LEGA PER SALVINI PREMIER,0.07950418218959646
20220925,2022,greenacre_weighted_power_0175,TERRITORIAL_LISTS,0.32557440262267173
20220925,2022,greenacre_weighted_power_0175,MOVIMENTO 5 STELLE,0.14063396800200095
20220925,2022,greenacre_weighted_power_0175,FRATELLI D'ITALIA CON GIORGIA MELONI,0.09138970964003214
20220925,2022,greenacre_weighted_power_0175,NON_VALID_OR_NON_VOTING,0.08992986338213027
20220925,2022,greenacre_weighted_power_0175,PARTITO DEMOCRATICO - ITALIA DEMOCRATICA E PROGRESSISTA,0.0755232626647255
